external_id,eng_name,name_ko,short_name_ko
2,M. Hitz,마빈 히츠,히츠
5,M. Akanji,마누엘 아칸지,아칸지
6,L. Balerdi,레오나르도 발레르디,발레르디
7,A. Diallo,압두 디알로,디알로
8,Raphaël Guerreiro,하파엘 게레이루,게레이루
9,A. Hakimi,아슈라프 하키미,하키미
13,D. Zagadou,당악셀 자가두,자가두
14,M. Dahoud,마흐무드 다후드,다후드
15,T. Delaney,토마스 델라니,델라니
16,M. Götze,마리오 괴체,괴체
17,C. Pulišić,크리스찬 마테 푸리시치,푸리시치
18,J. Sancho,제이든 산초,산초
19,J. Weigl,율리안 바이글,바이글
20,A. Witsel,악셀 비첼,비첼
22,J. Bruun Larsen,야콥 브룬 라르센,브룬 라르센
24,M. Philipp,막시밀리안 필리프,필리프
25,M. Reus,마르코 로이스,로이스
29,J. Oblak,얀 오블라크,오블라크
30,S. Arias,산티아고 아리아스 나란호,아리아스
31,J. Giménez,호세 마리아 히메네스,히메네스
32,D. Godín,디에고 고딘,고딘
33,L. Hernández,루카스 프랑수아 베르나르 에르난데스,에르난데스
37,N. Pérez,파트리시오 페레스,페레스
44,Rodri,로드리,로드리
49,T. Partey,토머스 파티,파티
50,Koke,코케,코케
53,Á. Correa,앙헬 코레아,코레아
56,A. Griezmann,앙투안 그리즈만,그리즈만
59,Álvaro Morata,알바로 모라타,모라타
62,E. Horvath,이선 호바스,호바스
64,K. Letica,카를로 레티차,레티차
68,Clinton Mata,클린통 마타,마타
69,B. Mechele,브랜던 메헬러,메헬러
74,S. Amrabat,소피안 암라바트,암라바트
76,M. Nakamba,마블러스 나캄바,나캄바
77,M. Rits,마츠 리츠,리츠
78,H. Vanaken,한스 바나켄,바나켄
81,K. Diatta,크레핀 디아타,디아타
82,N. Fadiga,노아 파디가,파디가
83,A. Danjuma,아르나우트 단주마,단주마
86,L. Openda,이코마-로이스 오펜다,오펜다
87,K. Rezaei,카베흐 레즈아아이,레즈아아이
95,B. Badiashile,베누아 땀부 비아디아실레 무키나이 바야,비아디아실레
97,K. Glik,카밀 글리크,글리크
98,B. Henrichs,베냐민 헨릭스,헨릭스
99,R. Pierre-Gabriel,로나에르 주우리느 피르레-가브리엘,피르레-가브리엘
105,F. Ballo-Touré,포데 발로투레,발로투레
107,S. Diop,소피안 디옵,디옵
109,A. Golovin,알렉산드르 골로빈,골로빈
113,G. Nkoudou,조르주케뱅 은쿠두,은쿠두
116,K. Thuram,케프렌 튀람,튀람
118,Gelson Martins,젤송 마르틴스,마르틴스
124,J. Cillessen,야스퍼르 실레선,실레선
126,Iñaki Peña,이냐키 페냐,페냐
127,M. ter Stegen,마르크안드레 테어 슈테겐,슈테겐
128,Jordi Alba,호르디 알바,알바
130,Nélson Semedo,넬송 세메두,세메두
131,Jorge Cuenca,호르헤 쿠엔카,쿠엔카
133,C. Lenglet,클레망 랑글레,랑글레
134,Juan Miranda,후안 미란다,미란다
138,J. Todibo,장클레르 토디보,토디보
141,M. Wagué,무사 와귀에,와귀에
144,Sergio Busquets,세르히오 부스케츠,부스케츠
147,Philippe Coutinho,필리피 쿠티뉴,쿠티뉴
150,Arthur,아르투르 멜루,멜루
153,O. Dembélé,우스만 뎀벨레,뎀벨레
154,L. Messi,리오넬 메시,메시
156,Malcom,마우콩,마우콩
157,L. Suárez,루이스 알베르토 수아레스,수아레스
159,H. Lloris,위고 요리스,요리스
162,T. Alderweireld,토비 알데르베이럴트,알데르베이럴트
164,B. Davies,벤 데이비스,데이비스
166,J. Foyth,후안 포이스,포이스
168,D. Sánchez,다빈손 산체스,산체스
169,K. Trippier,키어런 트리피어,트리피어
170,J. Vertonghen,얀 베르통헨,베르통헨
171,K. Walker-Peters,카일 워커피터스,워커피터스
173,L. Amos,루크 아모스,아모스
174,C. Eriksen,크리스티안 에릭센,에릭센
175,E. Dier,에릭 다이어,다이어
178,Lucas Moura,루카스 모우라,모우라
179,M. Sissoko,무사 시소코,시소코
180,O. Skipp,올리버 스킵,스킵
182,H. Winks,해리 윙크스,윙크스
183,V. Janssen,빈센트 얀선,얀선
184,H. Kane,해리 케인,케인
186,Son Heung-Min,손흥민,손흥민
190,Cédric Soares,세드릭 소아레스,소아레스
194,S. de Vrij,스테판 더 프레이,프레이
195,Miranda,미란다,미란다
198,M. Škriniar,밀란 슈크리니아르,슈크리니아르
199,Šime Vrsaljko,시메 브르살코,브르살코
201,M. Brozović,마르첼로 브로조비치,브로조비치
206,João Mário,주앙 마리우,마리우
207,I. Perišić,이반 페리시치,페리시치
211,M. Vecino,마티아스 베치노 파레로,베치노
213,K. Baldé,케이타 발데 디아오,디아오
215,S. Esposito,세바스티아노 에스포지토,에스포지토
216,M. Icardi,마우로 이카르디,이카르디
217,Lautaro Martínez,라우타로 마르티네스,마르티네스
219,M. Politano,마테오 폴리타노,폴리타노
221,E. Room,엘로이 롬,롬
225,A. Behich,아지즈 베히치,베히치
226,D. Dumfries,덴절 둠프리스,둠프리스
227,Angeliño,앙헬리뇨,앙헬리뇨
228,A. Obispo,아르만도 오비스포,오비스포
229,T. Sainsbury,트렌트 세인스버리,세인스버리
231,J. Teze,조던 테제,테제
232,N. Viergever,닉 비에르허,닉
233,Mauro Júnior,마우로 주니어,주니어
234,É. Gutiérrez,에리크 구티에레스,구티에레스
237,G. Pereiro,가스토느 로드리고 페라이로 로페스,페라이로
240,P. Rosario,파블로 파울리노 로사리오,로사리오
241,M. Sadílek,미할 사딜레크,사딜레크
243,Z. Aboukhlal,자카리아 아부클랄,아부클랄
244,S. Bergwijn,스테번 베르흐베인,베르흐베인
246,L. de Jong,뤽 더 용,용
247,C. Gakpo,코디 각포,각포
248,H. Lozano,이르빙 로사노,로사노
249,D. Malen,도니얼 말런,말런
250,J. Piroe,요엘 피루,피루
253,A. Areola,알퐁스 아레올라,아레올라
256,Dani Alves,다니 아우베스,아우베스
257,Marquinhos,마르쿠스 아오아스 코헤아,코헤아
258,Juan Bernat,후안 베르나트,베르나트
259,Thiago Silva,치아구 시우바,시우바
261,T. Kehrer,얀 틸로 케러,케러
262,P. Kimpembe,프레스넬 킴펨베,킴펨베
264,T. Meunier,토마스 뫼니에,뫼니에
266,Á. Di María,앙헬 디 마리아,마리아
267,J. Draxler,율리안 드락슬러,드락슬러
269,C. Nkunku,크리스토페르 은쿤쿠,은쿤쿠
271,L. Paredes,레안드로 파레데스,파레데스
272,A. Rabiot,아드리앙 라비오,라비오
274,E. Cavani,에딘손 카바니,카바니
275,E. Choupo-Moting,에릭 막심 추포 모팅,추포 모팅
276,Neymar,네이마르,네이마르
277,M. Diaby,무사 디아비,디아비
278,Kylian Mbappé,킬리안 음바페,음바페
280,Alisson Becker,알리송 베케르,알리송
281,C. Kelleher,퀴빈 켈러허,켈러허
282,S. Mignolet,시몬 미뇰레,미뇰레
283,T. Alexander-Arnold,트렌트 알렉산더아널드,알렉산더아널드
284,J. Gomez,후안 고메즈,고메즈
285,K. Hoever,키-자나 호에버,호에버
287,D. Lovren,데얀 로브렌,로브렌
289,A. Robertson,앤디 로버트슨,로버트슨
290,V. van Dijk,버질 반 다이크,반 다이크
292,J. Henderson,조던 헨더슨,헨더슨
293,C. Jones,커티스 존스,존스
294,N. Keïta,나비 케이타,케이타
296,J. Milner,제임스 밀너,밀너
297,A. Oxlade-Chamberlain,알렉산더 마크 데이비드 옥슬레이드-챔버레인,옥슬레이드
299,Fabinho,파비뉴,파비뉴
300,G. Wijnaldum,조르지니오 베이날뒴,베이날뒴
301,B. Woodburn,벤자민 루크 우드번,우드번
302,Roberto Firmino,호베르투 피르미누,피르미누
303,R. Brewster,리안 브루스터,브루스터
304,S. Mané,사디오 마네,마네
305,D. Origi,디보크크 오코트 오리기,오코트
306,Mohamed Salah,모하메드 살라,살라
307,X. Shaqiri,제르단 샤키리,샤키리
312,A. Meret,알렉스 메렛,메렛
313,D. Ospina,다비드 오스피나,오스피나
315,V. Chiricheș,블라드 크리케슈,크리케슈
318,K. Koulibaly,칼리두 쿨리발리,쿨리발리
322,Mário Rui,마리우 실바,실바
326,Allan,알랑 마르케스 로레이루,로레이루
328,Fabián Ruiz,파비안 루이스,루이스
329,P. Zieliński,피오트르 지엘린스키,지엘린스키
332,D. Mertens,드리스 메르턴스,메르턴스
333,A. Milik,아르카디우시 밀리크,밀리크
336,M. Borjan,밀란 보르얀,보르얀
340,S. Babić,스르잔 바비치,바비치
349,A. Terzić,알렉사 테르지치,테르지치
353,M. Ivanić,미르코 이바니치,이바니치
360,V. Simić,베류코 시미츠,시미츠
363,R. Boakye,리치먼드 보아케,보아케
364,D. Joveljić,데이아느 이오베류이츠,이오베류이츠
369,Diogo Costa,디오구 코스타,코스타
371,Felipe,펠리피 몬테이루,몬테이루
372,Éder Militão,에데르 밀리탕,밀리탕
373,Pepe,조제 마시아,마시아
375,C. Mbemba,찬셀 엠벰바 만구루,엠벰바
378,Alex Telles,알렉스 텔레스,텔레스
380,Otávio,오타비우,오타비우
381,Danilo Pereira,다닐루 페레이라,페레이라
382,H. Herrera,엑토르 미겔 에레라,에레라
384,M. Loum,마마두 룸,룸
386,V. Aboubakar,뱅상 아부바카르,아부바카르
389,J. Corona,호세 데 헤수스 코로나,코로나
394,M. Mouandilmadji,마리우스 무안딜마지,무안딜마지
399,A. Nübel,알렉산더 뉘벨,뉘벨
403,M. Nastasić,마티야 나스타시치,나스타시치
406,Salif Sané,살리프 사네,사네
409,N. Bentaleb,나빌 벤탈렙,벤탈렙
412,A. Harit,아민 하리트,하리트
415,W. McKennie,웨스턴 맥케니,맥케니
417,A. Schöpf,알레산드로 쇠프,쇠프
421,B. Embolo,브릴 엠볼로,엠볼로
422,A. Kutucu,아흐메드 쿠투쥬,쿠투쥬
423,R. Matondo,라브비 마토느도,마토느도
427,H. Wright,하지 라이트,라이트
429,F. Muslera,페르난도 무슬레라,무슬레라
430,B. Şen,비샨,비샨
440,Y. Nagatomo,나가토모 유토,유토
445,Y. Belhanda,유네스 벨랑다,벨랑다
451,B. Ndiaye,바두 은디아예,은디아예
453,C. Yüksel,제릴 유크셀,유크셀
454,Y. Akgün,유누스 아크귄,아크귄
458,M. Diagne,음바예 디아뉴,디아뉴
481,G. Krychowiak,그제고시 크리호비아크,크리호비아크
483,K. Kvaratskhelia,흐비차 크바라츠헬리아,크바라츠헬리아
488,M. Rybus,마치에이 리부스,리부스
497,M. Neuer,마누엘 노이어,노이어
498,S. Ulreich,스벤 울라이히,울라이히
502,J. Kimmich,요주아 키미히,키미히
503,L. Mai,라르스 루카스 마이,마이
505,D. Alaba,다비트 알라바,알라바
506,N. Süle,니클라스 쥘레,쥘레
507,Thiago Alcântara,티아고 알칸타라,알칸타라
508,K. Coman,킹슬레 코망,코망
509,A. Davies,알폰소 데이비스,데이비스
510,S. Gnabry,세르주 그나브리,그나브리
511,L. Goretzka,레온 고레츠카,고레츠카
512,Jeong Woo-Yeong,정우영,정우영
513,Renato Sanches,헤나투 산체스,산체스
517,J. Rodríguez,제임스 다비드 로드리게스 루비오,로드리게스
519,C. Tolisso,코랑탱 톨리소,톨리소
521,R. Lewandowski,로베르트 레반도프스키,레반도프스키
522,T. Müller,토마스 뮐러,뮐러
524,D. Kotarski,도미니크 코타르스키,코타르스키
526,A. Onana,앙드레 오나나,오나나
529,N. Tagliafico,니콜라스 탈리아피코,탈리아피코
530,M. Bakker,미첼 바커,바커
531,D. Blind,데일리 블린트,블린트
532,M. de Ligt,마테이스 더 리흐트,리흐트
533,R. Kristensen,라스무스 크리스텐센,크리스텐센
537,J. Veltman,제프리 펠트만,펠트만
538,F. de Jong,프렝키 더 용,용
539,D. de Wit,다니 데 빗,데 빗
542,R. Gravenberch,라이언 흐라벤베르흐,흐라벤베르흐
544,N. Lang,노아 랑,랑
545,N. Mazraoui,누사이르 마즈라위,마즈라위
548,H. Ziyech,하킴 지예시,지예시
549,V. Černý,바츨라프 체르니,체르니
550,K. Dolberg,카스페르 돌베르,돌베르
552,David Neres,다비드 네리스,네리스
553,Danilo,다닐루,다닐루
554,D. Tadić,두샨 타디치,타디치
555,L. Traoré,라시나 트라오레,트라오레
556,M. Svilar,밀레 스빌라르,스빌라르
563,Álex Grimaldo,알렉스 그리말도,그리말도
565,Yuri Ribeiro,유리 올리베이라 리베이로,리베이로
567,Rúben Dias,루벤 디아스,디아스
569,Gedson Fernandes,제드송 페르난드스,페르난드스
570,F. Cervi,프랑코 에마뉴엘 체르비,체르비
573,Rafa,하파에우 다 시우바,시우바
575,Florentino,플로렌티노,플로렌티노
576,E. Salvio,에두아르도 살비오,살비오
578,A. Taarabt,아델 타랍,타랍
579,A. Živković,안드리야 지브코비치,지브코비치
582,H. Seferović,하리스 세페로비치,세페로비치
583,João Félix,주앙 펠리스,펠리스
584,V. Barkas,바실리스 코넬리우스 바르카스,바르카스
596,Hélder Lopes,흐에르데르 피리페 오리바이라 로페스,오리바이라
600,G. Botos,이오아느니스-포이보스 보토스,보토스
607,A. Bakasetas,아나스타시오스 바카세타스,바카세타스
608,L. Boyé,루카스 보예,보예
611,M. Livaja,마르코 리바야,리바야
615,D. Grimshaw,다니엘 제임스 그림쇼,그림쇼
616,A. Murić,아리이아네트 무리크,무리크
617,Ederson,에데르송,에데르송
618,Danilo,다닐루 루이스 다 시우바,시우바
619,Eric García,에릭 가르시아,가르시아
620,C. Humphreys,캐머런 리스셔스 험프리스-그란트,험프리스
622,Aymeric Laporte,에므리크 라포르트,라포르트
624,N. Otamendi,니콜라스 오타멘디,오타멘디
626,J. Stones,존 스톤즈,스톤즈
627,K. Walker,카일 워커,워커
629,K. De Bruyne,케빈 더 브라위너,브라위너
631,P. Foden,필 포든,포든
633,İ. Gündoğan,일카이 귄도간,귄도간
635,R. Mahrez,리야드 마흐레즈,마흐레즈
636,Bernardo Silva,베르나르두 실바,베르나르두
637,F. Nmecha,펠릭스 은메차,은메차
638,I. Poveda,이안 카를로 포베다-오캄포,포베다
639,T. Richards,타이로르 지에로메 리치아르드스,리치아르드스
641,O. Zinchenko,오렉사드르 진첸코,진첸코
642,S. Agüero,세르히오 아구에로,아구에로
643,Gabriel Jesus,가브리엘 제주스,제주스
644,L. Sané,리로이 자네,자네
645,R. Sterling,라힘 스털링,스털링
647,Anthony Lopes,아느트흐오니 로페스,로페스
649,J. Denayer,제이슨 데나이어,데나이어
650,L. Dubois,레오 뒤부아,뒤부아
653,F. Mendy,페를랑 멘디,멘디
657,K. Tete,케네디 테테,테테
658,H. Aouar,우셈 아우아르,아우아르
660,Pape Cheikh,파페 셰이크 디오프,디오프
662,T. Ndombélé,탕위 엔돔벨레 알바로,엔돔벨레
663,M. Terrier,마르탱 테리에,테리에
665,M. Cornet,그날리 막스웰 코르네,막스웰 코르네
667,M. Depay,멤피스 디페이,디페이
671,B. Traoré,베른트란 트라오레,트라오레
675,A. Trubin,아나톨리 트루빈,트루빈
676,V. Bondar,바레리이 보느다르,보느다르
682,M. Matvienko,미콜라 마트비옌코,마트비옌코
684,Taison,타이송,타이송
691,Tetê,테테,테테
697,M. Solomon,마노르 솔로몬,솔로몬
702,O. Baumann,올리버 바우만,바우만
705,E. Bičakčić,에르민 비착치치,비착치치
706,J. Brenet,요슈아 벤자민 브레넷,브레넷
710,K. Adams,카심 누후,누후
711,S. Posch,슈테판 포슈,포슈
715,C. Baumgartner,크리스토프 바움가르트너,바움가르트너
718,D. Geiger,데느니스 가이게르,가이게르
719,F. Grillitsch,플로리안 그릴리치,그릴리치
723,Joelinton,조엘린통,조엘린통
726,A. Kramarić,안드레이 크라마리치,크라마리치
727,R. Nelson,리스 넬슨,넬슨
730,T. Courtois,티보 쿠르투아,쿠르투아
731,K. Navas,케일로르 나바스,나바스
732,L. Zidane,루카 지네딘 지다네 페르난데스,페르난데스
733,Dani Carvajal,다니엘 카르바할,카르바할
735,Nacho,나초 페르난데스,페르난데스
736,Fran García,프란 가르시아,가르시아
742,R. Varane,라파엘 바란,바란
744,Brahim Díaz,브라힘 디아스,디아스
745,Isco,이스코,이스코
746,Marco Asensio,마르코 아센시오,아센시오
747,Casemiro,카세미루,카세미루
748,Dani Ceballos,다니 세바요스,세바요스
750,Álvaro Fidalgo,알바로 페르난데스,페르난데스
753,Marcos Llorente,마르코스 요렌테,요렌테
754,L. Modrić,루카 모드리치,모드리치
756,F. Valverde,페데리코 발베르데,발베르데
757,Lucas Vázquez,루카스 바스케스,바스케스
758,G. Bale,가레스 베일,베일
759,K. Benzema,카림 벤제마,벤제마
762,Vinícius Júnior,비니시우스 주니어,주니어
766,R. Olsen,로빈 올센,올센
774,Juan Jesus,주앙 길헤르미 누네스 제수스,제수스
777,A. Ćorić,안테 초리치,초리치
778,B. Cristante,브리안 크리스탄테,크리스탄테
780,S. Nzonzi,스티븐 은존지,은존지
782,L. Pellegrini,로렌초 펠레그리니,펠레그리니
785,C. Ünder,젱기즈 윈데르,윈데르
786,N. Zaniolo,니콜로 차니올로,차니올로
788,Ž. Celar,즈아느 츠에라르,츠에라르
790,E. Džeko,에딘 제코,제코
791,S. El Shaarawy,스테판 카림 엘 샤라위,샤라위
792,J. Kluivert,저스틴 클라위버르트,클라위버르트
794,P. Schick,파트리크 시크,시크
799,M. Havel,밀란 하벨,하벨
800,L. Hejda,루카스 흐에이다,흐에이다
807,P. Hrošovský,파트리크 흐로쇼우스키,흐로쇼우스키
810,J. Kopic,이아느 코피츠,코피츠
815,R. Procházka,로마느 프로흐아즈카,프로흐아즈카
818,T. Chorý,토마스 호리,호리
829,Rodrigo Becão,호드리구 베캉,베캉
833,J. Bijol,야카 비욜,비욜
840,A. Sigurðsson,아르노르 시귀르드손,시귀르드손
841,N. Tiknizyan,나이르 틱니지안,틱니지안
842,N. Vlašić,니콜라 블라시치,블라시치
843,F. Chalov,페도르 차로프,차로프
846,T. Nishimura,니시무라 다쿠마,다쿠마
849,M. Perin,마티아 페린,페린
850,C. Pinsoglio,카를로 핀솔리오,핀솔리오
851,W. Szczęsny,보이치에흐 슈쳉스니,슈쳉스니
854,M. Cáceres,마르틴 카세레스,카세레스
855,João Cancelo,주앙 칸셀루,칸셀루
860,Alex Sandro,알렉스 산드루 지 올리베이라,올리베이라
861,D. Rugani,다니엘레 루가니,루가니
862,L. Spinazzola,레오나르도 스피나촐라,스피나촐라
863,R. Bentancur,로드리고 벤탄쿠르,벤탄쿠르
864,E. Can,엠레 잔,잔
866,J. Cuadrado,후안 콰드라도,콰드라도
873,F. Bernardeschi,페데리코 베르나르데스키,베르나르데스키
874,Cristiano Ronaldo,크리스티아누 호날두 주니오르,주니오르
875,P. Dybala,파울로 디발라,디발라
879,S. Mavididi,스테피 알바로 마비디디,마비디디
882,David de Gea,다비드 데 헤아,헤아
886,Diogo Dalot,디오구 달로트,달로트
887,M. Darmian,마테오 다르미안,다르미안
889,V. Lindelöf,빅토르 린델뢰프,린델뢰프
891,L. Shaw,루크 쇼,쇼
894,A. Young,애슐리 영,영
895,J. Garner,제임스 가너,가너
896,A. Gomes,엔젤 고메스,고메스
897,M. Greenwood,메이슨 그린우드,그린우드
899,Andreas Pereira,안드레아스 페레이라,페레이라
902,N. Matić,네마냐 마티치,마티치
903,S. McTominay,스콧 맥토미니,맥토미니
904,P. Pogba,폴 포그바,포그바
905,Fred,프레데리쿠 호드리게스 산투스,산투스
906,T. Chong,타히트 총,총
907,R. Lukaku,로멜루 메나마 루카쿠 볼린골리,루카쿠
909,M. Rashford,마커스 래쉬포드,래쉬포드
915,Gabriel Paulista,가브리엘 파울리스타,파울리스타
918,José Gayà,호세 루이스 가야,가야
919,Hugo Guillamón,우고 기야몬,기야몬
925,Gonçalo Guedes,곤살루 게지스,게지스
926,G. Kondogbia,조프리 콘도그비아,콘도그비아
927,Lee Kang-In,강인 리,리
928,Dani Parejo,다니엘 무뇨스,무뇨스
930,Carlos Soler,카를로스 솔레르,솔레르
931,Ferran Torres,페란 토레스,페란
932,D. Wass,다닐 바스,바스
935,Rodrigo,로드리고 모레노 마차도,마차도
936,Fran Navarro,프란 나바로,나바로
938,D. Marzino,다리오 니콜라 마르지노,마르지노
939,D. von Ballmoos,다비드 바르르무스,바르르무스
941,L. Benito,로리스 베니토 소우토,베니토
942,M. Camara,모하메드 알리 카마라,카마라
943,U. Garcia,울리세스 알렉산드레 가르시아 로페스,가르시아
945,J. Lotomba,무블라 조르단 로톰바,로톰바
946,K. Mbabu,멜링고 케빈 임바부,임바부
950,G. Wüthrich,그레고리 케시 뷰트리히,뷰트리히
951,M. Aebischer,미셸 애비셔,애비셔
952,C. Fassnacht,크리스티안 파스나흐트,파스나흐트
954,S. Lauper,산드로 미켈 라우퍼,라우퍼
955,N. Moumi Ngamaleu,니콜라 브리스 모미 잉가말레우,잉가말레우
957,D. Sow,지브릴 소우,소우
962,J. Nsame,장피에르 은사메,은사메
963,L. Hrádecký,루카스 흐라데츠키,흐라데츠키
969,T. Jedvaj,틴 예드바이,예드바이
970,Wendell,웬데우 나시멘투 보르지스,보르지스
971,P. Retsos,파나요티스 레초스,레초스
972,J. Tah,조나탕 타,타
978,K. Havertz,카이 하베르츠,하베르츠
982,L. Alario,루카스 니코라스 아라리오,아라리오
983,L. Bailey,레온 베일리,베일리
984,J. Brandt,율리안 브란트,브란트
987,Paulinho,파울리뉴,파울리뉴
988,I. Kiese Thelin,이삭 키에세 텔린,텔린
989,K. Volland,케빈 폴란트,폴란트
997,A. Maxsø,안드레아스 베이에르 마크스스ø,베이에르
999,B. Omeragić,베키르 오메라기크,오메라기크
1004,S. Khelifi,사리므 흐에리피,흐에리피
1011,K. Rüegg,케빈 뤼에그,뤼에그
1014,S. Sohm,시몬 솔로몬 주니어 솜,솜
1037,F. García,파쿠느도 가르키아,가르키아
1046,A. Giannou,아포스토로스 기아느누,기아느누
1062,A. Nedyalkov,안톤 미하일로프 네디알코프,네디알코프
1068,J. Góralski,야체크 구랄스키,구랄스키
1071,D. Yankov,도미니크 이비리느 이아느코브,이비리느
1082,S. Lainer,슈테판 라이너,라이너
1083,J. Onguéné,제롬 옹게네,옹게네
1084,M. Pongračić,마린 폰그라치치,폰그라치치
1088,A. Vallci,아르베르트 바르르키,바르르키
1095,X. Schlager,크사버 슐라거,슐라거
1096,D. Szoboszlai,도미니크 소보슬러이,소보슬러이
1098,P. Daka,팻슨 다카,다카
1100,E. Haaland,엘링 홀란,홀란
1101,T. Minamino,미나미노 타쿠미,타쿠미
1104,S. Bain,스콧 베인,스콧 베인
1108,D. Boyata,아느가 데드리크크 보이아타,보이아타
1109,C. Gamboa,크리스티안 감보아,감보아
1110,E. Henderson,유안 헨더슨,헨더슨
1111,J. Hendry,잭 헨드리,헨드리
1114,K. McInroy,케르르 므키느로이,므키느로이
1115,A. Ralston,앤서니 랄스턴,랄스턴
1117,K. Tierney,키어런 티어니,티어니
1119,K. Ajer,크리스토페르 아예르,아예르
1121,D. Arzani,다니엘 아르자니,아르자니
1125,R. Christie,라이언 크리스티,크리스티
1127,J. Forrest,제임스 포레스트,포레스트
1129,C. McGregor,칼럼 맥그리거,맥그리거
1130,O. Ntcham,쥴 올리비에 엔참,쥴
1131,A. Oko-Flex,아르므스트로느그 이니아 에치에즈오라치우쿠 오코-프레크스,오코-프레크스
1132,T. Rogić,토마스 페타르 로기크,로기크
1135,O. Édouard,에두아르,에두아르
1137,M. Johnston,마이클 앤드류 존스턴,존스턴
1138,T. Weah,티모시 웨아,웨아
1142,Y. Mvogo,이본 음보고,음보고
1144,L. Klostermann,루카스 클로스터만,클로스터만
1145,I. Konaté,이브라히마 코나테,코나테
1146,N. Mukiele,노르디 무키엘,무키엘
1149,D. Upamecano,다요 우파메카노,우파메카노
1150,T. Adams,타일러 애덤스,애덤스
1157,K. Laimer,콘라트 라이머,라이머
1159,M. Sabitzer,마르셀 자비처,자비처
1160,M. Saracchi,마르셀로 호세미르 사라치 핀토스,사라치
1161,E. Smith Rowe,에밀 스미스 로우,스미스 로우
1163,Bruma,브루마,브루마
1165,Matheus Cunha,마테우스 쿠냐,쿠냐
1166,T. Werner,티모 베르너,베르너
1167,Y. Poulsen,유수프 포울센,포울센
1172,E. Hovland,에벤 호블란,호블란
1173,B. Meling,비르게르 소르베르그 메리느그,소르베르그
1174,I. Ogbu,이고 오그부,오그부
1186,D. Akintola,바바지데 데이비드 아킨톨라,아킨톨라
1188,E. Botheim,에릭 보테임,보테임
1209,W. Barrios,윌마르 엔리케 바리오스 테란,바리오스
1213,R. Mak,로베르트 마크,마크
1216,C. Noboa,크리스티안 노보아,노보아
1217,M. Ozdoev,마고메드 오즈도에프,오즈도에프
1221,S. Azmoun,사르다르 아즈문,아즈문
1227,O. Kolář,오느드레이 코라르,코라르
1230,J. Bořil,얀 보릴,보릴
1231,V. Coufal,블라디미르 초우팔,초우팔
1233,M. Frydrych,미흐아르 프리드리흐,프리드리흐
1234,A. Král,알렉스 크랄,크랄
1236,T. Vlček,토마시 블체크,블체크
1237,J. Zelený,야로슬라프 젤레니,젤레니
1241,M. Ngadeu,미켈 응가되응가쥐,응가되응가쥐
1243,T. Souček,토마시 소우체크,소우체크
1249,P. Olayinka,피터 올라잉카,올라잉카
1253,B. Costil,브누아 코스틸,코스틸
1257,J. Koundé,쥘 쿤데,쿤데
1264,Y. Sabaly,유수프 사발리,사발리
1266,T. Bašić,토마 바시츠,바시츠
1271,A. Tchouaméni,오렐리앵 추아메니,추아메니
1274,A. Cornelius,안드레아스 코넬리우스,코넬리우스
1278,Y. Karamoh,얀 카라모,카라모
1279,J. Maja,조슈아 에로월리 오리순미하레 오루와선,오루와선
1287,N. Boilesen,니콜라이 보일레센,보일레센
1290,G. Varela,기예르모 바렐라,바렐라
1297,R. Mudražija,로베르트 무드라지아,무드라지아
1298,R. Skov,로베르트 스코우,스코우
1302,J. Wind,요나스 빈,빈
1305,D. Livaković,도미니크 리바코비치,리바코비치
1306,D. Zagorac,다니이에르 즈아고라츠,즈아고라츠
1311,S. Moharrami,사데크 모하라미 게트가사리,모하라미
1314,Amir Rrahmani,아미르 라흐마니,라흐마니
1315,P. Stojanović,페타르 스토야노비치,스토야노비치
1316,K. Théophile-Catherine,케빈 테오필카트린,테오필카트린
1319,M. Ćuže,마리오 츠우즈에,츠우즈에
1320,A. Gojak,아메르 고이아크,고이아크
1321,L. Majer,로브로 마예르,마예르
1322,N. Moro,니콜라 모로,모로
1323,Dani Olmo,다니 올모,올모
1324,I. Šunjić,이반 순지치,순지치
1326,M. Gavranović,마리오 가브라노비치,가브라노비치
1330,M. Oršić,미슬라브 오르시치,오르시치
1331,B. Petković,브루노 페트코비치,페트코비치
1337,B. Özer,베르케 어저,어저
1358,E. Elmas,엘리프 엘마스,엘마스
1361,F. Kadıoğlu,페르디 카디올루,카디올루
1369,M. Zajc,미하 자이츠,자이츠
1370,A. Ayew,안드레 아예우,아예우
1372,M. Frey,마이클 프레이,프레이
1374,I. Slimani,이슬람 슬리마니,슬리마니
1378,D. Takáč,도미닉 타카치,타카치
1408,S. Bornauw,에스테반 보르나우,보르나우
1411,H. Delcroix,한네스 델크로이,델크로이
1412,J. Lawrence,제임스 로런스,로런스
1414,A. Milić,안토니오 밀리치,밀리치
1417,A. Saelemaekers,알렉시스 세일러메이커스,세일러메이커스
1422,J. Doku,제레미 드쿠,드쿠
1424,E. Kayembe,에두아르 카옌베 카옌베,카옌베
1427,A. Sambi Lokonga,알베르 삼비 로콩가,로콩가
1429,Y. Verschaeren,이아리 베르슈아에레느,베르슈아에레느
1434,L. Dimata,랜더리 나니 디마타,디마타
1438,B. Leno,베른트 레노,레노
1439,Héctor Bellerín,헥토르 벨레린,벨레린
1441,C. Jenkinson,칼 젱킨슨,젱킨슨
1442,S. Kolašinac,세야드 콜라시나치,콜라시나치
1445,K. Mavropanos,콘스탄티노스 마브로파노스,마브로파노스
1446,Z. Medley,제카리아 조슈아 헨리 메들리,메들리
1449,J. Osei-Tutu,조디 마틴 에마뉴엘 오세이-투투,오세이-투투
1451,Julio Pleguezuelo,ㅎ우리오 호세 프레구에수에로 세르바,프레구에수에로
1454,M. Guendouzi,마테오 엘리아스 켄조 근두지 올리에,근두지
1455,A. Iwobi,알렉산더 츄카 이워비,이워비
1456,A. Maitland-Niles,에인슬리 메이틀랜드나일스,메이틀랜드나일스
1457,H. Mkhitaryan,헨리크 미키타리안,미키타리안
1459,A. Ramsey,에런 램지,램지
1460,B. Saka,부카요 사카,사카
1461,Denis Suárez,데니스 수아레스,수아레스
1462,L. Torreira,루카스 토레이라,토레이라
1463,J. Willock,조 윌록,윌록
1464,G. Xhaka,그라니트 자카,자카
1465,P. Aubameyang,피에르에메릭 아우바메양,아우바메양
1468,E. Nketiah,에드워드 케다 나케티아,나케티아
1469,D. Welbeck,대니얼 웰벡,웰벡
1476,C. Borja,크리스티안 알렉시스 보르하 곤살레스,보르하
1477,S. Coates,세바스티안 코아테스 니온,코아테스
1479,Tiago Djaló,티아구 잘로,잘로
1485,Bruno Fernandes,브루노 페르난데스,브루노
1489,N. Gudelj,네마냐 구델,구델
1493,M. Acuña,마르코스 아쿠냐,아쿠냐
1496,Raphinha,하피냐,하피냐
1500,D. Riznyk,드미트로 리즈니크,리즈니크
1514,D. Taraduda,데니스 타라두다,타라두다
1532,Ş. Məhəmmədəliyev,샤후르딘 메헤메데리예프,메헤메데리예프
1534,A. Hüseynov,아바스 휘세이노프,휘세이노프
1535,B. Hüseynov,바다비 흐위세이노브,흐위세이노브
1542,T. Bayramov,토랄 바이라모프,바이라모프
1552,A. Zoubir,압델라 주비르,주비르
1557,Pau López,파우 로페즈,로페즈
1561,Marc Bartra,마르크 바르트라,바르트라
1564,Junior Firpo,주니오르 피르포,피르포
1566,Emerson Royal,이메르송 로얄,로얄
1567,A. Mandi,아이사 만디,만디
1568,P. Akouokou,에드가르 포르 아쿠오쿠,아쿠오쿠
1570,Sergio Canales,세르히오 카날레스,카날레스
1573,A. Guardado,호세 안드레스 과르다도 에르난데스,과르다도
1577,D. Lainez,디에고 라이네스 레이바,라이네스
1578,G. Lo Celso,조바니 로 셀소,셀소
1580,William Carvalho,윌리앙 카르발류,카르발류
1590,José Sá,조제 사,사
1591,K. Tzolakis,콘스탄티노스 즐라키스,즐라키스
1592,P. Cissé,파페 아부 시세,시세
1593,O. Elabdellaoui,오마르 엘랍델라위,엘랍델라위
1597,Y. Meriah,야신 메리아,메리아
1600,K. Tsimikas,코난스탄티노스 치미카스,치미카스
1604,M. Camara,모하메드 카마라,카마라
1605,Daniel Podence,다니엘 포덴스,포덴스
1610,G. Masouras,이오르고스 마수라스,마수라스
1611,B. Natcho,비브라스 나트초,나트초
1622,G. Donnarumma,잔루이지 돈나룸마,돈나룸마
1627,D. Calabria,다비데 칼라브리아,칼라브리아
1631,R. Rodríguez,리카르도 이반 로드리게스 아라야,로드리게스
1639,M. Brescianini,마르코 브레시아니니,브레시아니니
1640,H. Çalhanoğlu,하칸 찰하놀루,찰하놀루
1642,F. Kessié,프랑크 케시에,케시에
1646,Lucas Paquetá,루카스 파케타,파케타
1648,F. Borini,파비오 보리니,보리니
1651,K. Piątek,크리지스토프 피아텍,피아텍
1696,S. Chukwueze,사무엘 추쿠웨제,추쿠웨제
1697,Pablo Fornals,파블로 포르날스,포르날스
1702,Pedraza,알폰소 페드라자 사그,페드라자
1707,Gerard Moreno,제라르 모레노,모레노
1709,K. Toko Ekambi,카를 토코 에캄비,에캄비
1719,M. Müldür,메르트 뮐뒤르,뮐뒤르
1725,D. Ljubičić,데얀 루비치치,루비치치
1736,W. Foderingham,우에스레이 아느드레우 포데리느가므,포데리느가므
1738,B. Barišić,보르나 바리시치,바리시치
1741,N. Katić,니콜라 카티치,카티치
1743,R. McCrorie,로스 맥크로리,맥크로리
1744,J. Tavernier,제임스 태버니어,태버니어
1746,J. Worrall,조셉 에드리언 워럴,워럴
1760,G. Middleton,글렌 벨 달러 미들턴,미들턴
1771,Ayrton Lucas,아이르톤 루카스 단타스 데 메데이로스,데 메데이로스
1798,F. Rønnow,프레데리크 뢰노,뢰노
1800,K. Trapp,케빈 트라프,트라프
1803,T. Chandler,티모시 챈들러,챈들러
1807,E. Ndicka,오비테 에반 디카,디카
1821,F. Kostić,필리프 코스티치,코스티치
1826,S. Haller,세바스티앵 알레,알레
1828,L. Jović,루카 요비치,요비치
1831,A. Rebić,안테 레비치,레비치
1836,F. Acerbi,프란체스코 아체르비,아체르비
1854,J. Correa,카를로스 ㅎ오아쿠이느 코르레아,코르레아
1856,S. Milinković-Savić,세르게이 밀린코비치사비치,밀린코비치사비치
1863,C. Immobile,치로 임모빌레,임모빌레
1864,Pedro Neto,페드로 네토,네토
1870,C. Kyriakou,흐아라라므보스 키리아쿠,키리아쿠
1874,V. Roberge,바레느티느 로베르예,로베르예
1897,S. Mandanda,스테브 망당다,망당다
1899,A. Abdennour,아이멘 압덴누르,압덴누르
1902,D. Ćaleta-Car,두예 찰레타차르,찰레타차르
1904,B. Kamara,부바카르 카마라,카마라
1907,H. Sakai,사카이 히로키,히로키
1911,L. Ocampos,루카스 오캄포스,오캄포스
1914,M. Sanson,모르강 상송,상송
1915,B. Sarr,부나 사르,사르
1919,C. N&apos;Jie,크리느토느 무아 느주이,느주이
1920,N. Radonjić,네마냐 라도니치,라도니치
1923,N. Jackers,노르딘 야커스,야커스
1924,M. Vandevoordt,마르텐 반데보르트,반데보르트
1925,D. Vukovic,대니 부코비치,부코비치
1926,J. Aidoo,조셉 아이두,아이두
1927,Neto Borges,비발도 보르제스 도스 산토스 네토,네토
1929,J. Lucumí,존 하네르 루쿠미 보니야,존 루쿠미
1930,J. Mæhle,요아킴 맬레 페데르센,페데르센
1934,S. Berge,산데르 베르게,베르게
1935,C. De Norre,카스퍼 데 놀,데 놀
1937,B. Heynen,브란 헤이넨,헤이넨
1939,J. Piotrowski,이아쿠브 피오트로프스키,피오트로프스키
1942,J. Ito,이토 쥰야,쥰야
1944,J. Paintsil,지오세프 마르틴 파이느트시르,파이느트시르
1946,L. Trossard,레안드로 트로사르,트로사르
1947,J. Dahlin,요한 헬게 다린,요한 다린
1949,A. Ahmedhodžić,아넬 아흐메드호지치,아흐메드호지치
1958,A. Christiansen,아네르스 크리스티안센,크리스티안센
1961,S. Rieks,쇠렌 리크스,리크스
1962,O. Lewicki,칼 오스카르 요한 레비키,레비키
1971,E. Destanoğlu,에렌 데스타노울루,데스타노울루
1986,D. Vida,도마고이 비다,비다
1987,R. Yılmaz,르으드바느 이으르마즈,이으르마즈
1990,A. Hutchinson,아티바 허친슨,허친슨
1991,S. Kagawa,카가와 신지,신지
1997,N. Uysal,네집 우이살,네집
1998,K. Yılmaz,카르탈 카이라 을리마즈,을리마즈
2001,C. Larin,카일 래린,래린
2010,P. Arboine,파브로 케사르 아르보이네 카르모나,아르보이네
2018,W. Azofeifa,우이르메르 ㅎ에수스 아소파이파 바르베르데,아소파이파
2026,G. Vetti,가우테 흐ø베르그 베트티,베트티
2027,K. Zachariassen,크리스토퍼 자카리아센,자카리아센
2031,L. Salvesen,라스-요르겐 살베센,살베센
2032,J. Strand Larsen,예르겐 스트란드 라르센,라르센
2038,Guilherme Arana,기울헤르메 안토니오 아라나 로페스,아라나
2045,S. Kjær,시몬 키예르,키예르
2054,Jesús Navas,헤수스 나바스,나바스
2056,Pablo Sarabia,파블로 사라비아,사라비아
2059,W. Ben Yedder,위삼 벤 예데르,예데르
2060,M. El Haddadi,무니르 엘 하다디,하다디
2061,Bryan Gil,브리안 힐,힐
2063,André Silva,안드레 실바,실바
2068,M. Safonov,마트베이 사포노프,사포노프
2074,A. Martynovich,알렉산드르 마르티노비치,마르티노비치
2076,C. Ramírez,크리스티안 레오넬 라미레스 잠브라노,라미레스
2078,U. Spajić,우로시 스파이치,스파이치
2080,V. Claesson,빅토르 클라에손,클라에손
2093,G. Onugkha,게르마느 오누그흐아,오누그흐아
2096,A. Bodart,아르노 보다르,보다르
2098,G. Ochoa,기예르모 오초아,오초아
2100,C. Fai,엔고란 수이루 파이 콜린스,파이
2107,Z. Vanheusden,즈이노 바네우스데느,바네우스데느
2120,N. Raskin,니콜라스 티에리 라스킨,라스킨
2139,Z. Yavru,제키 야브루,야브루
2164,T. Kędziora,토마시 켕지오라,켕지오라
2165,V. Mykolenko,비탈리 미콜렌코,미콜렌코
2167,D. Popov,데니스 포포브,포포브
2172,V. Buyalskyi,비탈리 부얄스키,부얄스키
2177,M. Shaparenko,미콜라 샤파렌코,샤파렌코
2190,A. Diallo,압둘라이 디알로,디알로
2194,R. Bensebaïni,라미 벤세바이니,벤세바이니
2195,S. Boey,사샤 보이,보이
2204,B. André,뱅자맹 앙드레,앙드레
2207,E. Camavinga,에두아르도 카마빙가,카마빙가
2213,J. Léa Siliki,주아메스 레아,레아
2216,M. Niang,음바예 니앙,니앙
2218,I. Sarr,이브라힘 사르,사르
2219,J. Siebatcheu,스에오소느-지오르다느 시바트치에우,시바트치에우
2238,L. Skvortsov,레브 스크보르트소브,스크보르트소브
2242,R. Janga,랜절로 양가,양가
2252,T. Holeš,토마시 홀레시,홀레시
2256,D. Lischka,다비드 리슈카,리슈카
2264,D. Ikaunieks,다비스 이카우니크스,이카우니크스
2265,M. Kratochvíl,미로스 크라토흐비르,크라토흐비르
2269,B. Vătăjelu,보그다느 이리 바타지에루,바타지에루
2273,Kepa,케파 아리사발라가,케파
2276,J. Cumming,제임스 앤드루 커밍,커밍
2278,Marcos Alonso,마르코스 알론소 멘도사,멘도사
2279,E. Ampadu,에단 암파두,암파두
2280,César Azpilicueta,세사르 아스필리쿠에타,아스필리쿠에타
2282,A. Christensen,안드레아스 크리스텐센,크리스텐센
2283,David Luiz,다비드 루이스,루이스
2284,Emerson,엠러손 팔미에리,팔미에리
2285,A. Rüdiger,안토니오 뤼디거,뤼디거
2286,D. Zappacosta,다비데 차파코스타,차파코스타
2287,R. Barkley,로스 바클리,바클리
2290,N. Kanté,은골로 캉테,캉테
2291,M. Kovačić,마테오 코바치치,코바치치
2293,G. McEachran,조지 맥이크란,맥이크란
2295,O. Giroud,올리비에 지루,지루
2296,E. Hazard,에덴 아자르,아자르
2298,C. Hudson-Odoi,칼럼 허드슨오도이,허드슨오도이
2305,A. Filipović,아레크사느다르 피리포비츠,피리포비츠
2320,W. Willumsson,빌룸 토르 빌룸손,빌룸손
2328,Á. Kovácsik,애덤 게르게이 코바치이크,코바치이크
2355,A. Paschalakis,알렉산드로스 파스칼라키스,파스칼라키스
2361,S. Ingason,스베리르 잉기 잉가손,잉가손
2373,J. Mišić,요시프 미시치,요시프 미시치
2374,D. Pelkas,디미트리스 펠카스,펠카스
2375,Sérgio Oliveira,세르지우 올리베이라,올리베이라
2380,C. Akpom,추바 아크폼,아크폼
2385,K. Świderski,카롤 시비데르스키,시비데르스키
2410,Weverton,웨베르통,웨베르통
2413,Richarlison,히샤를리송,히샤를리송
2414,Everton,에베르통 소아리스,소아리스
2431,M. López,마르코 로페스,로페스
2457,S. Córdova,세르히오 두반 코르도바 레자마,코르도바
2462,E. Andrada,에스테반 안드라다,안드라다
2463,F. Armani,프랑코 아르마니,아르마니
2464,A. Marchesín,아구스틴 마르체신,마르체신
2465,J. Musso,후안 무소,무소
2466,W. Kannemann,우아르테르 카느네마느느,카느네마느느
2467,Lisandro Martínez,리산드로 마르티네스,마르티네스
2468,G. Montiel,곤살로 몬티엘,몬티엘
2469,G. Pezzella,헤르만 페첼라,페첼라
2472,R. De Paul,로드리고 데 폴,폴
2473,M. Lanzini,마누엘 만시니,만시니
2475,R. Pereyra,로베르토 페레이라,페레이라
2476,G. Rodríguez,귀도 로드리게스,로드리게스
2481,Á. Montero,알바로 다비드 몬테로 페랄레스,몬테로
2482,C. Vargas,카밀로 바르가스,바르가스
2483,D. Machado,데이버 안드레스 마차도 메나,마차도
2484,Y. Mina,예리 미나,미나
2489,L. Díaz,루이스 디아스,디아스
2490,J. Lerma,헤페르손 레르마,레르마
2491,M. Uribe,마테우스 우리베,우리베
2496,J. Espínola,후안 에스피놀라,에스피놀라
2497,R. Fernández,로베르토 토레스,토레스
2499,J. Alonso,후니오 알론소,알론소
2500,F. Balbuena,파비안 발부에나,발부에나
2502,G. Gómez,구스타보 고메스,고메스
2503,I. Piris,이반 피리스,피리스
2504,R. Rojas,로버트 사무엘 로하스 차베스,로버트
2505,S. Salcedo,사울 사빈 살세도 자라테,사울
2507,M. Almirón,미겔 알미론,알미론
2508,S. Arzamendia,산티아고 아르사멘디아 두아르테,산티아고
2510,C. Paredes,크리스티안 파레데스,파레데스
2513,M. Rojas,마티아스 로하스,로하스
2514,A. Romero,알레한드로 로메로,로메로
2518,C. González,카를로스 곤살레스,곤살레스
2519,D. González,델리스 곤살레스,곤살레스
2521,Á. Romero,안헬 로메로,로메로
2522,A. Sanabria,안토니오 사나브리아,사나브리아
2523,H. Villalba,에크토르 빌랄바,빌랄바
2524,Mohammed Al Bakri,모하메드 아흐메드 알 바크리,알 바크리
2525,Saad Al Sheeb,사드 알시브,알시브
2526,Yousef Hassan,유세프 하산,하산
2527,Abdelkarim Hassan,압델카림 하산,하산
2528,Salem Al Hajri,살렘 알리 살렘 알 하지리,알 하지리
2529,Tameem Al Muhaza,타메에므 모하메드 무흐아즈아,무흐아즈아
2530,Pedro Miguel,호호,호호
2531,Hamid Ismaeil,흐아미드 흐아미드,흐아미드
2532,Boualem Khoukhi,부알렘 쿠키,쿠키
2533,Abdulaziz Hatem,압둘라지즈 하템,하템
2535,Assim Madibo,아심 마디보,마디보
2536,Bassam Al Rawi,바삼 알 라위,바삼
2537,Karim Boudiaf,카림 부디아프,부디아프
2538,Abdulrahman Fahmi Moustafa,압둘라만 파흐미 무스타파,압둘라만
2539,Ahmed Fathi,아흐메드 파티,아흐메드
2540,Khaled Mohammed,칼리드 모하메드 모하메드 살레,살레
2541,Tarek Salman,타레크 살만,살만
2542,Ahmed Alaa,아흐메드 알라엘딘 압델모탈,아흐메드
2543,Almoez Ali,알모에즈 알리,알리
2544,Akram Afif,아크람 아피프,아피프
2545,Hassan Al Haydos,하산 칼리드 하산 알 하이도스,알 하이도스
2546,Ali Hassan Afif,아리 흐아스사느 아피프 이아흐이아,이아흐이아
2549,L. Vigouroux,로렌스 위고루,위고루
2568,Alexander Domínguez Carabalí,알렉산더 도밍게스 카라발리,카라발리
2569,P. Ortíz,페드루 아르프레도 오르티스 아느구로,오르티스
2571,R. Arboleda,로베르트 아르볼레다,아르볼레다
2572,X. Arreaga,사비에르 아레아가,아레아가
2575,J. Porozo,작손 포로소,포로소
2576,B. Caicedo,베더 후리오 카이세도 라스트라,카이세도
2577,C. Gruezo,카를로스 아르만도 그루에소 아르볼레다,아르볼레다
2578,Alex Renato Ibarra Mina,레나토 이바라,이바라
2580,J. Julio,조한 에스마이데스 후리오 파라시오스,후리오
2581,J. Méndez,세바스 멘데스,멘데스
2583,A. Preciado,앙헬로 프레시아도,프레시아도
2584,L. Campana,레오나르도 카만파 로메로,카만파
2585,R. Ibarra,로마리오 이바라,이바라
2586,Á. Mena,안헬 이스라엘 메나 델가도,메나
2588,Kosuke Nakamura,나카무라 고스케,고스케
2589,D. Schmidt,대니얼 슈밋,슈밋
2590,K. Anzai,안자이 고키,고키
2591,S. Hatanaka,하타나카 신노스케,신노스케
2592,G. Miura,미우라 겐타,겐타
2593,S. Muroya,무로야 세이,세이
2595,S. Sasaki,사사키 쇼,쇼
2596,G. Shōji,쇼지 겐,겐
2597,T. Tomiyasu,도미야스 다케히로,다케히로
2598,R. Dōan,도안 리쓰,리쓰
2599,K. Hashimoto,하시모토 겐토,겐토
2601,D. Kamada,가마다 다이치,가마다
2602,Y. Kobayashi,고바야시 유키,유키
2603,S. Nakajima,나카지마 쇼야,쇼야
2604,G. Shibasaki,시바사키 가쿠,가쿠
2606,H. Yamaguchi,야마구치 호타루,호타루
2607,M. Suzuki,스즈키 무사시,무사시
2608,M. Campaña,마르틴 니코라스 카므파니아 데르가도,카므파니아
2609,M. Silva,마르틴 실바,실바
2610,G. González,조반니 알레산드로 고느사레스 아푸드,고느사레스
2612,G. de Arrascaeta,호르히안 다니엘 데 아라스카에타,아라스카에타
2614,N. Nández,나히탄 미셸 난데스,난데스
2615,M. Gómez,막시 고메스,고메스
2616,J. Rodríguez,호나탄 로드리게스,로드리게스
2617,C. Stuani,크리스티안 스투아니,스투아니
2624,Abdullah Al Jadani,아브두르라흐 시아므라흐 오리트흐아 지아다니,지아다니
2625,Abdullah Hussain Ali Al Saleh,아브두르라흐 흐우스사이느 아리 사레흐,사레흐
2626,Mustafa Malayekah,무스타파 레다 아흐메드 마라이에카흐,마라이에카흐
2627,Mohammed Al Khabrani,모하메드 아브도흐 이브라흐이므 흐아브라니,흐아브라니
2628,Muteb Al Mufarrij,무테브 압둘라 압둘아지즈 알 무파리지,무테브 알 무파리지
2629,Bandar Nasser,바느다르 나스세르 무타이리,무타이리
2630,Ziyad Al Sahafi,즈이이아드 아브두루아흐에드 사흐아피 무우아르라드,사흐아피
2631,Abdullah Al Shamekh,아브두르라흐 아브두르카리므 시아메흐,시아메흐
2632,Ali Abdullah Hazzazi,알리 압둘라 알리 하자지,알 하자지
2633,Yazeed Al Bakr,이아즈에에드 바크르 아브두르라흐 바크르,바크르
2634,Hassan Al Habib,흐아스사느 지아마르 흐아비브,지아마르
2635,Osama Al Khalaf,오사마 이우세프 흐아라프,흐아라프
2636,Madallah Al Olayan,마다르라흐 아리 모하메드 오라이아느,오라이아느
2637,Waleed Bakshwn,우아레에드 라시에드 바크시우느,바크시우느
2638,Naif Hazazi,나이프 하자지,하자지
2639,Sultan Mandash,수르탄 아흐메드 모하메드 만다시,수르탄 만다시
2640,Ahmed Al Zain,아흐메드 이우스세프 아브두르라흐 즈아이느,즈아이느
2641,Abdulfattah Adam,아브두르파트타흐 애덤 아흐마드 모하메드,애덤
2643,Mansour Hamzi,마느수르 이브라흐이므 흐아므즈이,흐아므즈이
2644,Rabeaa Sefiani,라베아아 세피아니,세피아니
2645,Hassan Sharahili,흐아스사느 시아라흐이리,시아라흐이리
2649,Ahmed Abou El Fotouh,아흐메드 아부 엘 포투,포투
2654,Mohamed Hany,모하메드 하니,하니
2664,Trézéguet,마흐무드 하산,하산
2668,Mostafa Mohamed,모스타파 모하메드,모하메드
2669,Hermoso,마리오 에르모소,에르모소
2670,Íñigo Martínez,이니이고 마르티네스 베르리디,마르티네스
2674,Rui Patrício,후이 파트리시우,파트리시우
2675,José Fonte,조세 폰테,폰테
2676,Rúben Neves,후벵 네베스,네베스
2677,João Moutinho,조아오 무띵뇨 이리아 산토스 무띵뇨,무띵뇨
2678,Diogo Jota,디오구 조타,조타
2680,A. Abedzadeh,아미르 아베드자데,아베드자데
2681,P. Niazmand,세예드 파얌 니아즈만드 가데르,니아즈만드
2682,A. Beiranvand,알리레자 베이란반드,베이란반드
2683,R. Cheshmi,루즈베 치에쉬미,치에쉬미
2684,Vouria Ghafouri,부리아 가푸리,가푸리
2685,E. Hajisafi,에흐산 하지사피,하지사피
2686,M. Hosseini,마지드 호세이니,호세이니
2687,H. Kanani,모하마드 호세인 카나니 자데간,카나니
2688,M. Mohammadi,밀라드 모함마디,모함마디
2689,P. Montazeri,페즈만 몬타제리,몬타제리
2690,M. Pouraliganji,모르테자 푸랄리간지,푸랄리간지
2691,R. Rezaeian,라민 레자에이안 세메스칸디,레자에이안
2692,V. Amiri,바히드 아미리,아미리
2693,A. Dejagah,아슈칸 데주아가,데주아가
2694,O. Ebrahimi,오미드 에브라히미,에브라히미
2695,A. Noorollahi,아흐마드 누룰라히,누룰라히
2696,M. Shojaei,마스우드 쇼자이,쇼자이
2697,M. Torabi,메디 토라비,토라비
2698,K. Ansarifard,카림 안사리파르드,안사리파르드
2699,S. Ghoddos,세이드 사만 고도스,고도스
2700,A. Jahanbakhsh,알리레자 자한바흐시,자한바흐시
2701,Y. Bounou,야신 부누,부누
2702,M. Mohamedi,무니르 모하메디,모하메디
2703,A. Tagnaouti,아흐메드 레다 타그나우티,타그나우티
2710,S. Boufal,소피안 부팔,부팔
2715,F. Fajr,파이살 파즈르,파즈르
2716,R. Saïss,로맹 사이스,사이스
2722,A. El Kaabi,아유브 엘 카비,엘 카비
2724,L. Digne,뤼카 디뉴,디뉴
2725,B. Pavard,벵자맹 파바르,파바르
2726,K. Zouma,퀴르 주마,주마
2727,J. Lössl,요나스 뢰슬,뢰슬
2728,K. Schmeichel,카스페르 슈마이켈,슈마이켈
2729,J. Andersen,요아킴 안데르센,안데르센
2731,M. Jørgensen,마티아스 예르겐센,예르겐센
2733,J. Stryger Larsen,옌스 스트뤼게르 라르센,라르센
2734,P. Billing,필립 빌링,빌링
2735,P. Højbjerg,피에르에밀 호이비에르,호이비에르
2736,L. Lerager,루카스 레라게르,레라게르
2737,M. Braithwaite,마르틴 브레이스웨이트,브레이스웨이트
2740,M. Langerak,미첼 랑거락,랑거락
2741,M. Ryan,매슈 라이언,라이언
2742,M. Degenek,밀로시 데게네크,데게네크
2743,A. Gersbach,알렉산더 조셉 거스바흐,거스바흐
2744,R. Grant,라이언 그랜트,그랜트
2745,M. Jurman,매슈 저먼,저먼
2746,J. Risdon,조시 리즈던,리즈던
2747,M. Amini,무스타파 아미니,아미니
2748,C. Ikonomidis,치리스토페르 지아메스 이코노미디스,이코노미디스
2749,J. Irvine,잭슨 어빈,어빈
2750,J. Jeggo,지아메스 알렉산더 지에그고,지에그고
2751,M. Leckie,매슈 레키,레키
2752,M. Luongo,마시모 루옹고,루옹고
2753,M. Milligan,마크 밀리건,밀리건
2755,A. Mabil,아워 마빌,마빌
2756,J. Maclaren,제이미 매클래런,매클래런
2757,A. Nabbout,앤드루 나부트,나부트
2758,L. Kalinić,로브레 칼리니치,칼리니치
2759,S. Sluga,시모느 스루가,스루가
2762,J. Brekalo,요시프 브레칼로,브레칼로
2763,M. Pašalić,마리오 파샬리치,파샬리치
2769,S. Ajayi,세미 아자이,아자이
2771,O. Aina,올라 아이나,아이나
2772,K. Omeruo,케네스 오메루오,오메루오
2778,K. Ịheanachọ,켈레치 프로미스 이헤아나초,이헤아나초
2780,V. Osimhen,빅터 오시멘,오시멘
2784,R. Rúnarsson,루나르 알렉스 루나르손,루나르손
2793,V. Pálsson,구들라우거 빅토르 팔손,팔손
2801,J. Omlin,요나스 오믈린,오믈린
2802,Y. Sommer,얀 조머,조머
2803,N. Elvedi,니코 엘베디,엘베디
2806,F. Schär,파비안 셰어,셰어
2807,R. Freuler,레모 프로일러,프로일러
2809,R. Steffen,레나토 슈테펜,슈테펜
2810,D. Zakaria,데니스 레미 자카리아 라코 라도,자카리아
2811,S. Zuber,슈테벤 추버,추버
2812,A. Ajeti,알비안 아프림 아제티,아제티
2813,M. Dmitrović,마르코 드미트로비치,드미트로비치
2814,P. Rajković,프레드라그 라이코비치,라이코비치
2817,N. Milenković,니콜라 밀렌코비치,밀렌코비치
2819,S. Mitrović,스테판 미트로비치,미트로비치
2820,F. Mladenović,필리프 믈라데노비치,믈라데노비치
2821,M. Veljković,밀로시 벨코비치,벨코비치
2822,D. Lazović,다르코 라조비치,라조비치
2823,S. Lukić,사샤 루키치,루키치
2824,N. Maksimović,네마냐 막시모비치,막시모비치
2825,A. Mitrović,알렉산다르 미트로비치,미트로비치
2827,Aarón Cruz,애런 모이세스 크루스 에스키베르,크루스
2829,L. Moreira,레오네르 헤라르도 모라이라 레데스마,모라이라
2830,F. Calvo,프란시스코 칼보,칼보
2832,K. Fuller,케이셰르 풀레르,풀레르
2833,G. González,히앙카를로 곤살레스,곤살레스
2834,R. Matarrita,로날드 마타리타,마타리타
2835,I. Smith,이아느 레이 스미트흐 키로스,스미트흐
2836,J. Vargas,후안 파블로 바르가스,바르가스
2837,K. Waston,켄달 와스톤,와스톤
2839,R. Araya,루이스 에르난데스,에르난데스
2840,C. Borges,셀소 보르헤스 모라,보르헤스
2841,A. Cruz,아이아느 에느소 크루스 레아르,크루스
2842,R. Leal,라느다이 에느리케 레아르 아르레이,레아르
2843,J. Marín,ㅎ이므미 마리느 비르치에스,마리느
2844,José Guillermo Mora,호세 구이이에르모 모라 카므포스,모라
2845,J. Campbell,조엘 캠벨,캠벨
2846,M. George,마이로느 안토니오 헤오르헤 크라이토느,헤오르헤
2847,A. Lassiter,아리르 다니엘 라스시테르 아쿠니아,라스시테르
2848,J. Ortiz,호세 구이이에르모 오르티스 피카도,오르티스
2849,Bryan Jafet Ruiz González,브리안 루이스,루이스
2852,L. Augustinsson,루드비그 아우구스틴손,아우구스틴손
2854,F. Helander,필리프 헬란데르,헬란데르
2855,E. Krafth,에밀 크라프트,크라프트
2856,A. Tinnerholm,아느토느 라르스 티느네르흐오르므,티느네르흐오르므
2860,K. Sema,케느네트흐 느라타 세마,세마
2864,A. Isak,알렉산더 이삭,이삭
2867,H. González,우고 곤살레스,곤살레스
2869,E. Álvarez,에드손 오마르 알바레즈 벨라스케즈,알바레즈
2870,N. Araújo,네스토르 알레한드로 아라우호 라조,아라우호
2872,M. Layún,미겔 라윤,라윤
2873,C. Montes,세사르 하시브 몬테스 카스트로,몬테스
2874,H. Moreno,엑토르 미겔 에레라,에레라
2876,L. Rodríguez,루이스 알폰소 로드리게스,로드리게스
2877,C. Salcedo,카를로스 살세도,살세도
2878,J. Sánchez,호르헤 에두아르도 산체스 라모스,호르헤 산체스
2879,R. Alvarado,로베르토 알바라도,알바라도
2880,J. dos Santos,호나탄 도스 산토스,산토스
2881,J. Gallardo,헤수스 다니엘 가야르도 바스콘셀로스,가야르도
2883,R. Pizarro,로도르포 히르베르트 피사르로 토마스,피사르로
2887,R. Jiménez,알레하드로 히메네스,히메네스
2888,C. Rodríguez,카를로스 고메스,고메스
2889,A. Vega,알렉시스 베가,베가
2890,Jo Hyeon-Woo,조현우,조현우
2891,Gu Sung-Yun,구 수느그-이우느,구
2892,Kim Seung-Gyu,승규 김,김
2894,Hong Chul,홍철,홍철
2895,Jung Seung-Hyun,승현 정,정
2896,Kim Jin-Su,김진수,김진수
2897,Kim Min-Jae,김민재,김민재
2898,Kim Young-Gwon,김영권,김영권
2899,Kwon Kyung-Won,경원 권,권
2900,Park Ji-Soo,파르크 지이-수,파르크
2901,Hwang In-Beom,황인범,황인범
2902,Ju Se-Jong,지우 세-지오느그,지우
2903,Jung Woo-Young,정우영,정우영
2906,Lee Jae-Sung,이재성,이재성
2907,Lee Jin-Hyun,레에 지이느-흐이우느,레에
2908,Na Sang-Ho,나상호,나상호
2909,Paik Seung-Ho,백승호,백승호
2910,Hwang Ui-Jo,황의조,황의조
2912,Kim Moon-Hwan,김문환,김문환
2913,Kwon Chang-Hoon,권창훈,권창훈
2914,Lee Seung-Woo,이승우,이승우
2915,M. Ginter,마티아스 긴터,긴터
2917,M. Eggestein,막시밀리안 에게슈타인,에게슈타인
2918,K. Casteels,쿤 카스테일스,카스테일스
2919,M. Sels,마츠 셀스,셀스
2920,T. Castagne,티모시 카스타뉴,카스타뉴
2922,L. Dendoncker,레안더르 덴동커르,덴동커르
2923,Y. Carrasco,야닉 페레이라 카라스코,카라스코
2924,A. Januzaj,아드난 야누자이,야누자이
2925,D. Praet,데니스 프라트,프라트
2926,Y. Tielemans,유리 틸레만스,틸레만스
2927,M. Batshuayi,미치 배츠와이-아툰가,배츠와이
2928,C. Benteke,크리스티안 벤테케,벤테케
2929,T. Hazard,토르강 아자르,아자르
2930,J. Butland,잭 버틀런드,버틀런드
2931,T. Heaton,토마스 데이비드 히튼,히튼
2932,J. Pickford,조던 픽포드,픽포드
2933,B. Chilwell,벤 칠웰,칠웰
2934,M. Keane,마이클 킨,킨
2935,H. Maguire,해리 맥과이어,맥과이어
2936,J. Tarkowski,제임스 타코우스키,타코우스키
2937,D. Rice,데클런 라이스,라이스
2938,J. Ward-Prowse,제임스 워드-프라우스,워드-프라우스
2939,C. Wilson,콜린 윌슨,윌슨
2940,F. Ben Mustapha,파루크 베느 무스타파,베느
2941,M. Hassen,무에즈 하센,하센
2942,A. Balbouli,아이멘 마틀루티,마틀루티
2943,R. Bedoui,라미 베두이,베두이
2945,D. Bronn,딜랑 브론,브론
2946,O. Haddadi,우사마 하다디,하다디
2947,A. Maâloul,알리 말룰,말룰
2949,M. Ben Amor,모하메드 아미네 베느 아모르,베느
2950,A. Mohamed,아이마느 베느 모하메드,베느
2951,Y. Chamakhi,이아스시네 치아마흐이,치아마흐이
2952,M. Dräger,모하메드 드래거,드래거
2954,W. Kechrida,와지디 케슈리다,케슈리다
2955,S. Khaoui,사이프에딘 카우이,카우이
2956,B. Saidani,사이다니,사이다니
2957,F. Sassi,페르자니 사시,사시
2958,N. Sliti,나임 슬리티,슬리티
2959,B. Srarfi,바스세므 스라르피,스라르피
2961,A. Badri,아니케 바드리,바드리
2962,F. Chaouat,피라스 치아우아트,치아우아트
2963,T. Khenissi,타하 야신 케니시,케니시
2964,Y. Msakni,유세프 므사크니,므사크니
2967,L. Mejía,루이스 리카르도 메히아 카하르,메히아
2968,O. Mosquera,올란도 모스케라,모스케라
2970,É. Davis,에릭 하비에르 데이비스 그라할레스,데이비스
2971,F. Escobar,피델 에스코바르 멘디에타,에스코바르
2973,A. Murillo,마이켈 아미르 무리요,무리요
2975,C. Blackman,세자르 로돌포 블랙만 카마레나,블랙만
2977,A. Godoy,아니발 카시스 고도이 레무스,고도이
2978,A. Quintero,알베르토 아브디엘 킨테로 메디나,킨테로
2979,J. Rodríguez,호세 루이스 로드리게스 프란시스,로드리게스
2982,O. Browne,오마르 에세키엘 브라운 쥬니가,브라운
2983,J. Fajardo,호세 파하르도 넬슨,파하르도
2985,A. Gomis,알프레드 벤자민 주니어 고미스,고미스
2986,É. Mendy,에두아르 멘디,멘디
2988,D. Diaw,에라드주이 파페 드주이브리르 디아우,디아우
2989,L. Gassama,라민 가사마,가사마
2990,I. Gueye,이드리사 게예,게예
2991,C. Kouyaté,셰쿠 쿠야테,쿠야테
2992,A. N&apos;Diaye,알프레드 은디아예,은디아예
2994,M. Konaté,파페 무스사 코나테,코나테
2996,S. Thioub,사다 티우브,티우브
2997,Ł. Fabiański,우카시 파비안스키,파비안스키
2998,Ł. Skorupski,우카시 스코룹스키,스코룹스키
2999,J. Bednarek,얀 베드나레크,베드나레크
3000,B. Bereszyński,바르토시 베레신스키,베레신스키
3001,R. Gumny,로베르트 굼니,굼니
3002,A. Jędrzejczyk,아르투르 예드라예치크,예드라예치크
3003,M. Kamiński,마르친 카민스키,카민스키
3007,P. Frankowski,프셰미스와프 프란코프스키,프란코프스키
3008,M. Klich,마테우시 클리흐,클리흐
3009,K. Linetty,카롤 리네티,리네티
3010,A. Reca,아르카디우슈 레카,레카
3011,D. Szymański,다미안 시만스키,시만스키
3012,K. Grosicki,카밀 그로시츠키,그로시츠키
3013,D. Kownacki,다비트 코브나츠키,코브나츠키
3014,S. Żurkowski,시몬 주르코프스키,주르코프스키
3033,C. Bakambu,세드리크 바캄부,바캄부
3034,M. Elia,메쉐크 엘리아 리나,엘리아
3080,M. Munetsi,마셜 무네치,무네치
3099,Y. Ndayishimiye,유수프 냐디시미예,냐디시미예
3173,I. Bennacer,이스마엘 벤나세르,벤나세르
3176,B. Bounedjah,바그다드 부네자,부네자
3226,Simon Happygod Msuva,시모느 흐아프피고드 므수바,므수바
3243,J. Seri,장 미카엘 세리,세리
3246,N. Pépé,니콜라 페페,페페
3275,R. Williams,론웬 윌리엄스,윌리엄스
3287,T. Mokoena,테보호 모코에나,모코에나
3289,T. Zwane,템바 즈와네,즈와네
3347,A. Traoré,아다마 트라오레,트라오레
3380,D. Kiki,에나뇬 다비드 키키,키키
3390,O. Verdon,올리비에 베르동,베르동
3394,D. Lamkel Zé,디디르 라므케르 즈에,라므케르
3397,F. Ondoa,파브리스 온도아,온도아
3399,J. Dawa,조이스킴 오렐리앙 다와 차콘테,조이스킴 다와
3402,J. Fuchs,주에아느도 푸르라트 푸슈스,푸르라트
3403,P. Kunde,피에르 쿤데,쿤데
3404,G. Mandjeck,조르주 망지크,망지크
3405,A. Djoum,아르노 드욤,드욤
3406,A. Zambo Anguissa,앙드레프랑크 잠보 앙기사,앙기사
3407,S. Bahoken,스테판 바호켄,바호켄
3408,C. Bassogog,크리스티앙 바소고그,바소고그
3411,F. Annan,펠릭스 아느나느,아느나느
3412,L. Zigi,로런스 아티지기,아티지기
3413,R. Ofori,리치아르드 오포리 아느투이,오포리
3414,H. Afful,해리슨 애풀,애풀
3415,L. Agbenyenu,루모르 아그베니에누,아그베니에누
3416,John Boye,존 보예,보예
3417,J. Mensah,조나단 멘사,멘사
3418,N. Opoku,니컬러스 오포쿠,오포쿠
3419,Afriyie Acquah,아프리예 아쿠아,아쿠아
3420,T. Agyepong,카스 토마스 아기에포느그,아기에포느그
3421,D. Amartey,대니얼 아마티,아마티
3423,C. Atsu,크리스티안 아츠,아츠
3424,B. Mensah,베르나르드 메느사흐,메느사흐
3426,M. Wakaso,와카소 무바라크,무바라크
3427,A. Yiadom,앤디 이아돔,이아돔
3428,J. Ayew,조던 아예우,아예우
3429,E. Boateng,엠마누엘 보아텡,보아텡
3430,C. Ekuban,카렙 안사 에쿠반,에쿠반
3458,E. Belica,에그즈오느 베리카,베리카
3487,F. Maloku,파톤 말로쿠,말로쿠
3502,V. Limaj,베셀 리마이,리마이
3605,J. Pëllumbi,이오르고 페르루므비,페르루므비
3608,K. Sibo,콰시 시보,시보
3613,Blerim Krasniqi,블레림 크라스니치,크라스니치
3619,K. Cake,크리스마느 카케,카케
3638,E. Muçi,에르네스트 무치,무치
4399,H. Boudaoui,이샴 부다위,부다위
4408,A. Zorgane,아데므 즈오르가네,즈오르가네
4458,A. Dieng,아리우 디느그,디느그
4496,A. Kendouci,아흐메드 켄두시,켄두시
4509,M. Barka,모하메드 엘 아민 바르카,바르카
4561,Z. Belaïd,지네딘 벨라이드,벨라이드
4569,M. Tougai,모하메드 아민 투가이,투가이
5905,C. Olses,카를로스 라우르 오르세스 키ㅎ아다,오르세스
5923,M. Cassierra,마테오 카시에라,카시에라
5962,G. Ávila,가스토느 루키아노 아비라,아비라
5963,F. Fabra,프랭크 유스티 파브라 파라시오스,파브라
5967,K. Mac Allister,케빈 맥 알리스터,맥 알리스터
5972,J. Campuzano,조르만 다비드 카무파노 푼테스,카무파노
5994,J. Carrascal,호르헤 안드레스 카라스칼 가르도,카라스칼
5995,N. de la Cruz,디에고 니콜라스 데 라 크루스,데 라 크루스
5996,E. Fernández,엔소 페르난데스,페르난데스
6000,L. Martínez,루카스 마르티네스 콰르타,콰르타
6002,E. Palacios,에세키엘 팔라시오스,팔라시오스
6005,J. Quintero,후안 페르난도 킨테로,킨테로
6009,J. Álvarez,훌리안 알바레스,알바레스
6010,L. Beltrán,루카스 벨트란,벨트란
6011,R. Borré,라파엘 산토스 보레 마우리,보레
6056,N. Domínguez,니콜라스 도밍게스,도밍게스
6058,G. Giménez,가스톤 히메네스,히메네스
6064,F. Ortega,프란시스코 가브리엘 오르테가,오르테가
6067,T. Almada,티아고 알마다,알마다
6087,F. Gaibor,페르난도 비케느테 가이보르 오레이아나,가이보르
6092,A. Velasco,알란 아구스틴 벨라스코,벨라스코
6168,O. Alderete,오마르 알데레테,알데레테
6231,F. Medina,파쿤도 메디나,메디나
6236,A. Cubas,아드리안 안드레스 쿠바스,쿠바스
6250,D. Moreno,다이로 마우리시오 모레노 가린도,모레노
6254,D. Valoyes,디에고 루이스 발료예스 루이즈,발료예스
6327,M. Merentiel,미겔 안헬 메렌티엘,메렌티엘
6356,E. Cabrera,에느소 다니엘 카브레라,카브레라
6386,J. Carranza,ㅎ우리아느 시모느 카르라느사,카르라느사
6483,G. Ávalos,가브리엘 아발로스,아발로스
6485,G. Berterame,헤르만 베르테라메,베르테라메
6490,L. Vázquez,루이스 이스마에르 바스케스,바스케스
6492,J. Ledesma,ㅎ에레미아스 코나느 레데스마,레데스마
6503,N. Molina,나우엘 몰리나,몰리나
6608,G. Rojas,가브리엘 에르난 로하스,로하스
6610,M. Senesi,마르코스 세네시,세네시
6697,L. Chaves,루카스 아브라흐아므 치아베스,치아베스
6716,A. Mac Allister,알렉시스 맥알리스터,맥알리스터
6797,J. Davidson,제이슨 데이비드슨,데이비드슨
6799,A. Grant,알렉스 그랜트,그랜트
6804,M. Špiranović,마트스에우 토마스 스피라노비크,스피라노비크
6820,A. Redmayne,앤드류 제임스 레드메인,레드메인
6822,J. King,조엘 킹,킹
6826,A. Wilkinson,앨릭스 윌킨슨,윌킨슨
6828,J. Brillante,조슈아 브릴란테,브릴란테
6829,A. Cáceres,안토니 리차드 카세레스,카세레스
6832,C. Devlin,캐머런 데블린,데블린
6834,B. O&apos;Neill,브랜던 오닐,오닐
6845,L. Thomas,로렌스 앤드루 킹슬리 토마스,토마스
6849,T. Deng,토머스 뎅,뎅
6852,S. Roux,스톰 제임스 루,루
6854,T. Antonis,테리 안토니스,안토니스
6865,K. Barbarouses,콘스탄티노스 바르바루세스,바르바루세스
6870,P. Izzo,폴 이조,이조
6885,R. Strain,라이언 스트레인,스트레인
6888,C. Goodwin,크레이그 굿윈,굿윈
6892,A. Stamatelopoulos,아포스톨로스 바실리오스 스타마텔로푸로스,스타마텔로푸로스
6899,H. Delbridge,해리슨 델브리지,델브리지
6900,C. Good,커티스 굿,굿
6904,C. Metcalfe,코너 멧캐프,멧캐프
6908,N. Atkinson,너새니얼 앳킨슨,앳킨슨
6911,L. Brattan,루크 브래턴,브래턴
6913,R. McGree,라일리 맥그리,맥그리
6918,B. Fornaroli,브루노 포르나롤리 메짜,포르나롤리
6922,O. Sail,올리버 스티븐 에드워드 세일,세일
6931,L. Cacace,리버라토 커카치,커카치
6934,A. Rufer,알렉스 아서 루퍼,루퍼
6935,S. Singh,사르프리트 싱,싱
6936,Mandi,아르마느도 소사 페니아,소사
6937,G. Stensness,지아니 라이언 스텐스네스,스텐스네스
6938,B. Waine,벤자민 피터 웨인,웨인
6967,D. Petratos,디미트리 페트라토스,페트라토스
6973,N. Suman,니치오라스 수마느,수마느
6984,K. Baccus,키아누 배커스,배커스
6986,R. Bonevacia,롤리니 노나토 루이스 보네바시아,보네바시아
6993,M. Duke,미첼 듀크,듀크
7009,R. Tongyik,루오느 쿠크 토느기이크,쿠크
7023,N. D&apos;Agostino,니치오라스 다고스티노,다고스티노
7029,J. Gauci,조 앤서니 가우치,가우치
7037,L. Miller,루이스 밀러,밀러
7038,K. Rowles,카이 롤스,롤스
7049,J. Nisbet,조슈아 제프리 니스벳,니스벳
7050,A. O&apos;Neill,에이든 코너 오닐,오닐
7059,L. Gütlbauer,루카스 그위트르바우에르,그위트르바우에르
7060,J. Kreidl,요오흐아느네스 크라이드르,크라이드르
7081,S. Šurdanović,스테파노 수르다노비츠,수르다노비츠
7090,M. Svoboda,마이클 스보보다,스보보다
7106,K. Yeboah,케르비느 쿠아르테느그 이에보아흐,쿠아르테느그
7170,N. Schmid,니코라스 슈미드,슈미드
7195,T. Lawal,토비아스 오키키 라왈,라왈
7197,A. Andrade,안드레스 알베르토 안드라데 세데뇨,안드라데
7249,T. Sabitzer,토마스 사비트츠에르,사비트츠에르
7288,M. Zetterer,미하엘 젯테러,젯테러
7293,S. Kennedy,스코트트 피트즈게라르드 케느네디,피트즈게라르드
7313,P. Köhn,필리프 쾬,쾬
7318,A. Dedić,아마르 데디치,데디치
7319,J. Gazibegović,이우수프 가즈이베고비츠,가즈이베고비츠
7326,P. Pokorný,피터 포코르니,포코르니
7327,A. Prass,알렉산더 프라스,프라스
7328,N. Seiwald,니콜라스 자이발트,자이발트
7332,L. Sučić,루카 수치치,수치치
7334,K. Adeyemi,카림 아데예미,아데예미
7338,O. Diakité,우스마네 디아키테,디아키테
7398,B. Varga,바르나바스 바르가,바르가
7461,A. Turgeman,아로느 투르게마느,투르게마느
7506,N. Wimmer,니코라스 비므메르,비므메르
7525,A. Schlager,알렉산더 슐라거,슐라거
7529,G. Trauner,게르노트 트라우너,트라우너
7536,J. Holland,제임스 홀랜드,홀랜드
7562,R. Schmid,로마노 슈미트,슈미트
7564,S. Sprangler,스베느 마이클 스프라느그레르,스프라느그레르
7578,G. Mensah,기디언 멘사,멘사
7583,S. Hierländer,스테판 루카스 히어랜더,히어랜더
7586,O. Kiteishvili,오타 키테시빌,키테시빌
7597,M. Pink,마르쿠스 피느크,피느크
7598,P. Pentz,파트리크 펜츠,펜츠
7600,Igor,이고르,이고르
7662,R. Renner,레네 레느네르,레느네르
7683,E. Karić,에미르 카릭,카릭
7689,S. Gouet,샘율 이브 오움 구에,구에
7690,S. Piesinger,시모느 피시느게르,피시느게르
7694,Sherko Kareem,셰르코 카림 라티프 구바리,셰르코 카림
7701,P. Koller,파우르-프리드리흐 코르레르,코르레르
7712,M. Hjulmand,모르텐 율만,율만
7719,E. Aiwu,에마뉴엘 아이우,아이우
7721,M. Jakoliš,마린 야콜리쉬,야콜리쉬
7722,S. Kalajdzic,사샤 칼라이지치,칼라이지치
7745,R. Sallinger,라파에르 루카스 사르리느게르,사르리느게르
7780,V. Gromyko,발레리 그롬코,그롬코
7783,I. Nicolăescu,이온 니콜레스쿠,니콜레스쿠
7807,G. Kiki,가비 주우니오르 키키,주우니오르
7817,J. Fameyeh,지오에르 파메이에흐,파메이에흐
7857,R. Begunov,로마느 베구노브,베구노브
7910,A. Gavrilovich,아레크세이 가브리로비치,가브리로비치
8067,I. Shkurin,이리아 시쿠리느,시쿠리느
8103,A. Makavchik,아르테므 마카브치이크,마카브치이크
8138,I. Bakhar,이바느 바흐아르,바흐아르
8152,E. Shevchenko,에브게니 시에브치에느코,시에브치에느코
8410,D. Silinskiy,다니이르 시리느스키이,시리느스키이
8443,J. Teunckens,주에느스 테우느크케느스,테우느크케느스
8450,A. Seck,압둘라예 세크,세크
8451,Aurélio Buta,아우렐리오 가브리엘 울리네이아 부타,부타
8458,E. Nazaryna,에흐오르 나즈아리나,나즈아리나
8469,C. Coosemans,코리느 모리케 쿠세마느스,쿠세마느스
8470,J. De Busser,야리 데 부서,야리 데 부서
8471,T. Kaminski,토마스 카민스키,카민스키
8481,G. Chakvetadze,기오르기 치아크베타즈에,치아크베타즈에
8488,P. Azango,피리프 아즈아느고 에라이오,아즈아느고
8489,J. David,조너선 데이비드,데이비드
8492,A. Sørloth,알렉산데르 쇨로트,쇨로트
8493,R. Yaremchuk,로만 야렘추크,야렘추크
8500,W. Endo,엔도 와타루,와타루
8503,S. Mmaee,사미 엠마에 아 누암베벤,엠마에
8510,E. Acolatse,에르토느-오포이 아코라트세,아코라트세
8522,Joel Pereira,조엘 카스트루 페레이라,페레이라
8549,J. Imbrechts,주오아슈이므 이므브레슈트스,이므브레슈트스
8564,A. Gholizadeh,알리 골리자데,골리자데
8573,K. Nkuba,켄 끄바 치엔드,치엔드
8587,S. Amallah,셀림 아말라,아말라
8589,B. Manuel,벤슨 마뉴엘 헤디라지오,마뉴엘
8596,S. Spahiu,세바스티아느 스파흐이우,스파흐이우
8598,T. Awoniyi,타이워 아워니이,아워니이
8601,F. Pierrot,프란츠디 피에로,피에로
8625,C. Bedia,크리스 비안니 베디아,베디아
8627,T. Bongonda,테오 본곤다 무불오페코 바톰보아트,무불오
8631,A. Nurudeen,압둘 마나프 누루딘,누루딘
8632,H. Van Crombrugge,헨드릭 반 크롬브루헤,크롬브루헤
8634,R. Bushiri,록키 부시리 키송가,부시리
8641,A. Castro-Montes,아레스시오 다니엘 카스트로-모느테스,카스트로-모느테스
8642,M. Fall,마마두 파르르,파르르
8651,S. Essende,사무엘 에므마누에르 에스세느데 므보느구,에스세느데
8657,P. Nardi,폴 나르디,나르디
8660,Z. Bassong,조한 루도비크 바송,바송
8661,Vitinho,비치뉴,비치뉴
8670,N. Ueda,우에다 나오미치,나오미치
8680,C. Vanhoutte,샤를 뱅우트,뱅우트
8694,W. Faes,바우트 파스,파스
8716,D. Roef,다비 루프,루프
8720,A. Gamboa,아레크시스 이오흐아스리느 가므보아 로ㅎ아스,가므보아
8728,D. Bizimana,드지이흐아드 비즈이마나,비즈이마나
8753,J. Cevallos,호세 프라느키스코 케바이오스 에느리케스,케바이오스
8775,E. Moore,엘리엇 조던 무어,무어
8777,A. Touba,아메드 투바,투바
8782,B. Kapustka,바르토시 카푸스트카,카푸스트카
8789,K. Sowah,카말 소와,소와
8794,G. Hirst,조지 데이비드 에릭 허스트,허스트
8817,N. Zolotić,네르민 조로티치,조로티치
8845,D. Heymans,단 헤이만스,헤이만스
8866,E. Agyiri,에르네스트 아기이리,아기이리
8876,A. Nemane,아론 에반스 네마네,네마네
8902,B. De Keersmaecker,브라이언 데 커스매커,데 커스매커
8918,T. Tissoudali,타리크 티스수다리,티스수다리
8920,D. Vanzeir,단테 반차이르,반차이르
8939,R. Schoofs,롭 스호프스,스호프스
8944,G. Engvall,구스타브 페르 프레드리크 에느그바르르,에느그바르르
8990,N. Ghandri,나데르 간드리,간드리
9020,N. Bilbija,네마냐 빌비야,빌비야
9026,N. Vasilj,니콜라 바실리,바실리
9030,D. Graovac,다니엘 그라오바츠,그라오바츠
9035,H. Barišić,흐르보이에 바리시츠,바리시츠
9081,K. Memija,케리므 메미이아,메미이아
9084,R. Bajić,리아드 바지치,리아드
9353,Kady,카디 이우리 보르제스 말리노프스키,말리노프스키
9355,Vitor Carvalho,비토르 카르발류 비에이라,카르발류
9363,Igor Paixão,이고르 파이샹,파이샹
9366,Igor Jesus,이고르 제주스,제주스
9458,Léo Ortiz,레오 오르티즈,오르티즈
9467,Pedro Naressi,페드로 엔리케 나레시 마차도,나레시
9475,Claudinho,클라우지우 바치스타 두스 산투스,산투스
9566,Adryelson,아드리엘손 샤완 리마 실바,실바
9700,Abner,압네르 비니시우스 다 실바 산토스,산토스
9880,J. Cazares,후안 라모느 카사레스 세비이아노,카사레스
9891,D. Terans,미구에르 다비드 테라느스 페레스,테라느스
9920,Raphael Veiga,라파엘 베이가,베이가
9933,M. Borja,미겔 에르난데스 산체스,산체스
9938,Arthur Cabral,아르투르 카브라우,카브라우
9971,Antony,안토니,안토니
9978,Everson,에베르소느 페리페 마르쿠에스 피레스,마르쿠에스
9991,Lucas Veríssimo,루카스 시우바 보르헤스,보르헤스
9994,Jean Lucas,장 루카스 데 소우자 올리베이라,소우자
10008,Kaio Jorge,카이우 조르즈,조르즈
10009,Rodrygo,호드리구 고이스,고이스
10016,Paulinho,파울리뉴,파울리뉴
10018,Matheus Silva,마테우스 시우바,시우바
10040,Artur,아르투르 모라이스,모라이스
10077,Luis Henrique,루이스 엔히키,엔히키
10081,Rafael,하파에우 페헤이라 다 시우바,시우바
10083,Murilo,무릴루 엔리키 페헤이라 호샤,호샤
10089,Fabrício Bruno,파브리시오 브루노 소아레스 데 파리아,소아레스
10097,Éderson,에데르송,에데르송
10111,Bento,벤투,벤투
10112,Santos,아데르바르 멜루 두스 산투스 네투,네투
10115,Robson Bambu,로브소느 아르베스 바르로스,아르베스
10122,Renan Lodi,헤낭 로지,로지
10124,Léo Pereira,레오 페레이라,페레이라
10135,Bruno Guimarães,브루노 기마란예스,기마란예스
10156,Rodrigo Caio,호드리구 카이우,카이우
10157,Rodinei,로딘에이 마르셀 데 알메이다,로딘에이
10168,Éverton Ribeiro,에버톤 리베이로,리베이로
10174,Gabriel Barbosa,가브리엘 바르보사,바르보사
10233,B. Méndez,멘데스,멘데스
10238,Carlos Augusto,카를루스 아우구스투,아우구스투
10244,Pedrinho,조제 페드루 산투스,산투스
10252,J. Sornoza,주니어 나사레노 소르노사 모레이라,소르노사
10297,G. de Amores,데 아모레스,데 아모레스
10302,Paulo Ricardo Ferreira,파울루 페헤이라,페헤이라
10306,Nino,니노,니노
10316,Caio Henrique,카이우 엔히키,엔히키
10321,Pedro,페드루,페드루
10329,João Pedro,조아우 페드로,페드로
10387,Edenílson,에데니르소느 아느드라데 사느토스,아느드라데
10402,N. López,니콜라스 로페스,로페스
10500,Pepê Aquino,에두아르도 가브리엘 아키노 코사,에두아르도
11038,S. Ivanov,스타니슬라프 이바일로프 이바노프,이바노프
11040,Y. Seydakhmet,이에르케부라느 세이다흐메트,세이다흐메트
11059,C. Ohene,카를로스 오흐에네,오흐에네
11074,K. Dimitrov,크리스티아느 트라이치에브 디미트로브,트라이치에브
11098,I. Dyulgerov,이바느 바시레브 디우르게로브,바시레브
11137,A. Manneh,알라사나 마네,마네
11168,E. Tur,에드가르 투르,투르
11238,Y. Karabelyov,이아니스 다니로브 카라베리오브,다니로브
11245,F. Krastev,필리프 크라스테프,크라스테프
11249,R. Kirilov,라도스라브 키리로브 키리로브,키리로브
11255,M. Lukov,마르틴 루코브,루코브
11292,S. Vutsov,스베토스라브 베리스라보브 부츠오브,베리스라보브
11416,C. Gutiérrez,크리스티아느 다니엘 구티르레즈 즈우니가,구티르레즈
11448,B. Galdames,벤자민 이그나키오 가르다메스 미이아느,가르다메스
11485,F. Ramírez,파브리시오 안토니오 라미레스 모느테로,라미레스
11731,A. Rolín,알렉시스 롤린,롤린
11756,A. Rossi,아구스틴 로시,로시
12303,Ricardo Ade,리카르도 아데,아데
12705,Hulk,지바니우두 비에이라 지 소자,소자
12724,Talisca,탈리스카,탈리스카
13151,J. Portilla,후안 카밀로 포르티야 오로스코,포르티야
13183,J. Mesa,후안 카밀로 메사 안투네스,메사
13278,K. Mier,케빈 레오나르도 미에르 로블레스,미에르
13283,C. Cuesta,카를로스 에케호모 쿠에스타 피게로아,쿠에스타
13289,A. Reyes,안드레스 펠리페 레예스 암뷔이라,레예스
13310,S. Gómez,세바스티안 고메즈 론도뇨,고메즈
13363,R. Carrascal,라파엘 안드레스 카라스칼 아빌레스,카라스칼
13366,D. Cataño,다니엘 토레스,토레스
13376,J. Campaz,하민톤 레안드로 카파스,카파스
13489,J. Durán,존 두란,두란
13525,L. Castro,레오나르도 파비오 카스트로 로아이사,카스트로
13566,J. Chunga,호세 루이스 춘가 베가,춘가
13571,W. Ditta,윌러 에밀리오 디타 페레즈,디타
13572,G. Fuentes,가브리엘 엔리케 고메스,고메스
13642,A. Román,안드레스 펠리페 로만 모스케라,로만
13656,D. Silva,다비드 맥칼리스터 실바 모스케라,실바
13659,A. Llinás,안드레스 띠난스 몬테호,몬테호
13691,J. Carbonero,요한 스티벤 카르보네로 발란타,카르보네로
13708,J. Arias,존 아리아스,아리아스
13729,Á. Angulo,알바로 안이베르 앙구로 모스케라,앙구로
13736,D. Muñoz,다니엘 무뇨스,무뇨스
13848,R. Chirino,라치이드 에느리케 치이리노 세르라노,치이리노
13854,C. Martínez,크리스천 아로느소 마르티네스 메나,마르티네스
13860,A. Salazar,애런 사라사르 아리아스,사라사르
13866,Álvaro Alberto Saborío Chacón,알바로 사보리오,사보리오
13870,K. Briceño,케빈 아느드레스 브리케니오 토루니오,브리케니오
13881,M. Angulo,마르비느 ㅎ에수스 아느구로 보르보느,아느구로
13883,R. Blanco,리카르도 호세 브라느코 모라,브라느코
13884,C. Bolaños,크리스천 보라니오스 나바르로,보라니오스
13888,J. Hadden,ㅎ아이로느 ㅎ아흐이 흐아드데느 스카르레트트,흐아드데느
13891,J. Venegas,호안 베네가스,베네가스
13893,S. Zúñiga,수흐아느데르 마누엘 수니이가 코르데로,수니이가
13898,M. Ugalde,만프레드 우갈데,우갈데
13935,K. Brown,케이네르 이아마르 브로우느 브라크쿠우드,브로우느
13937,O. Galo,오르라느도 모이세스 가로 카르데로느,가로
13939,C. Martínez,카를로스 마르티네스,마르티네스
13942,L. Díaz,루이스 디아스,디아스
13949,Y. Salas,요스틴 델핀 살라스 고메즈,살라스
13951,Y. Tejeda,옐친 테헤다,테헤다
13952,G. Torres,헤르손 토레스,토레스
13955,A. Contreras,안토니 콘트레라스,콘트레라스
13961,D. Parker,다르리르 ㅎ아레드 파르케르 코르테스,파르케르
13969,D. Chacón,다니엘 차콘,차콘
13977,C. Núñez,크리스토페르 안토니오 누니에스 고느사레스,누니에스
13988,E. Alvarado,에스테반 알바라도,알바라도
14001,Y. Román,이우르구이느 아르베르토 로마느 아르파로,로마느
14009,A. Guevara,아이에느 에스테바느 구에바라 수니이가,구에바라
14016,B. Sequeira,바르로느 아느드레스 세케이라 시바ㅎ아,세케이라
14021,J. Montenegro,ㅎ우르구에느스 ㅎ오사파트 모느테네그로 바이에ㅎ오,모느테네그로
14022,J. Moya,조나탄 모야,모야
14104,F. Faerrón,페르나느 호세 파에르로느 트리스타느,파에르로느
14106,D. López,더글라스 로페스,로페스
14114,V. Griffith,빅토르 알프레도 그리피스 물린스,그리피스
14145,R. Bolaños,리아느 보라니오스 다비스,보라니오스
14146,J. Brenes,ㅎ에프페르소느 브레네스 로ㅎ아스,브레네스
14174,R. Wilson,로안 윌손,윌손
14198,K. Chamorro,케빈 로드리게스,로드리게스
14200,B. Alfaro,베르나르드 아르파로 아르파로,아르파로
14206,B. Aguilera,브란돈 아길레라,아길레라
14217,Y. López,이아에르 아느드레스 로페스 푸에느테스,로페스
14266,I. Smolčić,이반 스몰치치,스몰치치
14268,I. Pandur,이보르 판두르,판두르
14271,P. Mamić,페타르 마미츠,마미츠
14276,H. Smolčić,흐르보예 스몰치치,스몰치치
14278,D. Velkovski,다르코 베르코브스키,베르코브스키
14293,A. Čolak,안토니오-미르코 츠오라크,츠오라크
14297,I. Ivušić,이비차 이부시치,이부시치
14301,S. Radeljić,스티에판 라델지치,라델지치
14302,M. Škorić,미레 스코리츠,스코리츠
14307,M. Ćavar,마리이아느 츠아바르,츠아바르
14308,A. Grgić,알렌 그르지치,그르지치
14317,K. Abazaj,크리스타르 아바즈아이,아바즈아이
14320,M. Dugandžić,마르코 두간지치,두간지치
14325,M. Ljubić,마리느 류우비츠,류우비츠
14327,D. Bradarić,도마고이 브라다리치,브라다리치
14330,J. Juranović,요시프 유라노비치,유라노비치
14344,A. Palaversa,아느테 파라베르사,파라베르사
14351,E. Sahiti,에미르 사흐이티,사흐이티
14377,K. Lovrić,크리스티이아느 로브리츠,로브리츠
14379,C. Ndiaye,셰리프 디아예,디아예
14382,I. Grbić,이보 그르비치,그르비치
14386,F. Karačić,프란 카라치치,카라치치
14389,A. Majstorović,아느테 마이스토로비츠,마이스토로비츠
14390,Raul Gustavo,라우르 구스타보 페라이라 비카류오,페라이라
14394,L. Ivanušec,루카 이바누셰츠,이바누셰츠
14395,K. Jakić,크리스티얀 야키치,야키치
14398,N. Đurasek,네베느 지우라세크,지우라세크
14406,I. Filipović,이반 필리포비치,필리포비치
14410,B. Goda,브루노 고다,고다
14428,B. Bogojević,브루누 보고이에비츠,보고이에비츠
14434,L. Menalo,루카 메나로,메나로
14440,A. Bosec,안토니오 보세츠,보세츠
14455,K. Muhar,카를로 무하르,무하르
14480,A. Ivančić,안토니오 이바느츠이츠,이바느츠이츠
14517,F. Kovačević,프란코 코바체비치,코바체비치
14519,V. Lisakovich,비타리 리사코비치,리사코비치
14532,I. Nevistić,이반 네비스티치,네비스티치
14553,N. Labrović,네딜리코 라브로비치,라브로비치
14657,T. Kolega,토니 코레가,코레가
14677,M. Tolić,마르코 톨리치,톨리치
14682,M. Vranjković,마르코 브라니코비츠,브라니코비츠
14701,J. Šutalo,요시프 슈탈로,슈탈로
14705,N. Janković,니코 이아느코비츠,이아느코비츠
14867,S. Vulikić,스티페 부리키츠,부리키츠
14956,P. Ioannou,페트로스 이오아느누,이오아느누
15028,A. Paraskevas,아느트레아스 파라스케바스,파라스케바스
15286,Mousa Tamari,무사 타마리,타마리
15297,G. Zahid,가이아스 즈아흐이드,즈아흐이드
15301,André Vidigal,아느드레 피리페 쿠뉴아 비디가르,쿠뉴아
15328,I. Schranz,이반 슈란츠,슈란츠
15394,D. Demetriou,데메트리스 데메트리우,데메트리우
15414,M. Ďuriš,미할 듀리시,듀리시
15423,J. Mall,조엘 이브스 말,말
15470,A. Badara,아리우네 바다라 사므브,바다라
15471,M. Ilia,마리오스 이리아,이리아
15491,Joel Pereira,조엘 카스트루 페레이라,페레이라
15514,H. Hambardzumyan,호반네스 함바르주미안,함바르주미안
15553,K. Pileas,코스타스 피레아스,피레아스
15573,K. Grabara,카밀 그라바라,그라바라
15582,A. Munksgaard,알렉산더 무느크스가아르드 니르세느,무느크스가아르드
15592,J. Stage,지에느스 다르스가아르드 스타게,다르스가아르드
15597,R. Mmaee,리아느 므마에에 아누아므베베느 카비르,므마에에
15605,S. Gartenmann,스테판 가르텐만,가르텐만
15623,A. Bah,알렉산데르 바,바
15632,M. Andersen,마즈 율 안데르센,안데르센
15644,S. Heltne Nilsen,시베르트 흐에르트네 니르세느,흐에르트네
15683,G. Nilsson,흐아카느 구스타프 니르스소느,니르스소느
15704,K. Høgh,카스퍼 흐어,흐어
15705,E. Riis,에밀 리스 야콥센,야콥센
15706,B. Stokke,벤자민 스토크케,스토크케
15717,M. Ross,마티아스 옌센,옌센
15745,M. Roerslev,마즈 뢰르슬레브 라스무센,뢰르슬레브
15755,J. Þorsteinsson,요네 다구르 토르스테인손,토르스테인손
15769,Frans Putros,프란스 푸트로스,푸트로스
15773,C. Cappis,크리스천 지아에게르 카프피스,지아에게르
15783,E. Sabbi,에므마누에르 아프리이이 마리오 사브비,사브비
15788,J. Andersson,에릭 조엘 안데르손,안데르손
15797,J. Cajuste,옌스 리스 미셸 카유스테,카유스테
15799,F. Onyeka,프란치스코 오니에카,오니에카
15801,N. Madsen,니콜라스 마틴 하우토르프 마드센,마드센
15802,M. James,마느지레카르 지아메스,지아메스
15810,Júnior Brumado,조제 프란시스코 두스 산토스 주니오르,주니오르
15811,A. Dovbyk,아르템 도우비크,도우비크
15832,J. Sørensen,야코브 룽기 서렌센,서렌센
15837,C. Holse,칼 요한 홀세 유스텐,유스텐
15843,O. Christensen,올리베르 크리스텐센,크리스텐센
15848,J. Laursen,지아코브 바르레트트 라우르세느,라우르세느
15854,D. Obbekjær,다니엘 오브베크지æ르,오브베크지æ르
15858,M. Frøkjær-Jensen,마즈 프뢰케르-예른센,프뢰케르-예른센
15862,C. Nielsen,카스페르 닐센,닐센
15870,M. Hermansen,매즈 헤르만센,헤르만센
15874,A. Jung,안토니 융,융
15884,J. Lindstrøm,예스페르 린스트룀,린스트룀
15894,M. Uhre,미카엘 브란도프 우레,우레
15897,P. Vindahl,페테르 비느다흐르 지에느세느,비느다흐르
15898,C. Antwi,크리느토느 아느투이,아느투이
15900,A. Mumin,흐아리드 아브두르 무미느 수레마느,무미느
15901,M. Pedersen,마드스 기르시느그 바레느티느 페데르세느,페데르세느
15906,O. Antman,올리베르 안트만,안트만
15908,M. Damsgaard,미켈 담스고르,담스고르
15911,M. Kudus,모하메드 쿠두스,쿠두스
15912,V. Nelsson,빅토르 넬손,넬손
15916,A. Skov Olsen,안드레아스 스코우 올센,올센
15917,M. Rasmussen,마티아스 라스무센,라스무센
15919,M. Rygaard,미켈 옌센,옌센
15924,S. Crone,스베느느 크로네,크로네
15927,A. Hagelskjær,안데르스 라우리츠 하겔스케르,하겔스케르
15934,M. Emil Madsen,마르쿠스 마드센,마드센
15935,M. Mattsson,마티아스 마트손,마트손
15936,P. Mattsson,펠레 엘케르 마츠손,마츠손
15943,S. Jørgensen,세바스티아느 비느트흐에르 지ø르게느세느,비느트흐에르
15945,J. Okkels,예페 뫼드룹 오켈스,오켈스
16046,V. Torp,빅토르 토르프 오버가드,오버가드
16061,A. Sørensen,애덤 스ø레느세느,스ø레느세느
16072,M. Westergaard,마그누스 히 베스터가르드,베스터가르드
16100,E. Holten,에미르 프로스트 흐오르테느,프로스트
16108,Marian Huja,마리아느 페르난도 흐우주아,흐우주아
16126,M. Rajović,미레타 라지오비크,라지오비크
16313,J. Carabalí,호세 ㅎ오에르 카라바리 프라도,카라바리
16353,J. Pinos,호르헤 피노스,피노스
16357,F. León,루이스 페르난도 레오느 베르메오,레오느
16360,A. Franco,알란 프랑코,프랑코
16367,W. Pacho,윌리안 파초,파초
16369,G. Plata,곤잘로 조르디 플라타 히메네스,플라타
16370,L. Realpe,레오나르도 하비에르 레알페 몬타뇨,레알페
16372,L. Segovia,루이스 헤오반니 세고비아 베가,세고비아
16375,W. Corozo,우아슈이느그토느 브리아느 코로소 베케르라,코로소
16380,H. Galíndez,에르난 갈린데스,갈린데스
16385,Marcos Andrés López Cabrera,마르코스 아느드레스 로페스 카브레라,로페스
16404,Walter Leodán Chalá Vásquez,우아르테르 레오다느 치아라 바스케스,치아라
16408,J. Burrai,하비에르 니콜라스 부라이,부라이
16413,J. Corozo,잔너 히클러 코로조 알만,코로조
16414,M. Corozo,모이세스 다비드 코로소 카니이사레스,코로소
16419,Leonel Enrique Quiñónez Padilla,레오넬 엔리케 키뇨네스 파딜라,키뇨네스
16432,M. Estrada,미차엘 에스트라다,에스트라다
16449,P. Perlaza,페드루 파브로 페르라사 카이케도,페르라사
16454,C. Garcés,카를로스 ㅎ오흐느 가르케스 아코스타,가르케스
16462,A. Chalá,아니발 에르난 찰라 아요비,찰라
16463,C. Cruz,크리스천 헤오바느니 크루스 타피아,크루스
16470,J. Alcívar,조르디 호세 알시바르 마시아스,알시바르
16475,F. Guerra,프라느크리느 ㅎ오슈우아 구에르라 케데니오,구에르라
16477,A. Muñoz,아도르포 아레ㅎ아느드로 무니오스 케르바느테스,무니오스
16480,D. Reasco,죠르카에프 네이서 레아스코 곤살레스,레아스코
16482,R. Aguirre,로드리고 세바스티안 아귀레,아귀레
16486,J. Murillo,ㅎ아코브 이스라에르 무리이오 모느카다,무리이오
16524,Alexander Antonio Alvarado Carriel,알렉산더 안토니오 아르바라도 카르리르,아르바라도
16533,J. Quiñónez,ㅎ흐오느니 라우르 키니오네스 루이스,키니오네스
16536,G. Vallecilla,에크소느 구스타보 바이에키이아 고도이,바이에키이아
16549,M. Mejía,마르로느 마우리키오 메ㅎ이아 디아스,메ㅎ이아
16552,B. Angulo,브리아느 데느니스 아느구로 테노리오,아느구로
16554,D. Arroyo,디크소느 ㅎ아이르 아르로이오 에스피노사,아르로이오
16557,R. Caicedo,로마리오 ㅎ아비르 카이케도 아느테,카이케도
16570,J. Rojas,호아오 로하스,로하스
16579,D. Cabezas,다비드 에스탈린 카베사스 메디나,카베사스
16590,J. Caicedo,조르디 호수에 카이세도 메디나,카이세도
16628,J. Ortiz,후리오 조아오 오르티스 란다수리,오르티스
16642,G. Valle,곤잘로 로베르토 발레 부스타만테,발레
16767,J. Cevallos,호세 가브리엘 케바이오스 에느리케스,케바이오스
16776,J. Cifuentes,호세 시푸엔테스,시푸엔테스
16797,Mohamed El Shenawy,모하메드 엘셰나위,엘셰나위
16804,Yasser Ibrahim,야세르 이브라힘,이브라힘
16805,Rami Rabia,라미 라비아,라비아
16813,Hamdi Fathy,햄디 파티,파티
16831,Al Mahdi Soliman,알 마디 솔리만,솔리만
16841,Mohanad Lasheen,모하나드 라신,라신
16860,H. Nagguez,흐아므디 나그구에즈,나그구에즈
16871,Zizo,지조,지조
16901,Islam Issa,이슬람 이사,이사
16933,S. Jaziri,세이페딘 자지리,자지리
16967,J. Antwi,지오흐느 두쿠 아느투이,아느투이
17032,Khaled Sobhy,칼레드 소비,소비
17269,Emam Ashour,에맘 아슈르 메트왈리 압델가니,아슈르
17349,Ayman El Ghobashy,아이마느 고바시이,고바시이
17356,G. Smith,그랜트 애슐리 스미스,스미스
17357,J. Vickers,조슈아 앤서니 빅커스,빅커스
17367,J. Wilson,제임스 안토니 윌슨,윌슨
17369,H. Anderson,흐아르리 지오흐느 아느데르소느,아느데르소느
17370,L. Angol,리 앤졸,앤졸
17373,E. Chapman,에르리스 다르레느 치아프마느,치아프마느
17378,T. Pett,토마스 게오르게 페트트,페트트
17379,J. Roberts,지오르다느 스테페느 로베르트스,로베르트스
17382,J. Akinde,존 조브 아요 아킨디,아킨디
17387,J. Murphy,조셉 머피,머피
17392,E. O&apos;Connell,오건 오코넬,오코넬
17395,S. Wharton,스콧 브래들리 와튼,와튼
17396,J. Adams,지오세프 아느스오니 아다므스,아다므스
17398,W. Aimson,윌리엄 스튜어트 에이민슨,에이민슨
17407,F. Seriki,올루와페미 이브라힘 세리키,세리키
17410,D. Telford,도미닉 데이비드 텔포드,텔포드
17418,S. Moore,스튜어트 존 무어,무어
17419,L. Nicholls,리 앤써니 니콜스,니콜스
17421,C. Brittain,캘럼 제임스 브리튼,브리튼
17422,B. Cargill,베일리 카길,카길
17424,J. Houghton,조던 휴튼,휴튼
17427,J. Moore-Taylor,조던 앨런 무어-테일러,무어-테일러
17431,C. Aneke,추크웨메카 아데몰라 아마치 아네케,아네케
17434,A. Gilbey,알렉산더 스콧 길비,길비
17437,D. Kasumu,데이비드 아요미데 카수무,카수무
17438,C. McGrandles,코너 맥그란들스,맥그란들스
17441,R. Watson,리아느 지아메스 우아트소느,우아트소느
17448,J. Smith,지오르다느 크리프포르드 스미스,스미스
17449,M. Benning,말빈드 싱 베닝,베닝
17450,J. Grant,호르헤 에드워드 그란트,그란트
17453,R. Sweeney,라이언 조셉 스위니,스위니
17460,C. Hamilton,크리스토퍼 네이닌 해밀턴,해밀턴
17461,G. Jones,게신 윈 존스,존스
17465,A. Smith,알리스테어 올루와숀 스미스,스미스
17475,D. Rose,다니얼 안토니 로즈,로즈
17476,T. Walker,타일러 워커,워커
17478,L. Thomas,루이스 리스 토마스,토마스
17479,Lewis Moore Ward,루이스 무어 워드,워드
17482,U. Godwin-Malife,우도카 파보르 고드윈-말리프,고드윈-말리프
17485,F. Rawson,페런드 제임스 로슨,로슨
17486,L. Shephard,리엄 셰퍼드,셰퍼드
17487,R. Brown,리스 브라운,브라운
17495,S. McCoulsky,션 피츠제럴드 조셉 맥컬스키,맥컬스키
17505,J. Caprice,지아케 레노크스 카프리케,카프리케
17510,E. Monthe,에마뉘엘 가에탕 누엠캄 몬테,몬테
17513,J. Smith,조나단 게리 스미스,스미스
17519,K. Morris,키런 모리스,모리스
17520,P. Mullin,폴 필립 뮬린,뮬린
17527,C. Jennings,코너 조셉 제닝스,제닝스
17529,J. Norwood,제임스 해몬드 노우우드,노우우드
17530,J. Day,조셉 데이,데이
17534,A. Hughes,앤드루 마틴 휴즈,휴즈
17538,R. Poole,리건 풀,풀
17551,A. Collins,아론 그레이엄 존 콜린스,콜린스
17563,T. Eastman,토마스 마이클 이스트맨,이스트맨
17564,O. Kensdale,올리버 제임스 켄즈데일,켄즈데일
17567,K. Vincent-Young,케인 벤자민 빈센트-영,빈센트-영
17570,B. Comley,브랜든 컴리,컴리
17571,L. Dunne,루이스 앤서니 던,던
17575,H. Pell,흐아르리 다비드 바르라지 페르르,페르르
17577,C. Senior,코트니 피츠로이 세니어,세니어
17578,B. Stevenson,벤 에드워드 스티븐슨,스티븐슨
17579,S. Szmodics,사무엘 조셉 스모딕스,스모딕스
17583,L. Norris,루크 마이클 노리스 '해커',노리스
17584,F. Nouble,프랭크 허먼 누블,누블
17587,C. Pym,크리스티 제임스 폼,폼
17594,A. Hartridge,알렉스 던컨 하트리지,하트리지
17597,D. O&apos;Shea,다라 조셉 오쉐이,오쉐이
17598,P. Sweeney,피어스 리암 스위니,스위니
17599,K. Wilson,케인 레오 윌슨,윌슨
17602,A. Collins,아치 피너 콜린스,콜린스
17606,J. Key,조슈아 마일스 아브라함 키,키
17611,J. Randall,조엘 존 랜들,랜들
17613,J. Taylor,제이크 테일러,테일러
17618,J. Sparkes,잭 스파크스,스파크스
17619,R. Williams,라느데르르 우이르리아므스,우이르리아므스
17623,P. Farman,폴 데이비드 파만,파만
17624,J. Ball,제임스 카메론 볼,볼
17632,I. Chair,일리아스 샤이르,샤이르
17639,T. Vancooten,테렌스 오웬 반쿠텐,반쿠텐
17640,L. James-Wildin,루스에르 아슈 지아메스-우이르디느,지아메스-우이르디느
17641,E. Adebayo,에리지아흐 아이오미쿠레흐이느,아이오미쿠레흐이느
17644,J. Gibson,조던 루이스 기브슨,기브슨
17647,D. Newton,다니엘 제임스 뉴턴,뉴턴
17656,M. Gillesphey,맥콜레이 질레스피,질레스피
17661,J. Branthwaite,재러드 브랜스웨이트,브랜스웨이트
17668,C. O&apos;Hare,캘럼 루크 오헤어,오헤어
17670,R. Slater,리건 슬레이터,슬레이터
17683,P. Ng,페리 티안 희 엔,엔
17685,H. Pickering,해리 레슬리 피커링,피커링
17691,J. Jones,지아메스 치아르레스 지오네스,지오네스
17695,L. Offord,루크 윌리엄 오퍼드,오퍼드
17697,R. Wintle,라이언 윈틀,윈틀
17698,J. Bowery,조던 보워리,보워리
17699,O. Dale,오우에느 다레,다레
17708,D. Conroy,디오느 지오흐느 코느로이,코느로이
17710,K. Knoyle,카일 노일,노일
17714,L. Woolfenden,루크 매튜 울펜덴,울펜덴
17722,E. Iandolo,에르리스 카르로 이아느도로,이아느도로
17728,K. Anderson,케시 스튜어트 올루인카 아데토쿤 앤더슨,앤더슨
17730,B. House,벤자민 하우스,하우스
17733,K. Woolery,카이이네 리베르 우우레리,우우레리
17736,D. Iversen,다니엘 뢰네 이버센,이버센
17739,G. Edmundson,사무엘 게오르게 아라느 에드무느드소느,에드무느드소느
17740,T. Hamer,토마스 필립 헤이머,헤이머
17741,R. Hunt,로버트 도널드 헌트,헌트
17756,O. Afolayan,오라다포 지오슈우아 아포라이아느,아포라이아느
17760,C. Lang,칼럼 지오세프 라느그,라느그
17767,D. Cornell,데이빗 코넬,코넬
17772,C. Goode,찰스 제임스 구드,구드
17774,S. McWilliams,숀 다니엘 맥윌리엄스,맥윌리엄스
17775,A. Pierre,아론 조던 피에르,피에르
17777,J. Turnbull,조던 로버트 터널,터널
17778,J. Williams,지아이 우이르리아므스,우이르리아므스
17781,S. Foley,사무엘 로버트 폴리,폴리
17785,S. Pollock,스콧 알렉산더 글래드만 폴럭,폴럭
17786,M. Roberts,모건 엘리엇 로버츠,로버츠
17789,T. Elšnik,티미 막스 엘슈닉,막스 엘슈닉
17790,S. Hoskins,사무엘 토비아스 호스킨스,호스킨스
17794,J. Powell,조 제임스 파웰,파웰
17797,S. Flinders,스코트트 리아므 프리느데르스,프리느데르스
17800,W. Boyle,윌리엄 보일,보일
17805,C. Pring,캐머런 루이스 모이어-프링,프링
17806,C. Raglan,찰스 조던 클락 래글란,래글란
17810,R. Broom,라이언 제임스 브룸,브룸
17815,C. Thomas,코노르 토마스,토마스
17817,B. Waters,빌리 헨리 페나 워터스,워터스
17823,G. Lloyd,조지 로버트 로렌스 로이드,로이드
17832,M. Pollock,매튜 윌리엄 폴락,폴락
17835,H. Clifton,해리 루이스 클리프턴,클리프턴
17839,J. Grayson,조셉 니콜라스 그레이슨,그레이슨
17844,C. Vernam,찰스 테렌스 프리스트리 번람,번람
17847,R. Burrell,루마른 카메론-스콧 버렐,버렐
17849,K. Dennis,크리스티아느 데느니스,데느니스
17857,S. Lavelle,사무엘 마크 라벨,라벨
17860,R. Oates,라이스 데릭 오츠,오츠
17878,S. Dalby,사무엘 게오르게 다르비,다르비
17879,Carlos Gomes,카를로스 멘데스 고메스,고메스
17881,L. Mandeville,리암 만데빌,만데빌
17884,G. Morris,글렌 제임스 모리스,모리스
17904,O. Palmer,올리버 제임스 팔머,팔머
17908,S. Hornby,사무엘 코너 호른비,호른비
17909,M. Clark,미첼 리스 클라크,클라크
17910,A. Crookes,아담 마크 크룩스,크룩스
17911,J. Gibbons,제임스 깁본스,깁본스
17915,N. Smith,네이단 제임스 스미스,스미스
17916,T. Vassell,스에오 가리 카르르스타느 바스세르르,바스세르르
17920,L. Hannant,루크 제임스 한난트,한난트
17926,C. Whelan,캘럼 타일러 휠란,휠란
17927,B. Whitfield,벤자민 마이클 위트필드,위트필드
17928,D. Worrall,데이비드 리차드 워럴,워럴
17929,T. Conlon,톰 콘론,콘론
17932,M. Harris,마크 해리스,해리스
17939,D. Mitov,디미타르 미토브,미토브
17942,H. Coulson,헤이든 로스 콜슨,콜슨
17943,H. Darling,해리 잭 달링,달링
17951,J. Doyle-Hayes,제이크 빌리 도일 헤이즈,도일 헤이즈
17953,B. Halliday,브래들리 할리데이,할리데이
17956,E. Osadebe,에마누엘 에부카 오사데베,오사데베
17962,R. Hepburn-Murphy,러시안 헵번-머피,헵번-머피
17965,T. Knowles,토마스 앤드류 노울스,노울스
17966,G. Maris,조지 토마스 마리스,마리스
17975,J. Grimes,제이미 닐 그라임스,그라임스
17977,Z. Jules,작 케네디 줄스,줄스
17980,C. Maycock,캘럼 메이콕,메이콕
17985,R. Cole,리스 조지 콜,콜
17997,H. Smith,해리 로이 스미스,스미스
17998,S. Wilson,스콧 크리스틴 스콧-윌슨,스콧-윌슨
18000,R. Fitzsimons,로스 앨런 리차드 프랭크 피츠시몬스,피츠시몬스
18009,E. Hewitt,엘리엇 잭 휴잇,휴잇
18013,S. Stubbs,샘 앨런 스텁스,스텁스
18029,K. Etete,키온 리스 에테테,에테테
18030,K. Hemmings,카네 루우디 흐에므미느그스,흐에므미느그스
18033,N. Baxter,네이단 백스터,백스터
18040,T. James,토마스 린 제임스,제임스
18043,O. Sowunmi,오마르 콜라월레 올루페미 소운미,소운미
18045,R. Browne,스티븐 리스 브라운,브라운
18050,A. Pattison,알렉산더 안토니 패티슨,패티슨
18059,D. Jaiyesimi,디알랑 자이예시미,자이예시미
18067,M. Ekpiteta,마빈 악페레오제네 폴 에끼페타,에끼페타
18068,D. Happe,다니엘 키스 합프,합프
18071,S. Ogie,샤드라크 노사 오지,오지
18073,J. Sweeney,제이든 데슬란드 스위니,스위니
18076,J. Brophy,제임스 브로피,브로피
18080,J. Koroma,조슈아 아브다라이 코로마,코로마
18085,M. Bonne,마컬리 마일스 본,본
18090,R. Boot,라이언 토마스 윌리엄 부트,부트
18096,T. Williams,티로네 우이르리아므스,우이르리아므스
18102,J. Sbarra,조셉 크리스토퍼 스바라,스바라
18110,M. Crocombe,막심 테레모아나 크로콤베,크로콤베
18120,C. Piergianni,칼 리암 피에르지아니,피에르지아니
18121,I. Touray,이부 오마르 투라이,투라이
18128,D. Politic,덴니스-도리안 폴리틱,폴리틱
18131,M. Shelton,마크 존 셸튼,셸튼
18146,D. Ward,다니엘 워드,워드
18173,J. Lynch,지아이 아느스오니 리느치,리느치
18177,N. Byrne,닐 번,번
18181,T. Sang,토마스 로이 상,상
18185,R. Croasdale,라이언 마크 크로스데일,크로스데일
18188,N. Haughton,니콜라스 조지 호튼,호튼
18199,J. Belshaw,제임스 벨쇼,벨쇼
18202,L. Kitching,리암 키칭,키칭
18205,J. Senior,잭 크리스토퍼 세니어,세니어
18207,W. Burrell,워렌 매튜 버렐,버렐
18209,J. Falkingham,지오슈우아 다비드 파르키느가므,파르키느가므
18213,G. Thomson,게오르게 흐에느리 스오므소느,스오므소느
18218,J. Muldoon,조나단 잭 멀둔,멀둔
18223,L. Southwood,루크 케빈 사우스우드,사우스우드
18251,C. Bush,크리스토퍼 마일스 부시,부시
18256,E. Adams,에브리마 아담스,아담스
18261,J. Payne,잭 스테판 페인,페인
18264,M. Cheek,마이클 치크,치크
18269,C. Whitely,코레이 미르토느 우흐이테리,우흐이테리
18273,A. Pears,아이느스레이 아라느 우이르리아므 페아르스,페아르스
18276,R. Tinkler,로비 틴클러,틴클러
18288,J. Mellish,존 제임스 알렉산더 멜리쉬,멜리쉬
18328,K. Jameson,키레 알렉산더 지아메소느,지아메소느
18331,R. Norrington-Davies,리스 노링턴-데이비스,노링턴-데이비스
18337,J. Kay,조슈아 윌리엄 케이,케이
18352,R. Brindley,리처드 마이클 브린들리,브린들리
18353,L. Coulson,루크 콜슨,콜슨
18366,B. Sarpong-Wiredu,브렌던 나나 사르퐁-위레두,사르퐁-위레두
18369,Omar Bugiel,오마르 부기엘,부기엘
18372,R. Hackett,리코 리 하켓-페어차일드,하켓-페어차일드
18382,Ricardo,히카르두,히카르두
18386,C. Reynolds,캘럼 레이놀즈,레이놀즈
18392,A. Charles,애슐리 제임스 찰스,찰스
18397,J. Taylor,잭 헨리 필립 테일러,테일러
18404,E. Mason-Clark,에프론 자델 메이슨-클라크,메이슨-클라크
18405,D. Sweeney,다니얼 리암 스위니,스위니
18439,H. Hollis,헤이든 조셉 홀리스,홀리스
18440,L. Maguire,라우레느케 흐에느리 마구이레,마구이레
18467,S. Johnson,존슨,존슨
18483,M. Duku,이만율손 과드우 오포쿠 두쿠,두쿠
18499,P. Kioso,피터 키오소,키오소
18507,J. Hawkes,조슈아 스튜어트 호크스,호크스
18508,G. Holohan,가반 리차드 호로한,호로한
18509,L. Molyneux,루크 제임스 몰리뉴,몰리뉴
18512,K. Richardson,켄턴 테리 리처드슨,리처드슨
18514,N. Kabamba,닉 캄밤바,캄밤바
18517,E. Justham,엘리엇 저스햄,저스햄
18523,L. Gordon,리암 스펜서 고든,고든
18532,W. Wright,윌리엄 라이트,라이트
18535,E. Bonds,엘리엇 마이클 본즈,본즈
18556,R. Sheckleford,라이힘 셰클퍼드,셰클퍼드
18570,M. Fondop-Talum,칼 마이크 폰돕-탈럼,폰돕-탈럼
18571,J. Kelly,조쉬 켈리,켈리
18572,S. Nombe,사무엘 트슈이아이이마 노므베,노므베
18580,F. Ilesanmi,올루와페미 아바요미 알라바 일레산미,일레산미
18583,K. Smith,케인 스미스,스미스
18592,I. Ndiaye,일리만 은디아예,은디아예
18597,I. Kanu,이드리스 카누,카누
18599,S. Thomas,벤자민 소르바 윌리엄 토마스,토마스
18603,W. Mannion,윌리엄 존 매니언,매니언
18606,D. Bernard,도미닉 아치 버나드,버나드
18623,R. Booty,리건 부티,부티
18626,J. Goddard,존 로버트 고다드,고다드
18647,B. Killip,벤 킬립,킬립
18648,R. Atkinson,로버트 필립 앳킨슨,앳킨슨
18652,C. James,캐머런 루이스 제임스,제임스
18668,C. Morton,칼럼 다미아느 페테르 모르토느,모르토느
18701,J. Quigley,지오세프 리치아르드 쿠이그레이,쿠이그레이
18721,J. Powell,잭 패트릭 파웰,파웰
18728,J. Amaluzor,저스틴 아말루조르,아말루조르
18736,W. Norris,윌리엄 제임스 노리스,노리스
18737,J. Ruddy,존 러디,러디
18739,W. Boly,윌리-아르노 조보 볼리,볼리
18741,C. Coady,코너 코디,코디
18742,M. Doherty,맷 도허티,도허티
18744,M. Kilman,맥스 킬먼,킬먼
18745,Rúben Vinagre,후벵 비나그르,비나그르
18746,M. Gibbs-White,모건 깁스화이트,깁스화이트
18747,R. Giles,라이언 자일스,자일스
18748,Pote,페드루 곤살베스,곤살베스
18750,N. Ennis,나일 네이단 마이클 엔니스,엔니스
18753,Adama Traoré,아모드 트라오레,트라오레
18755,João Virgínia,주앙 네베스,네베스
18758,S. Coleman,셰이머스 콜먼,콜먼
18760,J. Kenny,존조 케니,존조 케니
18762,T. Davies,토마스 데이비스,데이비스
18765,André Gomes,안드레 고메스,고메스
18766,D. Calvert-Lewin,도미닉 칼버트르윈,칼버트르윈
18767,A. Lookman,아데몰라 루크먼,루크먼
18768,C. Tosun,젱크 토순,토순
18771,Ricardo Pereira,히카르두 도밍구스 바르보자 페레이라,페레이라
18776,Ç. Söyüncü,찰라르 쇠윈쥐,쇠윈쥐
18778,H. Barnes,하비어 바른스,바른스
18779,H. Choudhury,함자 초우두리,초우두리
18780,R. Ghezzal,라시드 게잘,라시드
18781,D. Gray,데마라이 그레이,그레이
18782,M. James,매튜 리 제임스,제임스
18784,J. Maddison,제임스 매디슨,매디슨
18785,N. Mendy,남팔리스 멘디,멘디
18786,W. Ndidi,윌프레드 은디디,은디디
18787,S. Okazaki,오카자키 신지,신지
18799,A. Masina,아담 마시나,마시나
18803,N. Chalobah,너새니얼 찰로바,찰로바
18805,A. Doucouré,압둘라예 두쿠레,두쿠레
18806,W. Hughes,우이르리아므 지아메스 흐우게스,흐우게스
18807,Domingos Quina,도미느고스 쿠이나,쿠이나
18810,A. Gray,안드레 그레이,그레이
18812,Adrián,산 미겔 델 카스티요 애드리안,애드리안
18813,A. Cresswell,에런 크레스웰,크레스웰
18814,I. Diop,이사 디오프,디오프
18816,A. Masuaku,아샤훔 마수아쿠,마수아쿠
18820,C. Coventry,코너 제임스 코벤트리,코벤트리
18823,B. Johnson,벤자민 앤서니 존슨,존슨
18830,M. Arnautović,마르코 아르나우토비치,아르나우토비치
18834,A. Yarmolenko,아느드리이 이아르모레느코,이아르모레느코
18836,W. Hennessey,웨인 헤네시,헤네시
18843,J. Schlupp,제프리 슐루프,슐루프
18845,P. van Aanholt,파트릭 판안홀트,판안홀트
18846,A. Wan-Bissaka,에런 완비사카,완비사카
18847,J. Ward,조엘 워드,워드
18853,J. Riedewald,야이로 리데발트,리데발트
18858,A. Begović,아스미르 베고비치,베고비치
18860,M. Travers,마크 트래버스,트래버스
18861,N. Aké,나탄 아케,아케
18862,N. Clyne,나다니엘 클라인,클라인
18863,S. Cook,스티브 쿡,쿡
18866,C. Mepham,크리스토퍼 제임스 멥햄,멥햄
18868,J. Simpson,잭 벤자민 심슨,심슨
18869,A. Smith,애덤 스미스,스미스
18870,D. Brooks,데이비드 브룩스,브룩스
18871,M. Butcher,매튜 데이비드 버처,버처
18872,L. Cook,루이스 쿡,쿡
18873,R. Fraser,라이언 프레이저,프레이저
18877,N. Ofoborh,네이단 나머디 우고추쿠우 벤자민 아시그보로 오포보르,오포보르
18883,D. Solanke,도미닉 솔란케,솔란케
18885,K. Darlow,칼 달로,달로
18886,M. Dúbravka,마르틴 두브라프카,두브라프카
18889,F. Woodman,프레디 우드먼,우드먼
18894,J. Lascelles,자말 러셀스,러셀스
18897,D. Yedlin,데안드레 예들린,예들린
18899,I. Hayden,아이작 하이든,하이든
18901,S. Longstaff,샨 롱스태프,롱스태프
18903,M. Ritchie,마트스에우 토마스 리트치이,리트치이
18905,Y. Muto,무토 요시노리,요시노리
18906,Ayoze Pérez,아요세 페레스,페레스
18907,Joselu,호셀루,호셀루
18911,N. Pope,닉 포프,포프
18913,A. Driscoll-Glennon,앤서니 데이비드 드리스콜-글레논,드리스콜-글레논
18914,B. Gibson,벤자민 제임스 기브슨,기브슨
18917,B. Mee,벤자민 토마스 미,미
18918,C. Taylor,찰스 제임스 테일러,테일러
18920,J. Benson,지오슈 베느소느,베느소느
18921,R. Brady,로베르트 브라디,브라디
18927,A. Barnes,애슐리 반스,반스
18929,D. McNeil,드와이트 맥닐,맥닐
18930,M. Vydra,마테이 비드라,비드라
18931,C. Wood,크리스 우드,우드
18932,F. Forster,프레이저 포스터,포스터
18933,A. Gunn,알렉스 건,건
18934,H. Lewis,해리 루이스,루이스
18935,A. McCarthy,알렉스 맥카시,맥카시
18938,A. Jones,알피 존스,존스
18939,K. Ramsay,카이네 라므사이,라므사이
18940,J. Stephens,잭 스티븐스,스티븐스
18941,M. Targett,맷 타겟,타겟
18942,Y. Valery,이아느 바레리,바레리
18943,J. Vestergaard,야니크 베스테르고르,베스테르고르
18944,M. Yoshida,요시다 마야,마야
18945,S. Armstrong,스튜어트 암스트롱,암스트롱
18946,M. Elyounoussi,모하메드 엘요노시,엘요노시
18947,M. Lemina,마리오 레미나,레미나
18948,N. Redmond,네이선 레드먼드,레드먼드
18949,Oriol Romeu,오리올 로메우,로메우
18954,S. Gallagher,사무엘 제임스 갤러거,갤러거
18955,D. Ings,다니엘 윌리엄 존 잉스,잉스
18957,M. Obafemi,마이클 오루우아두로티미 오바페미,오루우아두로티미
18958,D. Button,데이비드 로버트 에드문드 버튼,버튼
18959,Robert Sánchez,로베르트 산체스,산체스
18960,J. Steele,제이슨 스틸,스틸
18961,D. Burn,댄 번,번
18962,S. Duffy,셰인 더피,더피
18963,L. Dunk,루이스 덩크,덩크
18967,L. Østigård,레오 스키리 외스티고르,외스티고르
18968,Y. Bissouma,이브 비수마,비수마
18969,W. Collar,윌리엄 가이 콜라,콜라
18970,P. Groß,파스칼 그로스,그로스
18973,S. March,솔리 마치,마치
18974,J. Molumby,제이슨 패트릭 몰럼비,몰럼비
18976,M. Sanders,막스 해리슨 샌더스,샌더스
18979,V. Gyökeres,빅토르 요케레스,요케레스
18981,J. Locadia,위르헌 로카디아,로카디아
18989,C. Coxe,캐머런 테리 콕스,콕스
18993,C. Paterson,캘럼 패터슨,패터슨
18997,L. Bacuna,레안드로 바쿠나,바쿠나
19000,K. Harris,카딤 레이몬드 마투린-해리스,해리스
19002,J. Murphy,지오슈 무르피,무르피
19003,J. Ralls,지오세프 우이르리아므 라르르스,라르르스
19004,B. De Cordova-Reid,바비 아르마니 데 코르도바-리드,데 코르도바-리드
19006,R. Healey,리언 힐리,힐리
19007,J. Hoilett,데이비드 주니어 웨인 호일렛,호일렛
19008,N. Mendez-Laing,나달리엘 오티스 멘데스-렝,멘데스-렝
19012,M. Bettinelli,마커스 베티넬리,베티넬리
19015,J. Bryan,조셉 에드워드 브라이언,브라이언
19016,C. Chambers,캘럼 체임버스,체임버스
19017,C. Christie,사이러스 크리스티,크리스티
19022,D. Odoi,데니스 오도이,오도이
19023,T. Ream,티모시 마이클 림,림
19024,S. Sessegnon,제제 스티븐 세세뇬,세세뇬
19025,T. Cairney,톰 케어니,케어니
19026,L. de la Torre,루카 데 라 토레,토레
19029,K. McDonald,케빈 데이비드 맥도날드,맥도날드
19030,M. O&apos;Riley,맷 오라일리,오라일리
19032,R. Sessegnon,라이언 세시니온,세시니온
19035,H. Elliott,하비 엘리엇,엘리엇
19037,J. Coleman,조엘 콜먼,콜먼
19038,B. Hamer,벤자민 존 헤이머,헤이머
19041,J. Gorenc Stankovič,요나 고렌츠 스탄코비치,스탄코비치
19047,J. Bacuna,주니뇨 바쿠나,바쿠나
19050,A. Mooy,에런 무이,무이
19053,A. Sabiri,압델하미드 사비리,사비리
19055,K. Ahearne-Grant,칼란 러프턴 아히언-그랜트,아히언-그랜트
19058,E. Kachunga,엘리아스 카충가,카충가
19060,A. Rowe,애런 케빈 이사아크 로우에,이사아크
19061,T. Krul,팀 크륄,크륄
19064,A. Famewo,아킨로루 리처드 올라미드 파메우,파메우
19066,G. Hanley,그랜트 핸리,핸리
19068,F. Passlack,펠릭스 파슬라크,파슬라크
19070,M. Aarons,막심리언 제임스 아론스,아론스
19071,E. Buendía,에밀리아노 부엔디아,부엔디아
19072,T. Cantwell,토드 캔트웰,캔트웰
19073,B. Godfrey,벤 고드프리,고드프리
19074,O. Hernández,오넬 라자로 에르난데스 마예아,에르난데스
19076,J. Lewis,자말 루이스,루이스
19077,K. McLean,케네스 맥린,맥린
19080,L. Thompson,루이스 크리데 우이르리아므 스오므프소느,스오므프소느
19083,C. Morris,카르르토느 지오흐느 모르리스,모르리스
19088,D. Henderson,딘 헨더슨,헨더슨
19089,S. Moore,사이먼 윌리엄 무어,무어
19093,J. Egan,존 이건,이건
19100,K. Dowell,키런 오닐 다웰,다웰
19102,J. Fleck,존 알렉산더 플렉,플렉
19103,M. Johnson,마빈 니콜라스 존슨,존슨
19104,J. Lundstram,존 데이비드 룬스트람,룬스트람
19105,O. Norwood,올리버 노우드,노우드
19106,S. Hogan,스콧 앤드류 호건,호건
19108,D. McGoldrick,데이비드 제임스 맥골드릭,맥골드릭
19109,B. Sharp,빌리 루이스 샤프,샤프
19115,B. Peacock-Farrell,베일리 피콕-패럴,피콕-패럴
19116,L. Ayling,루크 데이비드 에일링,에일링
19118,L. Cooper,리암 쿠퍼,쿠퍼
19119,L. Davis,라이프 데이비스,데이비스
19122,R. Gotts,로비 곳츠,곳츠
19124,P. Jansson,폰투스 얀손,얀손
19127,A. Forshaw,애덤 지오흐느 포르슈아우,포르슈아우
19128,J. Harrison,잭 해리슨,해리슨
19130,K. Phillips,칼빈 필립스,필립스
19131,J. Shackleton,지아미 스투아르트 슈아크크레토느,슈아크크레토느
19133,E. Alioski,에즈잔 알리오스키,알리오스키
19134,P. Bamford,패트릭 뱀퍼드,뱀퍼드
19136,J. Clarke,잭 클라크,클라크
19138,C. Oduor,클라크 오두어,오두어
19139,T. Roberts,타일러 디화이트 로버츠,로버츠
19140,K. Roofe,케마르 루피,루피
19143,S. Johnstone,사무엘 루크 존스톤,존스톤
19145,T. Adarabioyo,토신 아다라비오요,아다라비오요
19152,C. Townsend,코노르 스테페느 토우느세느드,토우느세느드
19155,K. Edwards,키레 흐아케에므 에두아르드스,에두아르드스
19156,S. Field,사무엘 에드워드 필드,필드
19157,R. Harper,레케에므 지오르다느 흐아르페르,흐아르페르
19163,J. Murphy,제이콥 머피,머피
19164,M. Phillips,매튜 필립스,필립스
19165,R. Tulloch,라이흐아아느 라흐이므 아마리 투르로치,투르로치
19167,J. Leko,조나단 키솔로케레 레코,레코
19169,J. Rodríguez,지아이 에느리쿠에 로드리구에즈,로드리구에즈
19170,M. Rogers,모건 로저스,로저스
19172,Ø. Nyland,외리안 뉠란,뉠란
19179,T. Mings,타이론 밍스,밍스
19182,A. Tuanzebe,악셀 투안제베,투안제베
19183,A. Adomah,앨버트 아도마,아도마
19187,J. Grealish,잭 그릴리쉬,그릴리쉬
19191,J. McGinn,존 맥긴,맥긴
19192,J. Ramsey,제이콥 램지,램지
19194,T. Abraham,태미 에이브러햄,에이브러햄
19199,K. Roos,켈레 윌렘 로스,로스
19201,J. Bogle,제이든 보글,보글
19202,L. Buchanan,레에 다비드 부치아나느,부치아나느
19205,C. Forsyth,크레이그 포사이스,포사이스
19208,S. Malone,스콧 멀론,멀론
19209,F. Tomori,피카요 토모리,토모리
19211,M. Bird,맥스 앤드류 버드,버드
19213,G. Evans,조지 에반스,에반스
19220,M. Mount,메이슨 마운트,마운트
19221,H. Wilson,해리 윌슨,윌슨
19223,M. Bennett,마소느 카네 베느네트트,베느네트트
19225,J. Marriott,잭 마리어트,마리어트
19230,A. Flint,에이덴 플린트,플린트
19235,D. Spence,디오프 테후티 제드-호텝 스펜스,스펜스
19239,D. Fry,데일 조나단 프라이,프라이
19242,P. McNair,패트릭 제임스 콜먼 맥네어,맥네어
19244,G. Saville,조지 앨런 사빌,사빌
19245,M. Tavernier,마커스 태버니어,태버니어
19247,L. Wing,루이스 윙,윙
19248,N. Wood-Gordon,네이단 딘 조슈아 우드-고든,우드-고든
19249,B. Assombalonga,브리트 아솜발롱가,아솜발롱가
19250,B. Brahimi,비르라르 브라흐이미,브라흐이미
19251,A. Fletcher,애슐리 마이클 플레처,플레처
19253,J. Hugill,조던 토마스 휴길,휴길
19255,F. Fielding,프란시스 데이비드 필딩,필딩
19258,M. O’Leary,맥스 에드워드 올리리,올리리
19260,J. Dasilva,지아이 르흐이스 다시르바,다시르바
19261,J. Hunt,잭 폴 헌트,헌트
19263,L. Kelly,로이드 켈리,켈리
19266,B. Wright,베일리 라이트,라이트
19267,H. Adelakun,하킵 아데올라 제롬 아비올라 아인데 아델라쿤,아델라쿤
19271,J. Morrell,조 모렐,모렐
19272,C. O&apos;Dowda,캘럼 조슈아 라이언 오도우다,오도우다
19273,M. Pack,말론 팩,팩
19274,K. Palmer,케이시 레멜 팔머,팔머
19275,K. Smith,코리 알렉산더 셰리던 스미스,스미스
19276,L. Walsh,리암 월쉬,월쉬
19278,F. Diédhiou,파마라 디에디우,디에디우
19280,J. Paterson,제이미 찰스 스튜어트 패터슨,패터슨
19281,A. Semenyo,앙투안 세메뇨,세메뇨
19283,A. Weimann,안드레아스 바이만,바이만
19287,S. Byram,사무엘 마크 바이럼,바이럼
19288,T. Darikwa,텐다이 다리콰,다리콰
19291,S. Janko,사이디 양코,양코
19294,J. Robinson,잭 로빈슨,로빈슨
19298,M. Cash,매티 캐시,캐시
19302,B. Osborn,벤자민 제러드 오스본,오스본
19305,R. Yates,라이언 제임스 예이츠,예이츠
19312,S. Benda,스티븐-안드레아스 벤다,벤다
19314,C. Carter-Vickers,캐머런 카터비커스,카터비커스
19315,B. Cooper,브랜든 제임스 쿠퍼,쿠퍼
19319,M. Olsson,마르틴 올손,올손
19321,J. Rodon,조 로든,로든
19322,M. van der Hoorn,마이크 에드리아누스 빌헬무스 반 데르 후른,반 데르 후른
19324,G. Byers,조지 윌리엄 바이어스,바이어스
19327,J. Fulton,지아이 푸르토느,푸르토느
19328,M. Grimes,매튜 제이콥 그라임스,그라임스
19329,D. James,대니얼 제임스,제임스
19331,C. Roberts,코너 로버츠,로버츠
19333,C. Baker-Richardson,코트니 로멜로 베이커-리처드슨,베이커-리처드슨
19335,L. Cullen,리암 제이미 컬런,컬런
19337,O. McBurnie,올리버 로버트 맥버니,맥버니
19340,E. Balcombe,엘러리 론날드 발컴,발컴
19341,D. Bentley,다니엘 이안 벤틀리,벤틀리
19345,M. Bech,마즈 베흐 소렌센,소렌센
19346,R. Henry,리코 헨리,헨리
19349,J. Oksanen,이아크코 타피오 오크사네느,오크사네느
19351,T. Archibald,테오도어 발렌타인 아키볼드,아키볼드
19354,E. Konsa,에즈리 콘사,콘사
19356,E. Marcondes,에밀리아노 마르콘데스 카마르고 한센,마르콘데스
19357,J. McEachran,조슈아 마크 맥이첸,맥이첸
19362,J. Dasilva,펠렌다 조슈아 툰가 다실바,다실바
19363,M. Forss,마르쿠스 포르스,포르스
19364,N. Maupay,닐 모페이,모페이
19365,C. Ogbene,치도지 오그베네,오그베네
19366,O. Watkins,올리 왓킨스,왓킨스
19367,C. Dawson,캐머런 마일스 도슨,도슨
19369,J. Wildsmith,조셉 찰스 와일드스미스,와일드스미스
19372,M. Fox,모건 알렉산더 폭스,폭스
19374,S. Hutchinson,샘 허친슨,허친슨
19375,D. Iorfa,도미니크 이오르파,이오르파
19378,T. Lees,토마스 제임스 리스,리스
19382,A. Reach,아담 마이클 리치,리치
19384,J. Thorniley,지오르다느 루케 스오르니레이,스오르니레이
19387,B. Bannan,배리 배넌,배넌
19394,L. Palmer,리암 조던 팔머,팔머
19396,L. Shaw,리아므 다르레느 슈아우,슈아우
19403,Fraser Thomas Preston,프레이저 토마스 프레스턴,프레스턴
19406,G. Long,조지 마틴 롱,롱
19408,R. Burke,리스 제임스,제임스
19414,A. MacDonald,앵거스 맥도널드,맥도널드
19416,R. McKenzie,로비 맥켄지,맥켄지
19428,J. Bowen,재러드 보언,보언
19432,M. Hudson,매튜 앤서니 헛슨,헛슨
19433,C. Ripley,코너 리플리,리플리
19437,B. Davies,벤 데이비스,데이비스
19440,J. Rafferty,조 라퍼티,라퍼티
19442,J. Storey,조던 벤 스토리,스토리
19444,T. Barkhuizen,토마스 존 바크휴젠,바크휴젠
19446,A. Browne,앨런 제임스 브라운,브라운
19447,J. Earl,조쉬 얼,얼
19449,J. Ginnelly,지오슈우아 르로이드 기느네르리,르로이드
19452,R. Ledson,라이언 레드슨,레드슨
19454,B. Pearson,벤자민 데이비드 피어슨,피어슨
19455,B. Potts,브래들리 포츠,포츠
19460,L. Moult,루이스 에르리오트트 무르트,무르트
19461,L. Nmecha,루카스 은메차,은메차
19462,C. Robinson,캘럼 잭 로빈슨,로빈슨
19463,J. Stockley,제이든 코너 스톡리,스톡리
19464,J. Leutwiler,지아이소느 레우투이레르,레우투이레르
19465,David Raya,다비드 라야,라야
19466,A. Bell,아마리 벨,벨
19467,D. Lenihan,다르라그 파트리크크 레니흐아느,레니흐아느
19468,T. Magloire,타일러 조던 매글로이어,매글로이어
19470,R. Nyambe,라이언 님베,님베
19471,M. Platt,매튜 제임스 플랫,플랫
19472,L. Travis,루이스 트래비스,트래비스
19473,D. Williams,데릭 윌리엄스,윌리엄스
19475,J. Buckley,존 키튼 버클리,버클리
19477,B. Dack,브래들리 폴 댁,댁
19480,H. Reed,해리슨 리드,리드
19482,J. Rothwell,조셉 매튜 로스웰,로스웰
19483,R. Smallwood,리처드 스몰우드,스몰우드
19484,A. Armstrong,아담 암스트롱,암스트롱
19485,B. Brereton,벤자민 안토니 브레레톤 디아스,브레레톤
19486,D. Butterworth,다니엘 제임스 버터워스,버터워스
19491,A. Federici,애덤 페데리키,페데리키
19493,D. Batth,다니엘 탄비어 바스,바스
19495,N. Collins,네이선 콜린스,콜린스
19496,T. Edwards,토마스 애덤 에드워즈,에드워즈
19497,B. Martins Indi,브루누 마르팅스 인디,인디
19499,J. Tymon,조슈아 루이스 타이먼,타이먼
19502,J. Allen,조 앨런,앨런
19503,S. Clucas,샘 클루커스,클루커스
19505,T. Ince,토마스 크리스토퍼 인스,인스
19507,J. McClean,제임스 매클린,매클린
19508,L. Sørensen,라세 서렌센,서렌센
19510,R. Woods,라이언 우즈,우즈
19513,S. Vokes,샘 보크스,보크스
19515,C. Trueman,코날 트루만,트루만
19517,J. Dacres-Cogley,조슈아 제이콥 다크레스-코글리,다크레스-코글리
19520,W. Harding,웨슬리 네이단 힐튼 하딩,하딩
19521,M. Morrison,마이클 모리슨,모리슨
19523,M. Roberts,마크 로버츠,로버츠
19524,C. Adams,체 애덤스,애덤스
19529,C. Lakin,찰리 라킨,라킨
19531,C. Mahoney,코너 앤써니 마호니,마호니
19535,B. Lubala,베리리 로고스 루바라,루바라
19537,O. Evans,오웬 리스 에반스,에반스
19538,James Jones,지아메스 레우이스 지오네스,지오네스
19541,C. Walton,크리스천 월턴,월턴
19542,C. Dunkley,샤이엔 덩클리,덩클리
19545,R. James,리스 제임스,제임스
19546,C. Kipré,세드릭 키프레,키프레
19549,A. Robinson,앤토니 로빈슨,로빈슨
19552,L. Evans,리 에반스,에반스
19554,M. Jacobs,마이클 에두아르드 지아코브스,지아코브스
19556,Callum Henry McManaman,캘럼 헨리 맥매너만,맥매너만
19558,Sam Morsy,샘 모시,모시
19559,K. Naismith,칼럼 라클란 알렉산더 네이스미스,네이스미스
19562,N. Powell,닉 파월,파월
19564,J. Walker,제임스 워커,워커
19565,J. Weir,젠슨 위어,위어
19566,J. Windass,조슈아 딘 윈더스,윈더스
19568,J. Garner,지오세프 아라느 가르네르,가르네르
19569,J. Gelhardt,조셉 폴 겔하트,겔하트
19572,M. Ingram,맷 잉그람,잉그람
19573,J. Lumley,조셉 패트릭 룸리,룸리
19574,J. Bidwell,제이크 비드웰,비드웰
19577,D. Furlong,다넬 앤서니 퍼롱,퍼롱
19585,J. Cousins,조던 폴 커진스,커진스
19586,E. Eze,에브라힘 에제,에제
19587,R. Manning,라이언 매닝,매닝
19588,B. Osayi-Samuel,브라이트 오세이 샘엘,샘엘
19589,J. Scowen,지오슈우아 치아르레스 스코우에느,스코우에느
19591,P. Wszołek,파베우 프쇼웨크,프쇼웨크
19596,L. Walker,루이스 워커,워커
19597,N. Wells,나키 웰스,웰스
19599,E. Martínez,에밀리아노 마르티네스,마르티네스
19600,S. Walker,샘엘 콜린 워커,워커
19602,C. Gunter,크리스토퍼 로스 건터,건터
19603,T. Holmes,토마스 리처드 홈즈,홈즈
19605,T. Mcintyre,토마스 피터 맥인타이어,맥인타이어
19607,M. Miazga,마트스에우 미아즈가,미아즈가
19611,L. Baker,루이스 베이커,베이커
19614,S. Ezatolahi,사이드 에자톨라히 아파크,에자톨라히
19616,L. Kelly,리암 안소니 켈리,켈리
19617,M. Olise,마이클 올리세,올리세
19618,A. Rinomhota,아느드레우 파라이 리노므흐오타,리노므흐오타
19619,J. Swift,존 스위프트,스위프트
19625,D. Namaso,다니엘 나마소 에디-메수므베 로아데르,에디-메수므베
19626,G. McCleary,가라스 지아메스 므크크레아리,므크크레아리
19627,B. Amos,벤자민 폴 에이모스,에이모스
19628,J. Archer,조던 기디언 아처,아처
19631,J. Cooper,제이크 매튜 쿠퍼,쿠퍼
19636,M. Wallace,머레이 월러스,월러스
19639,R. Leonard,라이언 레오나드,레오나드
19641,D. McNamara,댄니 존 맥나마라,맥나마라
19642,B. Mitchell,빌리 제임스 미첼,미첼
19644,B. Thompson,벤 라이스 톰슨,톰슨
19646,J. Wallace,제드 월리스,월리스
19649,T. Bradshaw,톰 브래드쇼,브래드쇼
19650,J. Debrah,제시 데브라,데브라
19654,A. O&apos;Brien,아이데느 아느스오니 오브리느,오브리느
19655,F. Onyedinma,윌프레드 올루와페미 오니에딤마,오니에딤마
19659,M. Ihiekwe,마이클 우조쿠 아브살롬 주드 이흐크웨,이흐크웨
19662,S. Raggett,숀 래깃,래깃
19664,Z. Vyner,자카리 조지 오네고 바이너,바이너
19666,M. Crooks,맷 데이비슨 라이더 크룩스,크룩스
19668,J. Newell,지오세프 페테르 네우에르르,네우에르르
19669,M. Palmer,매튜 토마스 팔머,팔머
19674,W. Vaulks,윌리엄 로버트 볼크스,볼크스
19675,B. Wiles,벤자민 잭 와일스,와일스
19676,R. Williams,리아느 다레 우이르리아므스,우이르리아므스
19677,J. Ogunfaolu-Kayode,지오슈우아 아키노라 오구느파오루-카이오데,오구느파오루-카이오데
19680,M. Smith,마이클 존 스미스,스미스
19682,J. Yates,제리 아론 예이츠,예이츠
19684,R. Matthews,레미 루크 매튜스,매튜스
19685,J. Turner,제이크 터너,터너
19689,C. Connolly,캘럼 알렉산더 코널리,코널리
19701,L. Connell,루카 코넬,코넬
19702,R. Darcy,로난 토마스 다시,다시
19704,J. Earing,잭 이어링,이어링
19705,J. Lowe,제이슨 존 로우,로우
19712,J. Williams,지오세프 마이클 우이르리아므스,우이르리아므스
19714,C. Hall,코너 매튜 홀,홀
19715,J. Magennis,조슈아 브렌단 데이비드 마긴니스,마긴니스
19719,J. Bree,제임스 패트릭 브리,브리
19720,T. Chalobah,트레보 찰로바,찰로바
19723,I. El Mizouni,이드리스 엘 미주니,엘 미주니
19724,C. Elder,캘럼 로디 엘더,엘더
19726,M. Kenlock,미레스 레우이스 게오르게 케느로크크,케느로크크
19727,A. Nsiala,아리스토테 은시알라,은시알라
19728,M. Pennington,매슈 페닝턴,페닝턴
19730,E. Bishop,에두아르드 지아메스 비슈오프,비슈오프
19733,F. Downes,플린 다운스,다운스
19734,A. Dozzell,앤드레 레온 도즐,도즐
19742,G. Ward,그랜트 워드,워드
19743,E. Harrison,엘리스 웨이드 해리슨,해리슨
19744,K. Jackson,케이든 패스텔 던 잭슨,잭슨
19745,W. Keane,윌리엄 데이비드 키인,키인
19746,J. Lankester,지아크크 리치아르드 라느케스테르,라느케스테르
19748,F. Sears,프레드릭 데이비드 시어스,시어스
19749,H. Isted,하비 아이스티드,아이스티드
19750,J. Shea,제임스 윌리엄 셰아,셰아
19753,S. Bradley,소니 브래들리,브래들리
19755,M. Pearson,매튜 조 피어슨,피어슨
19759,L. Berry,루크 데이비드 베리,베리
19760,J. Justin,제임스 저스틴,저스틴
19764,J. Neufville,조쉬 뉴프빌,뉴프빌
19767,P. Mpanzu,펠리 러도크 엠판주,엠판주
19769,J. Stacey,잭 윌리엄 스테이시,스테이시
19771,J. Collins,제임스 콜린스,콜린스
19772,A. Connolly,아론 앤서니 코널리,코널리
19773,H. Cornick,해리 찰스 프레드릭 코닉,코닉
19774,J. Cummings,제이슨 커밍스,커밍스
19776,E. Lee,엘리엇 리,리
19777,A. Read,아서 제임스 리드,리드
19779,A. Davies,애덤 데이비스,데이비스
19782,J. Walton,잭 제임스 월튼,월튼
19785,J. Helliwell,조던 루이스 헬리웰,헬리웰
19786,A. Jackson,아담 루이스 잭슨,잭슨
19787,L. Lindsay,리암 제임스 린제이,린제이
19789,E. Pinnock,에단 피녹,피녹
19791,J. Williams,조던 윌리엄스,윌리엄스
19794,K. Dougall,케느네스 우이르리아므 두가르르,두가르르
19798,C. McGeehan,캐머런 알렉산더 맥기헌,맥기헌
19799,A. Mowatt,알렉스 제임스 모와트,모와트
19801,V. Adeboyejo,빅터 아데보예조,아데보예조
19802,J. Brown,지아코브 사무엘 브로우느,브로우느
19803,R. Hedges,리아느 페테르 흐에드게스,흐에드게스
19804,K. Moore,키퍼 무어,무어
19806,C. Styles,캘럼 스타일스,스타일스
19807,M. Thiam,마마두 카디 티암,티암
19808,C. Woodrow,콜리 우드로우,우드로우
19809,A. Maynard-Brewer,애슐리 메이너드-브루어,메이너드-브루어
19811,D. Phillips,딜런 필립스,필립스
19812,P. Bauer,파트리크 바우어,바우어
19818,B. Purrington,벤 퍼링턴,퍼링턴
19820,N. Sarr,무아마도-나비 사르르,사르르
19825,J. Aribo,지오세프 오루우아세이이 테미토페 아이오데레-아리보,아이오데레-아리보
19826,K. Bielik,크리스티안 비엘리크,비엘리크
19827,J. Cullen,조슈아 존 컬런,컬런
19829,A. Doughty,알피 도티,도티
19831,T. Fosu,타리케 포수,포수
19832,G. Lapslie,조지 로버트 랩슬리,랩슬리
19834,A. Morgan,알비 로버트 모건,모건
19837,J. Williams,조나단 피터 윌리엄스,윌리엄스
19842,L. Taylor,라일 제임스 알프레드 테일러,테일러
19844,A. Bass,알렉산더 마이클 바스,바스
19846,C. MacGillivray,크레이그 맥길리브레이,맥길리브레이
19847,L. McGee,루크 폴 맥기,맥기
19850,C. Burgess,크리스찬 알버트 엘리엇 버저스,버저스
19854,B. Morris,브린 앤드루 모리스,모리스
19855,N. Thompson,네이단 톰슨,톰슨
19857,J. Whatmough,잭 데이비드 빈센트 왓모우,왓모우
19859,A. Cannon,앤디 캐넌,캐넌
19860,M. Clarke,매튜 에드워드 바켈 클라크,클라크
19861,B. Close,벤 이스턴 클로즈,클로즈
19862,R. Curtis,로난 커티스,커티스
19864,J. Flint,조슈아 플린트,플린트
19866,J. Lowe,자말 아쿠아 로우,로우
19869,H. Mnoga,하지 수레이만 하지 알리 무노가,무노가
19870,T. Naylor,토마스 키스 네일러,네일러
19873,O. Bogle,오마르 흐아니프 보그레,보그레
19876,O. Hawkins,오리베르 지아크크 흐아우키느스,흐아우키느스
19880,J. McLaughlin,조나단 피터 맥로플린,맥로플린
19881,A. Patterson,앤써니 패터슨,패터슨
19885,J. Baldwin,지아크크 바르두이느,바르두이느
19886,J. Dunne,제임스 제라드 던,던
19887,T. Flanagan,토마스 마이클 플래너건,플래너건
19888,D. Hume,덴버 제이 휴,휴
19890,R. James,리스 제임스,제임스
19892,D. Love,도널드 러브,러브
19894,B. Mumba,발리 뭄바,뭄바
19895,B. Oviedo,브리안 오비에도,오비에도
19901,L. Gooch,린든 잭 구치,구치
19903,G. Honeyman,조지 크리스토퍼 허니맨,허니맨
19910,D. Neil,댄 닐,닐
19911,L. O&apos;Nien,루크 오니언,오니언
19912,M. Power,막스 맥올리 파워,파워
19913,D. Watmore,두느카느 우아트모레,우아트모레
19915,W. Grigg,윌리엄 도널드 그리그,그리그
19920,I. Lawlor,이안 존 라울러,라울러
19921,M. Maroši,마르코 마로시,마로시
19923,T. Anderson,토마스 앤더슨,앤더슨
19924,D. Andrew,다니얼 케니 앤드루,앤드루
19929,A. Lewis,아론 제임스 루이스,루이스
19930,J. Wright,조 해리스 라이트,라이트
19937,H. Kane,허버트 케인,케인
19938,A. May,알피 벤 메이,메이
19941,B. Whiteman,벤자민 화이트먼,화이트먼
19946,J. Marquis,존 에드워드 마퀴스,마퀴스
19955,J. Knight,지오슈 크니그트,크니그트
19958,R. Tafazolli,라이언 시러스 타파졸리,타파졸리
19959,B. White,벤 화이트,화이트
19961,H. Burrows,해리슨 버로우스,버로우스
19964,S. Dembélé,벤 시리키 뎀벨레,뎀벨레
19965,K. Dempsey,키레 마이클 데므프세이,데므프세이
19967,L. Reed,루이 새뮤얼 리드,리드
19970,M. Godden,마트스에우 지아메스 고드데느,고드데느
19972,M. Stevens,매튜 안토니 스티븐스,스티븐스
19974,I. Toney,이반 토니,토니
19975,J. Ward,조 워드,워드
19976,C. Addai,코리 코피 체레메 아다이,체레메
19977,L. Burge,리 스티븐 버지,버지
19984,J. Eccles,조슈아 엘리엇 에클스,에클스
19985,J. Grimmer,잭 데이비드 그리머,그리머
19987,D. Hyam,도미닉 존 하이엠,하이엠
19989,S. McCallum,사무 벤자민 맥캘럼,맥캘럼
19990,D. Sterling,두존 앙리퀘스 스털링,스털링
19992,J. Willis,조던 케네스 윌리스,윌리스
19993,T. Bayliss,토마스 다비드 베일리스,베일리스
19994,J. Burroughs,잭 스티븐 버로우스,버로우스
19995,L. Kelly,리암 마크 켈리,켈리
19998,J. Shipley,조던 쉽리,쉽리
20000,L. Thomas,루크 제럴드 마이클 토마스,토마스
20002,Z. Westbrooke,자인 샘 웨스트브룩,웨스트브룩
20007,C. Chaplin,코너 마크 차플린,차플린
20010,J. Jones,조디 제이 펠리스 존스,존스
20011,J. Ponticelli,조던 폰티첼리,폰티첼리
20016,B. Collins,브래들리 콜린스,콜린스
20021,R. Hutchinson,레에케 치리스토페르 흐우트치이느소느,흐우트치이느소느
20023,K. McFadzean,카일 존 맥패즌,맥패즌
20024,J. Allen,제이미 폴 앨런,앨런
20029,B. Fox,벤자민 제이크 폭스,폭스
20031,M. Harness,마커스 앤서니 마이어스-하니스,하니스
20035,L. Akins,루카스-조던 제레마이아 에이킨스,에이킨스
20038,D. Cole,데반트 라본 앤드류 콜,콜
20041,M. Howard,마크 스티븐 하워드,하워드
20044,M. Bola,마크 조엘 볼라,볼라
20045,D. Daniels,도너보른 다니엘스,다니엘스
20046,M. Nottingham,마이클 제르메인 낫팅엄,낫팅엄
20047,C. Tilt,커티스 앤써니 틸트,틸트
20048,O. Turton,올리버 앤서니 터튼,터튼
20051,A. Evans,아느스오니 케느네스 에바느스,에바느스
20054,B. Heneghan,벤자민 존 헤네건,헤네건
20061,J. Thompson,조던 앤드류 톰슨,톰슨
20062,M. Virtue-Thick,매튜 조셉 버츄-틱,버츄-틱
20073,L. Coyle,루이 코일,코일
20075,H. Holgate,해리슨 제임스 홀게이트,홀게이트
20076,J. Husband,제임스 앤드류 허즈번드,허즈번드
20079,H. Souttar,해리 수타,수타
20083,R. Rydel,라이언 스티븐 라이델,라이델
20085,M. Southam-Hales,마콜리 안토니 사우덤-할스,사우덤-할스
20088,H. Biggins,해리슨 빅긴스,빅긴스
20089,W. Burns,웨슬리 제임스 번스,번스
20091,C. Evans,체드윈 마이클 에반스,에반스
20092,G. Garner,제라드 가너,가너
20093,J. Hill,제임스 클레이튼 힐,힐
20095,P. Madden,패디 스티븐 매든,매든
20097,A. Nadesan,애슐리 케빈 나데산,나데산
20099,S. Eastwood,사이먼 이스트우드,이스트우드
20100,M. Harris,맥스 제임스 해리스,해리스
20102,J. Stevens,잭 알렉산더 스티븐스,스티븐스
20103,R. Dickie,로버트 조셉 앤드루 디키,디키
20104,L. Garbutt,루크 가벗,가벗
20107,S. Long,사무엘 패트릭 로버트 롱,롱
20109,C. Nelson,커티스 알렉산더 넬슨,넬슨
20110,S. Baptiste,슈아느도느 흐아르케에므 바프티스테,바프티스테
20111,C. Brannagan,카메론 브래너건,브래너건
20112,M. Browne,마커스 브라운,브라운
20119,J. Ruffels,조슈아 앤드류 버나드 러펠스,러펠스
20120,M. Sykes,마크 사이크스,사이크스
20122,K. Lofthouse,카이란 에이든 로프트하우스,로프트하우스
20138,C. Ogilvie,코너 오길비,오길비
20139,J. Tucker,잭 로버트 터커,터커
20148,E. List,엘리엇 리카르도 위그날 리스트,리스트
20149,D. Oldaker,다렌 조셉 노먼 올데이커,올데이커
20159,T. Eaves,토마스 지아메스 에아베스,에아베스
20160,B. Hanlan,브랜든 알렉스 그레이엄 한란,한란
20161,R. Holmes,리키 리 홈즈,홈즈
20163,J. Maxted,조나단 맥스티드,맥스티드
20164,T. Savin,토비 세이빈,세이빈
20166,S. Conneely,세이머스 조셉 코널리,코널리
20167,J. Donacien,지아노이 데느즈이르 나이에메 도나키느,도나키느
20168,L. Gibson,리엄 깁슨,깁슨
20174,H. Rodgers,하비 로저스,로저스
20176,R. Sykes,로스 제임스 사이크스,사이크스
20179,D. Barlaser,다니엘 탄 바를라서,바를라서
20181,Érico Sousa,에리코 소우사,소우사
20182,S. Finley,사무엘 지오세프 피느레이,피느레이
20188,L. Armstrong,루크 토마스 암스트롱,암스트롱
20189,J. Clark,조던 클락,클락
20192,P. Smyth,폴 패트릭 스미스,스미스
20194,J. Bonham,잭 엘리엇 본햄,본햄
20197,J. Clarke,제임스 클라크,클라크
20201,A. Kilgour,알피 조지 알렉산더 킬거,킬거
20203,T. Lockyer,토마스 알런 로키어,로키어
20206,G. Osho,가브리엘 제레마이어 아데다요 에이 오쇼,오쇼
20207,O. Clarke,올리버 앤써니 클락,클락
20221,T. Nichols,토마스 앤드루 니콜스,니콜스
20227,R. Delaney,리아느 리아므 데라네이,데라네이
20236,M. Williams,조던 윌리엄스,윌리엄스
20239,C. Camps,캘럼 제이슨 노엘 캠프스,캠프스
20242,E. Hamilton,이단 빌리 해밀턴,해밀턴
20247,A. Morley,아론 폴 모리,모리
20248,O. Rathbone,올리버 마이클 래스본,래스본
20252,I. Henderson,이아느 흐에느데르소느,흐에느데르소느
20255,Fábio Tavares,파비오 타바레스,타바레스
20258,R. Allsop,라이언 올솝,올솝
20272,N. Freeman,니치오라스 프레에마느,프레에마느
20273,D. Gape,도미니크 에두아르드 가페,가페
20277,L. Bolton,루크 필립 볼턴,볼턴
20286,Cameron Akash James Gregory,캐머런 아카쉬 제임스 그레고리,그레고리
20288,O. Beckles,오마르 제롬 베클스,베클스
20289,J. Bolton,지아메스 우이르리아므 보르토느,보르토느
20291,R. Haynes,라이언 매튜 헤인즈,헤인즈
20298,R. Barnett,라이언 잭 바넷트,바넷트
20299,G. Docherty,그렉 독허티,독허티
20303,J. Laurent,조슈아 이샬 제이콥-헤론 헌트-로랑,로랑
20305,O. Norburn,올리버 루이스 노번,노번
20310,T. Campbell,타이리스 카이 캠벨,캠벨
20311,A. Gilliead,알렉스 니콜라스 길리에드,길리에드
20316,S. Smith,사무엘 토비 스미스,스미스
20318,S. Whalley,숀 제임스 웰리,웰리
20319,N. Bishop,네이선 비숍,비숍
20320,M. Oxley,마크 토마스 옥슬리,옥슬리
20323,E. Bwomono,에르비스 오케르로 이사크스 부오모노,오케르로
20327,S. Hart,사무엘 지아메스 흐아르트,흐아르트
20331,T. Moore,테일러 데이비드 무어,무어
20338,I. Hutchinson,아이작 허친슨,허친슨
20344,S. McLaughlin,스티븐 안토니 맥로플린,맥로플린
20345,D. Yearwood,드루 앤서니 이어우드,이어우드
20346,E. Acquah,에미레 아크쿠아흐,아크쿠아흐
20351,S. Humphrys,스티븐 피터 험프리스,험프리스
20352,C. Kelman,찰리 로버트 마틴 리-켈만,켈만
20354,J. McDonnell,조셉 패트릭 맥도넬,맥도넬
20355,A. Ramsdale,애런 램스데일,램스데일
20356,N. Tzanev,니콜라 치바로프 즈네프,즈네프
20359,R. McDonald,로드니 트로이 맥도날드,맥도날드
20361,A. Oshilaja,아브둘유수프 아데데지 아데니이 오시라자,오시라자
20362,S. Seddon,스티븐 제프리 세든,세든
20363,T. Sibbick,토비 피터 험프리 시빅,시빅
20366,T. Watson,테나이 로샤네 왓슨,왓슨
20367,O. Ashley,오사마 애슐리,애슐리
20370,A. Hartigan,앤서니 하티건,하티건
20372,J. Rudoni,잭 에드워드 루도니,루도니
20374,A. Wordsworth,앤서니 다니엘 워즈워스,워즈워스
20377,T. Burey,티레르 다비드 시르베스테르 부레이,부레이
20381,S. McLoughlin,셰인 다니엘 맥로플린,맥로플린
20383,M. Pinnock,미첼 버나드 핀농,핀농
20384,M. Cooper,마이클 존 쿠퍼,쿠퍼
20386,M. Macey,매튜 라이언 메이시,메이시
20387,N. Canavan,나일 다비드 스티븐 카나번,카나번
20389,L. Jones,로이드 존스,존스
20403,C. Grant,코너 제임스 그랜트,그랜트
20409,A. Randell,아담 플레처 랜델,랜델
20411,A. Sarcevic,안토니 찰스 사르세비치,사르세비치
20415,F. Ladapo,라다포,라다포
20419,L. Roberts,리암 조셉 로버츠,로버츠
20422,N. Devlin,니치오라스 데브리느,데브리느
20423,J. Edwards,조셉 로버트 에드워즈,에드워즈
20424,J. Fitzwater,잭슨 조셉 피츠워터,피츠워터
20425,J. Guthrie,지오나스아느 나이르 구스리,구스리
20428,L. Leahy,루크 리이,리이
20429,C. Norman,캐머런 피어스 노먼,노먼
20432,D. Scarr,다니얼 조지 스카,스카
20434,A. Bates,알피 베이츠,베이츠
20436,G. Dobson,조지 데이비드 돕슨,돕슨
20440,L. Kinsella,리암 마크 킨셀라,킨셀라
20441,Maziar Kouhyar,카마루딘 마지아르 코히아르,코히아르
20444,A. Cook,앤드루 엘리스 쿡,쿡
20446,J. Gordon,조슈아 루크 고든,고든
20450,C. Blackett-Taylor,코리 조사이아 폴 블라켓-테일러,블라켓-테일러
20451,J. Alnwick,잭 앨른윅,앨른윅
20455,J. Bedeau,제이콥 베도,베도
20457,C. Burgess,캐머런 로버트 버지스,버지스
20458,L. Butroid,루이스 말콤 부트로이드,부트로이드
20463,T. Pearce,토므 마르크 페아르케,페아르케
20466,B. Webster,바이런 웹스터,웹스터
20470,G. Hornshaw,조지 매튜 호른쇼,호른쇼
20474,F. Ojo,펀소-킹 오조,오조
20475,L. Sutton,지아크크 레비 수트토느,수트토느
20476,R. Colclough,리아느 파우르 코르크루그,코르크루그
20481,K. Wootton,카일 리온 우튼,우튼
20482,R. O&apos;Donnell,리처드 오도넬,오도넬
20484,B. Wilson,벤 윌슨,윌슨
20488,A. O&apos;Connor,앤서니 딘 오코너,오코너
20489,P. O&apos;Connor,파드흐라이크 지오흐느 오코느노르,오코느노르
20490,R. Staunton,리스 조셉 스타튼,스타튼
20496,J. Butterfield,제이콥 버터필드,버터필드
20503,L. O&apos;Brien,루이스 존 오브라이언,오브라이언
20504,O. Patrick,오마리 조슈아 커티스 패트릭,패트릭
20505,J. Payne,잭 페인,페인
20514,G. Miller,조지 밀러,밀러
20530,A. Jallow,아브둘리에 자로우,자로우
20531,H. Maïga,딕보 지남파 하비브 마이가,마이가
20533,O. Nguette,오파 응게트,응게트
20535,H. Diallo,하비브 디알로,디알로
20538,L. Pierre,레버톤 피에르,피에르
20545,J. Castelletto,장샤를 카스텔레토,카스텔레토
20566,Y. Diouf,예방 디우프,디우프
20581,Claude Gonçalves,주오아쿠이므 크라우데 고느사르베스 아라우주오,고느사르베스
20586,R. Raveloson,라얀 뉴 아이나 아르날도 라벨로손,라벨로손
20589,B. Mbeumo,음뵈모,음뵈모
20592,Y. Touzghar,이오아느느 투즈가르,투즈가르
20600,R. Perraud,로맹 폴 장 미셸 페로,페로
20619,I. Meslier,일란 멜리에,멜리에
20627,Houboulang Mendes,우불랑 멘데스,멘데스
20638,E. Le Fée,엔조 르 페,르 페
20642,S. Sarr,시디 사르르,사르르
20649,Y. Wissa,와하비사 유사,유사
20655,J. Duverne,장케빈 두베른,두베른
20656,E. Ebosse,엔조 에보세,에보세
20659,A. Mendy,아리아르 베나베느트 메느디,베나베느트
20665,J. Bellegarde,장리크네르 벨가르드,벨가르드
20666,A. Bencharki,아치라프 베느치아르키,베느치아르키
20674,S. Banza,시몽 반자,반자
20675,M. Chouiar,무니르 쇼이아르,쇼이아르
20689,H. Moukoudi,아로르드-데스티 무쿠디,무쿠디
20692,H. Abdelli,아미드 압델리,압델리
20696,P. Gueye,파페 게예,게예
20698,C. Tiéhi,슈리스트 주오에르 주우니오르 티에이,주우니오르
20725,J. Lopy,조제프 로피,로피
20732,G. Perrin,가에탕 페랭,페랭
20754,Y. M&apos;Changama,유수프 음창가마,음창가마
20762,R. Descamps,레미 데캄프,레미
20782,F. Ayé,프로리아느 아이에,아이에
20833,L. Leroy,레오 르루아,르루아
20844,H. Hassan,하이셈 하산,하산
20850,C. Arcus,칼렌스 아르쿠스,아르쿠스
20861,L. Fomba,라미네 포므바,포므바
20863,D. Mancini,다니엘 만치니,만치니
20878,Saliou Ciss,살리우 시스,시스
20884,S. Niakaté,시쿠 니아카테,니아카테
20916,C. Wooh,크리스토페르 우,우
20968,O. Ba,우스세이누 바,바
20995,M. Lacroix,막상스 라크루아,라크루아
21005,C. Bayala,키리르레 바르로스 바이아라,바르로스
21010,E. Owusu,엘리샤 오우수,오우수
21067,M. Edjouma,말콤 실라스 에주마 라우아리,에주마
21068,L. Lapoussin,로이크 아느드레 테르리 라푸스시느,라푸스시느
21079,M. Dupé,막심 뒤페,뒤페
21083,T. Basila,토마스 에르베 바시라,바시라
21090,Diego Carlos,지에구 카를루스,카를루스
21098,J. Kayembe,조리스 카예엠베 디투,조리스 카예엠베
21100,I. Louza,임란 루자,루자
21101,S. Moutoussamy,사뮈엘 무투사미,무투사미
21104,R. Kolo Muani,르미콜로 모아니,모아니
21107,É. Youan,토디 에리 이우아느,이우아느
21137,A. Mandréa,안토니 루이 마안드레아,마안드레아
21138,R. Aït-Nouri,라얀 아이트누리,아이트누리
21140,I. Cissé,이브라힘 시세,시세
21157,M. Soula,마즈이레 수라,수라
21266,B. Nkololo,베니 느코로로,느코로로
21393,S. Guirassy,세루 기라시,기라시
21436,S. Alakouch,소피아네 아라쿠치,아라쿠치
21483,M. Caillard,마르크-오레레 다니엘 파 케르라르드,다니엘
21498,M. Coco,마르쿠스 레기스 코코,코코
21509,M. Thuram,마르퀴스 튀람,튀람
21566,B. Lecomte,벤자민 르콩트,르콩트
21572,Ambroise Oyongo Bitolo,앙브루아즈 오용고,오용고
21584,M. Ristić,미하일로 리스티치,리스티치
21587,E. Skhiri,엘리에스 스키리,스키리
21593,J. Porsan-Clemente,제레미 포르상클레망트,포르상클레망트
21613,L. Joseph,레니 조셉,조셉
21628,B. Samba,브리스 삼바,삼바
21633,A. Djiku,알렉산데르 지쿠,지쿠
21639,Y. Zahary,이우느느 즈아아리,즈아아리
21694,N. Aguerd,나예프 아게르드,아게르드
21761,O. Gonzalez,우마르 곤잘레스,곤잘레스
21996,A. Baba,아브둘 라만 바바,바바
21997,Logan Costa,로강 코스타,코스타
21998,A. Disasi,악셀 디사시,디사시
22000,T. Foket,토마스 포케트,포케트
22002,G. Konan,기슬랭 코난,코난
22015,B. Dia,불라예 디아,디아
22026,A. Baron,안토니 케빈 바론,바론
22090,W. Saliba,윌리엄 살리바,살리바
22093,R. Cabella,레미 카벨라,카벨라
22094,W. Fofana,웨슬리 포파나,포파나
22101,M. Gueye,막타르 귀예,귀예
22102,W. Khazri,와흐비 카즈리,카즈리
22136,B. Diakité,바포데 디아키테,디아키테
22147,M. Koné,코아디오 에마뉴엘 코네,코네
22149,I. Sangaré,이브라힘 상가레,상가레
22157,W. Benítez,우지에히 슈제츠니,슈제츠니
22160,O. Boscagli,올리비에 보스칼리,보스칼리
22162,R. Coly,라키네 코리,코리
22163,Dante,단치,단치
22177,I. Ganago,이냐시오 가나고,가나고
22221,M. Maignan,마이크 메냥,메냥
22222,Z. Çelik,메흐메트 제키 첼릭,첼릭
22224,Gabriel Magalhães,가브리에우 마갈량이스,마갈량이스
22225,Reinildo,레이닐도 만다바,만다바
22233,B. Soumaré,부바카리 수마레,수마레
22236,Rafael Leão,하파엘 레앙,레앙
22241,B. Kamara,빙구루 카마라,카마라
22242,E. Kawashima,가와시마 에이지,에이지
22243,I. Aaneba,이스마에르 아아네바,아아네바
22249,A. Ndour,아브다르라 느두르,느두르
22251,D. Tchamba,두프레크세 트슈아므바 바느구,트슈아므바
22254,Y. Fofana,유수프 포파나,포파나
22262,M. Zemzemi,모아타즈 즈에므즈에미,즈에므즈에미
22274,M. de Gevigney,마엘 듀랑 드 제비뉴이,제비뉴이
22347,M. Bassouamina,모느스 로게아니 아느드레 바스수아미나,바스수아미나
23107,A. Guendouz,알렉시스 베누아 근두즈,근두즈
23129,M. Name,무스타파 나메,나메
23301,M. Alfarela,미구에르 아르파레라,아르파레라
24012,L. Mpasi,리오넬 엠파시-느자우,엠파시
24022,D. Douline,다비드 마르크 미슈에르 두리네,두리네
24096,B. Labissiere,브란 라비시에르,라비시에르
24121,G. Sangaré,구스타보 패브리체 산가레,산가레
24140,S. Lambese,스테판 람베즈,람베즈
24217,B. Mazikou,브라드레이 로베리페 마즈이쿠,마즈이쿠
24288,M. Bayo,모하메드 바요,바요
24289,A. Garita,포르 아르노르드 가리타,가리타
24404,G. Jgerenaia,기오르기 지게레나이아,지게레나이아
24461,G. Kobuladze,기오르기 코부라즈에,코부라즈에
24545,T. Megrelishvili,토르니케 메그레리시비리,메그레리시비리
24550,J. Jinjolava,지에마리-기오르기 지이느지오라바,지이느지오라바
24585,V. Mamuchashvili,브라디메르 마무치아시비리,마무치아시비리
24597,I. Azarovi,이라크리 아즈아로비,아즈아로비
24609,B. Kardava,바카르 카르다바,카르다바
24614,G. Zaria,조지 자리아,자리아
24665,L. Gugeshashvili,루카 구게시아시비리,구게시아시비리
24682,G. Goshteliani,구라므 고시테리아니,고시테리아니
24758,I. Sikharulidze,이라크리 시흐아루리즈에,시흐아루리즈에
24760,G. Mamardashvili,지오르기 마마르다시빌리,마마르다시빌리
24769,L. Gadrani,루카 가드라니,가드라니
24777,L. Silagadze,루카 시라가즈에,시라가즈에
24798,C. Führich,크리스 퓌리히,퓌리히
24806,N. Nartey,니콜라스 테르켈센 나르테이,나르테이
24807,S. Özcan,살리흐 외즈잔,외즈잔
24810,J. Córdoba,존 안드레스 코르도바 코페테,코르도바
24815,C. Antwi-Adjei,치리스토페르 아느투이-아드지아이,아느투이-아드지아이
24832,M. Kamara,모하메드 케셀리 카마라,카마라
24835,B. Tekpetey,버나드 테크페테이,테크페테이
24845,J. Ryerson,율리안 뤼에르손,뤼에르손
24861,S. Polter,제바스티안 폴터,폴터
24866,Douglas Santos,도글라스 산투스,산투스
24868,J. Vagnoman,요샤 마마두 카라부에 바그노만,바그노만
24869,S. Ambrosius,스테파느 코피 아므브로시우스,아므브로시우스
24873,R. van Drongelen,릭 반 드롱겔런,드롱겔런
24878,T. Ito,이토 다쓰야,다쓰야
24882,O. Mangala,오렐 망갈라,망갈라
24888,Hwang Hee-Chan,황희찬,황희찬
24894,D. Ramaj,디아느트 라마요,라마요
24903,R. Andrich,로베르트 안드리히,안드리히
24936,J. Dudziak,지에레미 카르비느 두드즈이아크,두드즈이아크
24939,R. Miyaichi,미야이치 료,료
24953,Y. Bisseck,얀 아우렐 루드거 비섹,비섹
24963,A. Karazor,아타칸 카라조르,카라조르
25002,B. Gaye,바부카르르 가이에,가이에
25004,S. Ortega,스테판 오르테가,오르테가
25008,J. Clauss,조나탕 클로스,클로스
25060,D. Baumgartner,도미니크 바우므가르트네르,바우므가르트네르
25061,A. Bella-Kotchap,아르멜 벨라코차프,벨라코차프
25073,V. Janelt,비탈리 야넬트,야넬트
25093,J. Král,이아느 크라르,크라르
25102,M. Kvesić,마리오 크베시치,크베시치
25129,D. Burnić,제니스 부르니치,부르니치
25139,V. Kušej,바실 쿠셰이,쿠셰이
25153,Y. Ideguchi,이데구치 요스케,요스케
25158,D. Raum,다비트 라움,라움
25163,D. Atanga,다비드 도나 아타느가,아타느가
25165,J. Green,줄리언 그린,그린
25168,N. Lomb,니클라스 롬브,롬브
25192,K. Behrens,케빈 베렌스,베렌스
25196,F. Buntić,파비얀 분티치,분티치
25200,F. Ananou,카느뉴이 프레데리크 아나누,아나누
25206,P. Neumann,필 야닉 뉴만,뉴만
25260,G. Nauber,게리트 나우버,나우버
25282,G. Kobel,그레고어 코벨,코벨
25287,K. Danso,케빈 단소,단소
25292,P. Max,필리프 막스,막스
25297,M. Gregoritsch,미하엘 그레고리치,그레고리치
25306,M. Malone,모리스 막심리안 말론,말론
25310,J. Pavlenka,지리 파블렌카,지리 파블렌카
25311,L. Plogmann,루카 플로크만,플로크만
25313,J. Beste,얀 닉라스 베스테,얀 베스테
25314,M. Friedl,마르코 프리들,프리들
25317,N. Moisander,니클라스 모이산데르,모이산데르
25321,D. Klaassen,데이비 클라선,클라선
25324,M. Rashica,밀로트 라시차,라시차
25330,Y. Osako,오사코 유야,유야
25332,J. Sargent,조슈아 토마스 사젠트,사젠트
25341,D. Luckassen,데릭 루카센,루카센
25342,M. Mittelstädt,막시밀리안 미텔슈테트,미텔슈테트
25350,M. Grujić,마르코 그루이치,그루이치
25368,W. Anton,발데마르 안톤,안톤
25374,K. Wimmer,케빈 비머,비머
25375,T. Asano,타쿠마 아사노,아사노
25379,G. Haraguchi,하라구치 겐키,겐키
25383,F. Muslija,프로레느트 무스리이아,무스리이아
25391,N. Füllkrug,니클라스 퓔크루크,퓔크루크
25397,J. Brooks,존 브룩스,브룩스
25398,William,윌리암,윌리암
25404,J. Roussillon,제롬 루시용,루시용
25406,F. Uduokhai,오이스 펠릭스 우두오크하이,우두오크하이
25408,M. Arnold,막시밀리안 아르놀트,아르놀트
25414,J. Yeboah,요한 예보아 자모라,예보아
25416,W. Weghorst,부트 베르호스트,베르호스트
25448,K. Ayhan,카안 아이한,아이한
25455,A. Barkok,아이멘 바르코크,바르코크
25458,D. Lukebakio,도디 루케바키오,루케바키오
25464,M. Ducksch,마빈 둑쉬,둑쉬
25530,D. Kyereh,다니엘코피 체레,체레
25597,F. Bredlow,파비안 브레들로,브레들로
25618,Matheus Pereira,마테우스 페레이라,페레이라
25619,M. Ishak,미카엘 이삭,이삭
25635,J. Hofmann,요나스 호프만,호프만
25638,F. Neuhaus,플로리안 노이하우스,노이하우스
25641,K. Bennetts,키난 베넷츠,베넷츠
25646,A. Pléa,알라산 플레아,플레아
25903,F. Dahmen,핀 디멘,디멘
25904,J. Huth,야닉 후트,야닉 후트
25905,F. Müller,플로리안 뮐러,뮐러
25915,P. Mwene,필립 무에네,무에네
25916,M. Niakhaté,무사 냐카테,냐카테
25917,R. Baku,리들레 바쿠,바쿠
25918,L. Barreiro,레안드로 바레이루,바레이루
25926,J. Burkardt,조나탄 부르카르트,부르카르트
25927,J. Mateta,장필리프 마테타,마테타
25928,K. Onisiwo,카림 오니시워,오니시워
26113,H. Bonmann,핸드릭 본만,본만
26161,L. Rogerson,로건 티페네 로저슨,로저슨
26227,M. Broschinski,모리츠 브로슈인스키,브로슈인스키
26232,M. Flekken,마르크 플레컨,플레컨
26236,C. Günter,크리스티안 귄터,귄터
26238,R. Koch,로빈 코흐,코흐
26239,L. Kübler,루카스 큐블러,큐블러
26240,P. Lienhart,필리프 린하르트,린하르트
26243,N. Schlotterbeck,니코 슐로터베크,슐로터베크
26244,P. Stenzel,파스칼 슈텐첼,슈텐첼
26248,V. Grifo,빈첸초 그리포,그리포
26250,N. Höfler,니콜라스 회플러,회플러
26252,R. Sallai,셜러이 롤런드,롤런드
26253,B. Borello,브랜든 조엘 가에타노 보렐로,보렐로
26255,L. Höler,루카스 헐러,헐러
26275,O. Bulut,오잔 불루트,불루트
26291,J. Grahl,예른스 그랄,그랄
26292,A. Meyer,알렉산더 니클라스 마이어-샤데,마이어
26302,Pablo Maffeo,파블로 마페오,마페오
26303,B. Sosa,베르너 소사,소사
26315,N. González,니콜라스 곤살레스,곤살레스
26358,B. Manu,브라이도느 마르비느 마누,마누
26395,P. Drewes,파트리크크 드레베스,드레베스
26406,P. Göbel,파트리크크 그외베르,그외베르
26475,D. Undav,데니스 운다브,운다브
26519,Hong Hyun-Seok,홍현석,홍현석
26626,A. Papadopoulos,아느토니오스 파파도푸로스,파파도푸로스
26644,C. Mandas,흐리스토스 만다스,만다스
26669,Bruno Felipe,브루노 실바,실바
26731,K. Kotsaris,콘스탄티노스 코츠아리스,코츠아리스
26828,G. Kiriakopoulos,조르고스 키리아코폴루스,키리아코폴루스
26848,G. Kotsiras,요아니스 코치라스,코치라스
26856,Dinis Almeida,디니스 알메이다,알메이다
26862,K. Thymianis,콘스탄티노스 티미아니스,티미아니스
26882,C. Braun,흐리스토페르 브라우느,브라우느
26902,G. Giakoumakis,게오르기오스 자코마키스,자코마키스
26909,N. Michael,네오피토스 마이클,마이클
26940,D. Epassy,드비 에파시,에파시
26957,G. Nikas,이오르고스 니카스,니카스
26965,F. Ioannidis,포티스 요아니디스,요아니디스
27166,R. Riski,로페 리스키,리스키
27760,L. Palma,루이스 팔마,팔마
27826,M. Ádám,아담 머르틴,머르틴
27836,K. Hinora,크리스토프 흐이노라,흐이노라
27852,Z. Bévárdi,주오므보르 베바르디,베바르디
27960,D. Bor,다비드 페레느크 보르,보르
27985,B. Ötvös,베느케 오트보스,오트보스
28048,B. Tóth,발라즈 토트,토트
28069,A. Skribek,아레느 마르틴 스크리베크,스크리베크
28209,G. Szécsi,게르게 세치,세치
28321,B. Tóth,바르나 토트흐,토트흐
28322,D. Dibusz,디부스 데네시,데네시
28324,Á. Varga,아담 가보르 바르가,바르가
28326,E. Botka,보트커 엔드레,엔드레
28337,F. Gorriarán,페르난도 고르리아라느 포느테스,고르리아라느
28344,D. Böde,뵈데 다니엘,다니엘
28359,Á. Kinyik,아코스 키니이크,키니이크
28409,D. Gróf,다비드 아티라 그로프,그로프
28442,E. Silye,에리크 시이에,시이에
28467,A. Osváth,아트티라 오스바트흐,오스바트흐
28472,B. Balogh,바라주 바로그,바로그
28476,L. Latifi,리리도느 라티피,라티피
28498,B. Lenzsér,베느케 레느주에르,레느주에르
28499,J. Szabó,서보 야노시,야노시
28505,J. Hahn,지아노스 치아바 흐아흐느,흐아흐느
28506,Z. Haraszti,주오르트 흐아라스티,흐아라스티
28511,K. Papp,크리스토프 파프프,파프프
28513,J. Windecker,지오주에프 우이느데크케르,우이느데크케르
28565,S. Schön,쇤 서볼치,서볼치
28585,K. Szűcs,코르넬 스쥬치,스쥬치
28646,K. Finnsson,콜바인 비르기르 핀손,핀손
28669,A. Aðalsteinsson,아르노르 스바이느느 아다르스타이느스소느,아다르스타이느스소느
28673,K. Jónsson,크리스티느느 이오느스소느,이오느스소느
28689,T. Thomsen,토비아스 베느디크스 트흐오므세느,베느디크스
28714,S. Þórðarson,스테판 테이투르 토르다르손,토르다르손
28722,D. Muminović,다미르 무미노비크,무미노비크
28725,V. Einarsson,빅토르 카를 에이나르손,에이나르손
28726,H. Gunnlaugsson,흐오스쿠르두르 구느느라우그스소느,구느느라우그스소느
28727,D. Ingvarsson,다비드 이느그바르스소느,이느그바르스소느
28730,V. Margeirsson,비크토르 오르느 마르가이르스소느,마르가이르스소느
28734,A. Yeoman,아느드리 라프느 이에오마느,이에오마느
28735,A. Bjarnason,아로느 비아르나소느,비아르나소느
28739,A. Sigurðarson,알렉산더 흐에르기 시구르다르소느,시구르다르소느
28752,B. Hendriksson,브라느두르 흐에느드리크스소느 오르세느,흐에느드리크스소느
28755,K. Steindórsson,크리스티느느 스타이느도르스소느,스타이느도르스소느
28802,J. Magnússon,이우리우스 마그누스소느,마그누스소느
28806,L. Tómasson,로기 토마손,토마손
28842,Ó. Ómarsson,오리 바루르 오마르스소느,오마르스소느
28844,A. Einarsson,아느토느 아리 아이나르스소느,아이나르스소느
28884,V. Valgeirsson,바르가이르 바르가이르스소느,바르가이르스소느
28942,G. Magnússon,구드무느두르 마그누스소느,마그누스소느
28946,Nauzet García,나우세트 가르키아 사느타나,가르키아
29704,S. Khalilzadeh,쇼자 칼릴자데,칼릴자데
29707,M. Naderi,모하마드 나데리,나데리
29712,Bashar Rasan,바샤르 레산,레산
29716,K. Kamyabinia,카마레드디느 카미아비니아,카미아비니아
29717,S. Nemati,시아마크 네마티,네마티
29718,S. Rafiei,소루슈 라피이 가리,라피이
29719,M. Shiri,메흐디 슈이리,슈이리
29720,A. Alipour,알리 알리푸르가라,알리푸르
29735,S. Yazdani,시아바슈 이아즈다니 모가다므,이아즈다니
29740,M. Karimi,세예드 모하마드 카리미,카리미
29743,M. Mohammadi,메르다드 모하마디 카슴라지,모하마디
29747,M. Sarlak,미라드 사르라크,사르라크
29752,S. Shahbazzadeh,사지지아드 슈아흐바즈즈아데흐,슈아흐바즈즈아데흐
29755,H. Hosseini,호세인 호세이니,호세이니
29758,M. Daneshgar,모하마드 다네시가르,다네시가르
29763,A. Sohrabian,아르미느 소흐라비아느,소흐라비아느
29770,A. Karimi,알리 카리미,카리미
29775,O. Noorafkan,오미드 누라프칸,누라프칸
29781,M. Ghaedi,메디 가에디,가에디
29784,A. Sayyadmanesh,알라야르 사야드마네쉬,사야드마네쉬
29794,M. Mansouri,모르테즈아 마느수리,마느수리
29809,A. Nemati,알리 네마티,네마티
29811,S. Sadeghi,사아이드 사데기,사데기
29825,M. Akhbari,모하마드레자 아크바리 샤드,아크바리
29834,M. Azadi,모하마드레자 아자디,아자디
29838,A. Imani,아크바르 이마니,이마니
29839,M. Mehdipour,메흐디 메흐디푸르,메흐디푸르
29845,S. Ansari,사사느 아느사리,아느사리
29847,D. Esmaeilifar,다니아르 에스마아이리파르,에스마아이리파르
29852,A. Aghasi,아레프 아가시 콜라소르키,아가시
29855,A. Gholami,아레프 골라미,골라미
29872,M. Najarian,모지타바 나지아리아느,나지아리아느
29884,M. Mazaheri,모흐아므마드 라슈이드 마즈아흐에리,마즈아흐에리
29901,M. Niknafs,모흐아므마드 즈오바이르 니크나프스,니크나프스
29926,A. Jalali,세예드 아볼파즐 자라리 부라니,자라리
29932,R. Asadi,레자 아사디,아사디
29937,A. Hosseinzadeh,아미르호세인 호세인자데,호세인자데
29976,J. Salmani,지아파르 사르마니,사르마니
30006,H. Lak,하메드 라크,라크
30025,F. Faraji,파르슈아드 파라지이,파라지이
30078,S. Mehri,사에이드 메리,메리
30153,Javad Aghaeipour,자바드 아가에이푸르,아가에이푸르
30165,H. Pourhamidi,호세인 푸르하미디,푸르하미디
30393,A. Lafont,알반-마르크 라폰,라폰
30399,D. Hancko,다비트 한츠코,한츠코
30405,E. Fernandes,에디밀손 페르난데스 리베이로,페르난데스
30407,C. Nørgaard,크리스티안 뇌르고르,뇌르고르
30408,Gerson,제르송 산투스 다 시우바,시우바
30409,J. Veretout,조르단 베레투,베레투
30410,F. Chiesa,페데리코 키에사,키에사
30414,G. Simeone,히오바니 시메오네,시메오네
30415,D. Vlahović,두산 블라호비치,블라호비치
30416,E. Berisha,에트리트 베리샤,베리샤
30417,M. Carnesecchi,마르코 카르네세키,카르네세키
30418,P. Gollini,피에를루이지 골리니,골리니
30419,F. Rossi,프란체스코 로시,로시
30421,B. Djimsiti,베라트 짐시티,짐시티
30422,R. Gosens,로빈 고젠스,고젠스
30423,H. Hateboer,한스 하테부르,하테부르
30424,Ibañez,호제르 이바녜스,이바녜스
30425,G. Mancini,잔루카 만치니,만치니
30427,C. Okoli,메멘 카렙 오콜리,오콜리
30428,J. Palomino,호세 루이스 파로미노,파로미노
30432,M. de Roon,마르턴 더 론,론
30433,P. Gómez,알레한드로 다리오 고메즈 빌라베르데,고메즈
30438,N. Cambiaghi,니콜로 캄비아기,캄비아기
30473,I. Mbaye,이브라히마 음바예,음바예
30488,R. Orsolini,리카르도 오르솔리니,오르솔리니
30497,Bremer,글레이송 브레메르,브레메르
30498,L. De Silvestri,로렌조 데 실베스트리,실베스트리
30500,E. Ferigra,에리크크 스테베느 페리그라 부르느흐아므,페리그라
30503,N. Nkoulou,니콜라 은쿨루,은쿨루
30504,W. Singo,윌프리드 싱고,싱고
30507,S. Meïté,수알리오 메이테,메이테
30509,A. Belotti,안드레아 벨로티,벨로티
30510,Álex Berenguer,알렉스 베렝게르,베렝게르
30511,V. Damaşcan,비타리 다마스카느,다마스카느
30525,Pol Lirola,폴 리롤라,리롤라
30529,Marlon,말론 마리우 브란당 다 시우베이라,시우베이라
30531,J. Boga,제레미 보가,보가
30532,A. Duncan,앨프리드 덩컨,덩컨
30533,M. Locatelli,마누엘 로카텔리,로카텔리
30536,F. Đuričić,필리프 주리치치,주리치치
30542,J. Odgaard,옌스 오드가르드,오드가르드
30543,G. Raspadori,자코모 라스파도리,라스파도리
30544,G. Scamacca,잔루카 스카마카,스카마카
30553,C. Lykogiannis,하랄람포스 릭오지아니스,릭오지아니스
30558,N. Barella,니콜로 바렐라,바렐라
30571,K. Despodov,키릴 데스포도프,데스포도프
30670,M. Di Gregorio,미켈레 디 그레고리오,그레고리오
30690,N. Fonseca,니콜라스 폰세카,폰세카
30697,A. Cordea,아느드라이 이오아느 코르데아,코르데아
30748,A. Dioussé,아스사네 디우스세 아드주이,디우스세
30765,I. Radu,이오누트 안드레이 라두,라두
30776,C. Romero,크리스티안 로메로,로메로
30798,H. ter Avest,히데 윌렘 테르 아베스트,아베스트
30800,B. Wilmot,벤자민 루이스 윌못,윌못
30807,S. Fofana,세코 포파나,포파나
30809,S. Ingelsson,스반테 울프 잉겔 잉겔손,잉겔손
30827,M. Erlić,마르틴 에를리치,에를리치
30845,E. Gyasi,에마누에르 쿠아르트시느 기아시,기아시
30864,M. Janković,마르코 얀코비치,얀코비치
30921,P. Dawidowicz,파베우 다비도비츠,다비도비츠
30924,M. Kumbulla,마라쉬 쿰불라,쿰불라
30948,L. Zima,루카시 지마,지마
30950,M. Boben,마티이아 보베느,보베느
30987,S. Väisänen,사우리 아포 카스페리 바이사네느,바이사네느
30996,M. Rohdén,마르쿠스 로흐덴,로흐덴
30998,A. Kargbo,어거스터스 카그보,카그보
30999,S. Mráz,사무엘 므라즈,므라즈
31009,A. Bastoni,알레산드로 바스토니,바스토니
31010,F. Dimarco,페데리코 디마르코,디마르코
31033,N. Schiappacasse,니콜라스 하비에르 시아파카세,시아파카세
31035,B. Drągowski,바르트워미에이 드롱고프스키,드롱고프스키
31042,G. Di Lorenzo,조반니 디 로렌초,로렌초
31047,J. Rasmussen,야콥 람수센,람수센
31054,R. Krunić,라데 크루니치,크루니치
31057,H. Traorè,하메드 트라오레,트라오레
31058,S. Uçan,살리흐 우찬,우찬
31069,M. Sportiello,마르코 스포르티엘로,스포르티엘로
31076,B. Salamon,바르토시 살라몬,살라몬
31098,F. Ravaglia,페데리코 라바리아,라바리아
31099,N. Casale,니콜로 카살레,카살레
31146,S. Tonali,산드로 토날리,토날리
31156,V. Milinković-Savić,바냐 밀린코비치사비치,밀린코비치사비치
31173,D. Frattesi,다비데 프라테시,프라테시
31219,A. Zerbin,아레스시오 즈에르비느,즈에르비느
31226,A. Buongiorno,알레산드로 부온조르노,부온조르노
31227,A. Krešić,아느토느 크레시츠,크레시츠
31241,D. Šarić,다리오 샤리치,샤리치
31273,T. Pobega,톰마소 포베가,포베가
31354,G. Vicario,굴리엘모 비카리오,비카리오
31386,J. El Yamiq,자와드 엘 야미크,야미크
31390,P. Mazzocchi,파스콸레 마초키,마초키
31397,V. Dragomir,브라드 미흐아이 드라고미르,드라고미르
31492,F. Kanouté,에리마네 프라느크크 카누테,카누테
31521,A. Vogliacco,알레산드로 볼리아코,볼리아코
31541,H. Aleesami,하이탐 알리사미,알리사미
31552,I. Chochev,이바일로 초체프,초체프
31556,R. Murawski,라도슬라프 무라우스키,무라우스키
31624,Gabriel Strefezza,가브리엘 스트레페자,스트레페자
31632,A. Noppert,안드리스 노퍼르트,노퍼르트
31635,J. Billong,주에아느-크로데 비르로느그,비르로느그
31664,A. Micai,알레산드로 미카이,미카이
32004,L. Dumančić,루카 두마느츠이츠,두마느츠이츠
32172,N. Contini,니키타 콘티니 바라노브스키,콘티니
32266,J. East,지아보느 로마리오 에아스트,에아스트
32403,R. Webster,로나르도 로마리오 우에브스테르,우에브스테르
32855,R. Ogawa,오가와 료야,료야
32858,T. Watanabe,와타나베 쓰요시,쓰요시
32862,T. Kubo,구보 다케후사,다케후사
32872,K. Nagai,나가이 겐스케,겐스케
32875,K. Tagawa,다가와 교스케,교스케
32882,H. Fujii,후지이 하루야,하루야
32886,S. Nakatani,나카타니 신노스케,신노스케
32887,Y. Sugawara,스가와라 유키나리,유키나리
32893,H. Ito,이토 히로키,히로키
32902,Y. Soma,소마 유키,유키
32910,R. Kojima,고지마 료스케,료스케
32923,R. Ito,이토 료타로,료타로
32938,T. Iwata,이와타 도모키,도모키
32940,A. Onaiwu,오나이우 아도,아도
32950,S. Kurumaya,구루마야 신타로,신타로
32954,S. Taniguchi,타니구치 쇼고,쇼고
32960,H. Morita,모리타 히데마사,히데마사
32962,R. Oshima,오시마 리오타,오시마
32966,A. Tanaka,다나카 아오,아오
32967,Y. Wakizaka,와키자카 야스토,야스토
32980,R. Shindo,신도 료스케,료스케
32998,Y. Iwasaki,이와사키 유토,유토
33000,D. Suga,스가 다이키,다이키
33012,K. Matsubara,마쓰바라 겐,겐
33017,K. Endo,엔도 게이타,게이타
33019,K. Miyoshi,미이오시 코지,미이오시
33027,T. Nakagawa,나카가와 데루히토,데루히토
33034,K. Osako,오사코 게이스케,게이스케
33035,H. Araki,아라키 하야토,하야토
33043,S. Inagaki,이나가키 쇼,쇼
33045,H. Kawabe,가와베 하야오,하야오
33047,T. Matsumoto,마쓰모토 다이시,다이시
33048,T. Morishima,모리시마 쓰카사,쓰카사
33049,G. Notsuda,노쓰다 가쿠토,가쿠토
33067,K. Machida,마치다 고키,고키
33085,Hiroki Abe,아베 히로키,히로키
33093,S. Nishikawa,니시카와 슈사쿠,슈사쿠
33095,D. Hashioka,하시오카 다이키,다이키
33098,T. Makino,마키노 도모아키,도모아키
33104,R. Yamanaka,야마나카 료스케,료스케
33131,D. Sugioka,스기오카 다이키,다이키
33144,M. Yamane,야마네 미키,미키
33147,Y. Ohashi,오하시 유키,유키
33155,Kim Jin-Hyeon,키므 지이느-흐이에오느,키므
33165,A. Seko,세코 아유무,아유무
33175,K. Mizunuma,미즈누마 고타,고타
33224,D. Maeda,마에다 다이젠,다이젠
33230,D. Maekawa,마에카와 다이야,다이야
33253,K. Furuhashi,후루하시 교고,교고
33268,T. Ominami,오미나미 다쿠마,다쿠마
33289,Koki Ogawa,오가와 고키,고키
33294,K. Tani,다니 고세이,고세이
33321,Keito Nakamura,나카무라 게이토,게이토
33337,Y. Tatsuta,다쓰타 유고,유고
33397,T. Hara,하라 데루키,데루키
33398,R. Harakawa,하라카와 리키,리키
33402,D. Matsuoka,마쓰오카 다이키,다이키
33462,T. Sakamoto,사카모토 다쓰히로,다쓰히로
33496,K. Okunuki,오쿠누키 간지,간지
33595,T. Koga,고가 다이요,다이요
33596,R. Koike,고이케 류타,류타
33605,A. Esaka,에사카 아타루,아타루
33615,M. Hosoya,호소야 마오,마오
33759,Lee Sang-Min,이상민,이상민
33794,K. Fujimoto,후지모토 간야,간야
33804,K. Watanabe,와타나베 고타,고타
33838,K. Saito,사이토 고키,고키
33847,J. Geria,제이슨 게리아,게리아
33889,K. Sano,사노 가이슈,가이슈
33910,T. Kawamura,가와무라 다쿠무,다쿠무
33937,Won Du-Jae,원두재,원두재
34121,R. Ashurmatov,루스탐존 아슈르마토프,아슈르마토프
34132,Um Won-Sang,엄원상,엄원상
34168,Kim Jin-Gyu,김진규,김진규
34171,Lee Dong-Jun,이동준,이동준
34180,Lee Jeong-Hyeop,레에 지에오느그-흐이에오프,레에
34211,Cho Gue-Sung,구에성 초,초
34239,Cho Yu-Min,조유민,조유민
34374,Song Bum-Keun,송범근,송범근
34379,Lee Ju-Yong,레에 지우-이오느그,레에
34380,Lee Yong,이용 (1989년),(1989년)
34386,Han Seung-Gyu,흐아느 세우느그-기우,흐아느
34392,Moon Seon-Min,문선민,문선민
34395,Son Jun-Ho,손준호,손준호
34400,Kim Shin-Wook,키므 슈이느-우우크,키므
34417,Kim Tae-Hwan,태환 김,김
34418,Kim Tae-Hyeon,태현 김,김
34420,Lee Myung-Jae,명재 이,이
34423,Park Joo-Ho,파르크 지우-흐오,파르크
34427,Joo Min-Kyu,민규 주,주
34428,Kim Bo-Kyung,키므 보-키우느그,키므
34429,Kim In-Sung,키므 이느-수느그,키므
34431,Lee Dong-Gyeong,이동경,이동경
34435,Park Yong-Woo,박용우,박용우
34453,Jeong Tae-Wook,지에오느그 타에-우우크,지에오느그
34481,Kim Dae-Won,김대원,김대원
34496,Kim Ju-Sung,주성 김,김
34504,Yoon Jong-Gyu,윤종규,윤종규
34517,Cho Young-Wook,조영욱,조영욱
34525,A. Pešić,알렉산다르 페시치,페시치
34537,Kim Young-Bin,키므 이우느그-비느,키므
34547,Kang Sang-Woo,카느그 사느그-우우,카느그
34554,Yoon Bit-Garam,이우느 비트-가라므,이우느
34556,Kim Gun-Hee,키므 구느-흐에에,키므
34590,Ha Chang-Rae,창래 하,하
34595,Kim Seung-Dae,키므 세우느그-다에,키므
34598,Song Min-Kyu,송민규,송민규
34602,Kim Dong-Jun,키므 도느그-지우느,키므
34615,Kim Dong-Hyun,키므 도느그-흐이우느,키므
34647,Lee Jae-Ik,이재익,이재익
34666,Cho Jae-Wan,치오 지아에-우아느,치오
34695,Ko Seung-Beom,코 세우느그-베오므,코
34708,Jeon Jin-Woo,진우 전,전
34710,Oh Hyeon-Gyu,현규 오,현규
34711,A. Taggart,애덤 태가트,태가트
34738,Lee Yeong-Jae,레에 이에오느그-지아에,레에
34757,Lee Chang-Geun,창근 이,이
34786,Yun Il-Lok,이우느 이르-로크,이우느
34788,Kim Dong-Heon,동헌 김,김
35473,R. Cota,로돌포 다미안 코타 로블레스,코타
35485,O. Rodríguez,오스바르도 로드리구에스 포르타르,로드리구에스
35523,J. García,호세 루이스 가르시아 몬테스,가르시아
35532,J. Quiñones,훌리안 퀴뇨네스,퀴뇨네스
35533,E. Valencia,엔네르 렘베르토 발렌시아 라스트라,발렌시아
35539,S. Medina,존 스테판 메디나 라미레즈,메디나
35544,J. Vásquez,요한 필리페 바스케스 이바라,바스케스
35546,A. González,아르투로 아르포느소 고느사레스 고느사레스,고느사레스
35550,M. Meza,막시밀리아노 메사,메사
35551,A. Bareiro,아담 페르난도 바레이로 가마라,바레이로
35552,R. Funes Mori,로헬리오 푸네스 모리,모리
35556,Á. Zaldívar,앙헬 사르디바르 카비데스,사르디바르
35562,J. Domínguez,ㅎ우리오 케사르 도미느구에스 ㅎ우아레스,도미느구에스
35569,J. Silva,ㅎ오르다느 ㅎ에수스 시르바 디아스,시르바
35570,S. Eustáquio,스테픈 유스타키오,유스타키오
35573,A. Gutiérrez,알렉시스 가티에레스 토레스,가티에레스
35576,O. Pineda,오르벨린 피네다,피네다
35590,S. Córdova,세바스티안 코르도바,코르도바
35597,L. Reyes,루이스 리카르도 레예스,레예스
35603,H. Martín,헨리 호수에 마르틴 멕스,마르틴
35604,Roger Martínez,로저 베이커 마르티네스 토빈손,마르티네스
35645,Á. Sepúlveda,안헬 발타자르 세푸르베다 산체스,세푸르베다
35648,É. Aguirre,에리크크 헤르마이느 아구이르레 타포이아,아구이르레
35669,R. de la Rosa,로베르토 카를로스 로사 고느사레스,로사
35687,J. Angulo,ㅎ에수스 리카르도 아느구로 우리아르테,아느구로
35690,L. Chávez,루이스 헤라르도 차베스 마갈론,차베스
35704,A. Talavera,알프레도 탈라베라 디아스,탈라베라
35716,K. Castañeda,케빈 카스타네다 바르가스,카스타네다
35738,V. Loroña,브라디미르 에두아르도 로로니아 아구이라르,로로니아
35766,L. Cavallini,루커스 카발리니,카발리니
35769,C. Acevedo,카를로스 아세베도 로페스,아세베도
35773,J. Angulo,헤수스 알베르토 앙구로 우리아르테,앙구로
35774,G. Arteaga,헤라르도 아르테아가,아르테아가
35786,A. Preciado,에두아르 아이르톤 프레시아도 가르시아,프레시아도
35789,E. Aguirre,에두아르도 다니엘 아구이르레 라라,아구이르레
35797,A. Rodríguez,메모 로드리게스,로드리게스
35800,J. Esquivel,호세 ㅎ오아쿠이느 에스키베르 마르티네스,에스키베르
35808,G. Velázquez,빅토르 라모스,라모스
35813,M. Laínez,마우로 아르베르토 라이네스 레이바,라이네스
35840,C. Aboagye,크리프포르드 아보아기에,아보아기에
35860,O. Herrera,ㅎ오나트흐아느 오스시르 흐에르레라 모라레스,흐에르레라
35874,G. Sepúlveda,히르베르토 세푸르베다 로페스,세푸르베다
35877,F. Beltrán,페르난도 베르트라느 크루스,베르트라느
35878,A. Cervantes,아라느 케르바느테스,케르바느테스
35885,A. Zendejas,아레지아느드로 즈에느데지아스 사아베드라,즈에느데지아스
35894,A. Pulido,알란 풀리도,풀리도
35930,L. Malagón,루이스 안헬 말라곤 벨라스케스,말라곤
35931,S. Sosa,까를로스 세바스티안 소사 실바,소사
35970,L. Romo,루이스 프란시스코 로모 바론,로모
35981,M. Ruiz,마르셀 알레한드로 루이즈 수아레즈,루이즈
35995,S. Jurado,세바스티아느 ㅎ우라도 로카,ㅎ우라도
36083,D. Ramírez,호세 다비드 라미레스 가르키아,라미레스
36088,G. Martínez,기요르모 마르티네스 아얄라,마르티네스
36093,É. Sánchez,에릭 다니엘 산체스 오세게다,산체스
36111,C. Huerta,세사르 우에르타,우에르타
36142,S. Reyes,사르바도르 레이에스 치아베스,레이에스
36359,A. Ortíz,아르투로 오르티스 마르티네스,오르티스
36494,Y. Irrazábal,이오나타느 이르라사바르 코느디네스,이르라사바르
36531,A. El Amloud,아이우브 아므루드,아므루드
36540,A. Dari,아슈라프 다리,다리
36544,Y. Jabrane,야히아 자브란,자브란
36555,A. Zniti,아나스 즈니티,즈니티
36556,B. Benoun,바드르 베눈,베눈
36561,A. Khairi,아이우브 흐아이리,흐아이리
36579,S. Rahimi,수피안 라히미,라히미
36725,H. El Moussaoui,흐아므즈아 무스사우이,무스사우이
36776,T. Wellenreuther,티몬 야니스 벨렌로이터,벨렌로이터
36784,D. Palacios,디에고 팔라시오스,팔라시오스
36788,V. Anita,퓌르논 아니타,아니타
36789,D. Crowley,대니얼 크롤리,크롤리
36796,K. Kristinsson,크리스토페르 이느기 크리스티느스소느,크리스티느스소느
36797,J. Ogenia,저스틴 셰인 오게니아,오게니아
36798,V. Pavlidis,방겔리스 파블리디스,파블리디스
36827,J. de Lange,제프리 데 랑게,랑게
36828,J. Drommel,이우르 드로므메르,드로므메르
36842,G. Roemeratoe,홋프리트 루메라투,루메라투
36843,M. Smith,매슈 스미스,스미스
36857,J. Gaari,유리엔 고드프리드 후안 가리,가리
36864,E. Hansson,에밀 한손,한손
36865,M. Meulensteen,멜레 뫼렌스텐,뫼렌스텐
36878,M. Bizot,마르코 비조트,비조트
36885,P. Hatzidiakos,폴로스 하치디아코스,하치디아코스
36887,J. Kramer,조리스 크라메르,조리스 크라메르
36889,J. Svensson,요나스 스벤손,스벤손
36893,O. Wijndal,오번 베인달,베인달
36895,K. Fitz-Jim,키안 피츠-짐,피츠-짐
36896,K. Goudmijn,켄조 구드마인,구드마인
36899,T. Koopmeiners,퇸 코프메이너르스,코프메이너르스
36902,T. Reijnders,티자니 라인더르스,라인더르스
36905,G. Til,거스 틸,틸
36907,M. Boadu,마이런 보아두,보아두
36910,C. Stengs,캘빈 스텡스,스텡스
36920,Y. Nakayama,유타 나카야마,나카야마
36922,S. van den Berg,세프 판 덴 베르흐,베르흐
36927,Z. Flemming,지안 플레밍,플레밍
36928,D. Genreau,데니스 게느레아우,게느레아우
36929,G. Hamer,구스타보 마틴 에밀리오 헤이머,헤이머
36967,T. Doornbusch,트레버 도른뷔스,도른뷔스
36970,S. Floranus,셰럴 콘스탄시오 플로라누스,플로라누스
36980,M. Thorsby,모르텐 토르스뷔,토르스뷔
36988,N. Mihajlović,네마니아 미흐아이로비츠,미흐아이로비츠
37028,F. Stokkers,핀 스토커스,스토커스
37049,A. Bangura,알렉스 바느구라,바느구라
37066,R. van Eijma,로숀 반 에이마,에이마
37113,R. Pasveer,렘코 파스베이르,파스베이르
37115,M. Clark,막스 올리버 클라크,클라크
37116,J. Clarke-Salter,제이크 클라크솔터,클라크솔터
37121,Mukhtar Ali,무크타르 압둘라 알리 셰이크,무크타르 알리
37124,R. Margaret,리초넬 마르가렛,마르가렛
37127,M. Ødegaard,마르틴 외데고르,외데고르
37133,H. Gong,흐이르라리 치우쿠아흐 고느그,치우쿠아흐
37136,R. Musaba,리치이 에프라이므 무사바,에프라이므
37137,J. Bijlow,유스틴 베일로,베일로
37143,L. Geertruida,루트샤렐 헤이르트라위다,헤이르트라위다
37145,T. Malacia,타이렐 말라시아,말라시아
37146,C. Martina,쿠코 마르티나,마르티나
37147,B. Nieuwkoop,바르트 니우코프,니우코프
37148,J. St. Juste,제리 신트쥐스터,신트쥐스터
37151,C. Verdonk,칼빈 베르동크,베르동크
37154,J. Clasie,요르디 클라시,클라시
37155,O. Kökçü,오르쿤 쾩취,쾩취
37157,T. Vilhena,토느니 에미리오 트리느다데 피르흐에나,트리느다데
37160,S. Berghuis,스티븐 베르하위스,베르하위스
37161,L. Sinisterra,루이스 시니스테라,시니스테라
37167,M. Paes,마르턴 파스,파스
37175,R. Bazoer,리헤들리 바주르,바주르
37180,Simon Gustafson,시모느 구스타프소느,구스타프소느
37186,C. Dessers,시릴 데서스,데서스
37236,A. Matusiwa,아조르 마투시와,마투시와
37242,D. Burgzorg,델라노 버그조르흐,버그조르흐
37246,J. Blaswich,야니스 조나단 블라스위치,블라스위치
37247,M. Brouwer,마이클 브라우어,브라우어
37253,M. Knoester,마트스 크누스테르,크누스테르
37272,B. Kuwas,브랜들리 맥-올리엔 쿠와스,쿠와스
37276,K. Scherpen,키에르르 슈에르페느,슈에르페느
37303,J. Arias,자파르 아우렐리오 미겔 아리아스,아리아스
37368,F. Sturing,프라느크 스투리느그,스투리느그
37380,A. Musaba,안토니 티테 무사바,무사바
37381,M. Trésor,마이크 트레쏘르 느다이시미예,트레쏘르
37383,O. Romeny,올레 로메니,로메니
37435,Deroy Duarte,데로이 두아르트,두아르트
37440,H. Dervişoğlu,할릴 데비쇼을루,데비쇼을루
37450,J. Carolina,유리치 크리스토퍼 알렉산더 카롤리나,카롤리나
37451,M. Deijl,마츠 데이일,데이일
37456,L. Väisänen,레오 배이새넨,배이새넨
37461,K. Felida,케빈 안토니오 펠리다,펠리다
37465,I. Oulad Omar,임란 울라드 오마르,오마르
37599,J. Gorter,이아이 흐오르테르,흐오르테르
37604,S. Beukema,샘 뵈케마,뵈케마
37639,S. Van der Heyden,시베 데르 에이데느,데르
37652,B. van den Boomen,브란코 반 덴 부멘,반 덴 부멘
37665,R. Balker,라디니오 로베르토 밸커,밸커
37691,S. Meijer,스테이느 마이이에르,마이이에르
37700,L. Montsma,루이스 리 몬츠마,몬츠마
37711,A. Phillips,아담 리 필립스,필립스
37724,C. Summerville,크리센시오 서머빌,서머빌
37735,M. Eerdhuijzen,마이크 에어드헤이젠,에어드헤이젠
37742,G. Smal,헤이스 스말,스말
37749,J. Veerman,조이 페이르만,페이르만
37760,D. Murkin,데리 존 머킨,머킨
37781,E. Linthorst,헨리쿠스 제라르두스 후베르투스 마르 린토르스트,린토르스트
37784,S. Steijn,세름 스타인,스타인
37801,Masies Artien,마시에스 아르티엔,마시에스 아르티엔
37818,N. Olij,닉 퀸텐 올리,올리
37833,P. Rommens,피리프페 로므메느스,로므메느스
37874,S. Horemans,시베 호레만스,호레만스
37882,M. Edwards,마커스 에드워즈,에드워즈
37890,J. Schouten,예르디 스하우턴,스하우턴
37941,E. Hooi,엘슨 퀸시 후이,후이
37961,M. van Ewijk,밀란 파브리지오 반 에바이크,반 에바이크
38110,S. Padt,세르지오 빈첸조 로베르토 팟트,팟트
38112,J. Chabot,율리안 제프리 가스톤 샤보,율리안 샤보
38114,K. Itakura,이타쿠라 고,고
38123,A. Hrustić,아이딘 흐루스티치,흐루스티치
38124,L. Reis,루도비트 레이스,레이스
38516,S. Carmelia,샤논 다비드 카르멜리아,카르멜리아
38575,Ruben Rodrigues,루베느 로치아 로드리구에스,로치아
38690,G. Leigh,그레고리 알렉스 리,리
38692,E. Palmer-Brown,에릭 로스 팔머-브라운,팔머-브라운
38695,J. van Hecke,얀 폴 판헤케,판헤케
38700,S. Kaikai,수라이만 보르보르 카이카이,카이카이
38708,G. Kastaneer,저르바네 쟌드릭 아돈니스 카스타네르,카스타네르
38734,S. Botman,스벤 보트만,보트만
38735,S. Dest,서지뇨 데스트,데스트
38745,E. Llansana,에느리크 르라느사나 베우세,르라느사나
38746,J. Timber,위리엔 팀버르,팀버르
38747,Q. Timber,크빈턴 팀버르,팀버르
38749,K. Taylor,케너스 테일러,테일러
38750,B. Brobbey,브라이언 브로베이,브로베이
38752,V. Jensen,빅토르 치리스토프페르 지에느세느,지에느세느
38753,N. Kühn,니콜라스 퀸,퀸
38763,D. Lavalée,디미트리 도미니크 라발레,라발레
38840,C. Howieson,캐머런 드루 네루 하위슨,하위슨
39034,A. Linde,안드레아스 치리스토페르 리느데,리느데
39043,F. Aursnes,프레드릭 아우르스네스,아우르스네스
39055,N. Haikin,니키타 하이킨,하이킨
39056,Ricardo Friedrich,리카르도 흐에느리쿠에 슈우크크 프리드리치,슈우크크
39058,F. Bjørkan,프레드릭 안드레 비욘칸,비욘칸
39060,M. Lode,마리우스 로데,로데
39061,B. Moe,브레데 마트흐이아스 모에,모에
39064,P. Berg,패트릭 베르그,베르그
39065,H. Evjen,호콘 에브옌,에브옌
39066,F. Myhre,펠릭스 혼 뮈레,뮈레
39069,U. Saltnes,울릭 살트네스,살트네스
39070,O. Sigurjónsson,오리베르 시구리오느스소느,시구리오느스소느
39071,V. Boniface,빅터 보니페이스,보니페이스
39073,J. Hauge,예른 페터 하우게,페터 하우게
39078,A. Layouni,아모르 이오나스 라이우니,라이우니
39080,P. Zinckernagel,피리프 아크세르 프리가스트 즈이느크케르나게르,프리가스트
39082,E. Selvik,에길 셀비크,셀비크
39083,O. Bjørtuft,오딘 루라스 비울투프트,비울투프트
39099,A. Helmersen,아담 헬머센,헬머센
39107,S. Adekugbe,샘 아데쿠그베,아데쿠그베
39115,A. Dønnum,아론 레오나르드 던눔,던눔
39118,S. Opsahl,사카리아스 오프사흐르,오프사흐르
39122,B. Finne,보르드 핀네,핀네
39141,L. Johnsen,엘리노르 베르그 존센,베르그 존센
39142,H. Tangen,흐아라르드 니르세느 타느게느,니르세느
39143,K. Thorstvedt,크리스티안 토르스트베트,토르스트베트
39167,B. Lepistu,브레느트 레피스투,레피스투
39169,S. Sørli,소느드레 스ø르리,스ø르리
39178,J. Faye Lund,줄리안 레크달 파예 룬드,룬드
39194,V. Dragsnes,베틀레 빙거 드라그스네스,드라그스네스
39203,E. Holmen Johansen,아이리크 흐오르메느 지오흐아느세느,흐오르메느
39209,R. Kristiansen,루벤 크리스티안센,크리스티안센
39222,H. Johansen,헨리크 셸스루 요한센,요한센
39232,F. Knudsen,프레드릭 팔레센 크눗센,크눗센
39239,T. Pedersen,토레 바르덴 페데르센,페데르센
39243,S. Tronstad,손드레 비요르반드 트론스타드,트론스타드
39254,T. Heggem,토르비언 리사커 헤겜,헤겜
39265,S. Sørløkk,소느드레 스ø르르ø크크,스ø르르ø크크
39279,A. Hanche-Olsen,안드레아스 슈울베르그 한체올슨,한체올슨
39287,O. Brynhildsen,오드너 브린힐드센,브린힐드센
39291,H. Vetlesen,휴고 베가르드 베틀센,베틀센
39292,O. Aga,오스카르 아가,아가
39303,M. Marić,마르코 마리치,마리치
39309,S. Rafn,시메느 라프느,라프느
39320,S. Sinyan,슈에리프프 시니아느,시니아느
39325,V. Myhra,빌야르 뢰슬트 미라,미라
39352,J. Gundersen,주드 근데르센,근데르센
39360,A. Mikkelsen,아우구스트 미켈슨,미켈슨
39362,M. Pedersen,마르쿠스 페데르센,페데르센
39368,R. Espejord,루나르 에스페요르,에스페요르
39371,B. Rojas,브라이아느 아느드레스 로ㅎ아스 ㅎ이메네스,로ㅎ아스
39612,J. Murillo,호세 마누엘 무릴로 모란,무릴로
39838,A. Barco,아르포느소 다니엘 바르코 소라르,바르코
40197,K. Kallaste,켄 칼라스테,칼라스테
40206,F. Brown Forbes,펠리시오 브라운 포브스,포브스
40224,P. Bochniewicz,파페우 피오트르 보치니피치,보치니피치
40257,R. Augustyniak,라파우 시르페스테르 아우구스티니아크,아우구스티니아크
40275,Ángel García,앙헬 가르키아 카베사리,가르키아
40296,K. Angielski,카롤 예르지 안기엘스키,안기엘스키
40302,P. Šteinbors,파베르스 스타이느보르스,스타이느보르스
40384,R. Majecki,라도수아프 마이에크키,마이에크키
40392,M. Wieteska,마테우시 비에테스카,비에테스카
40403,S. Szymański,세바스티안 시만스키,시만스키
40405,S. Kulenović,산드로 쿨레노비치,쿨레노비치
40422,P. Dziczek,파트리크 드즈이치에크,드즈이치에크
40431,P. Parzyszek,피오트르 파주이슈에크,파주이슈에크
40435,Z. Alomerović,즐라탄 알로메로비치,알로메로비치
40440,S. Vitória,스테벵 비토리아,비토리아
40452,K. Michalak,코느라드 흐우베르트 미치아라크,미치아라크
40477,J. Lasickas,이우스타스 라시크카스,라시크카스
40495,M. Helik,미하우 헬리크,헬리크
40529,F. Jagiełło,필리프 야기에워,야기에워
40542,K. Bąkowski,크시슈토프 바코프스키,바코프스키
40559,K. Jóźwiak,카미르 이아느 이오피아크,이오피아크
40560,J. Kamiński,야쿠프 카민스키,카민스키
40565,M. Skrzypczak,마테우시 스크지프차크,스크지프차크
40582,S. Walukiewicz,세바스티아느 피크토르 파루키피치,파루키피치
40594,A. Buksa,아담 북사,북사
40612,P. Kun,파트리크 쿠느,쿠느
40774,P. Płacheta,프제미스와프 플라헤타,플라헤타
40806,M. Mikovič,마르틴 미코비츠,미코비츠
40809,M. Skóraś,미하우 스쿠라시,스쿠라시
40911,J. Moder,야쿠프 모데르,모데르
40952,K. Pestka,카미르 페스트카,페스트카
40984,T. Puchacz,티모테우시 푸하치,푸하치
41017,K. Chodyna,카크페르 치오디나,치오디나
41089,Matheus,마테우스,마테우스
41090,Tiago Sá,티아고 마갈란예스 데 사,티아고 사
41099,Ricardo Esgaio,리카르도 수사 에스가이오,수사
41103,Ricardo Horta,히카르두 오르타,오르타
41104,João Palhinha,주앙 팔리냐,팔리냐
41111,Paulinho,파울리뉴,파울리뉴
41112,Trincão,트린캉,트린캉
41130,Chiquinho,치키뉴,치키뉴
41144,Dodô,조제 호도우푸 피리스 히베이루,히베이루
41150,E. Tapsoba,에드몽 탑소바,탑소바
41155,Pêpê Rodrigues,페드로 필리페 피게이레도 로드리게스,로드리게스
41160,Hélder Ferreira,헬데르 페레이라,페레이라
41169,Léo Jardim,레오 제르딤,제르딤
41172,T. Borevković,토니 보레브코비츠,보레브코비츠
41179,Matheus Reis,마테우스 레이스 데 리마,레이스
41194,Nuno Santos,누노 미겔 고메스 도스 산토스,산토스
41197,Galeno,갈레누,갈레누
41216,Osama Rashid,오사마 자바르 샤펙 라시드,오사마 라시드
41236,Gonçalo Silva,곤살로 필리페 올리베이라 실바,실바
41324,Ricardo Mangas,리카르도 루이스 차비 망가스,망가스
41349,S. Gonda,곤다 슈이치,슈이치
41379,G. Makaridze,기오르기 마카리즈에,마카리즈에
41432,Cláudio Ramos,클라우디오 라모스,라모스
41440,F. Moufi,파흐드 무피,무피
41448,S. Peña,세르히오 페르난도 페니아 프로레스,페니아
41529,Gonçalo Gregório,곤살로 데 알메이다 그레고리오,그레고리오
41552,P. Ciss,파테 시스,시스
41560,Anderson Silva,안더슨 올리베이라 실바,실바
41574,Sandro Cruz,산드로 플리니오 로사 다 크루즈,크루즈
41582,Tiago Dantas,티아고 피리페 오리바이라 다느타스,오리바이라
41585,Gonçalo Ramos,곤살루 하무스,하무스
41597,C. Willock,크리스토퍼 앤써니 윌록,윌록
41606,Toti Gomes,토티 고메스,토티
41621,Matheus Nunes,마테우스 누네스,누네스
41627,K. Gorré,켄지 호레,호레
41647,Hwang Mun-Ki,문기 황,황
41725,Fábio Vieira,파비우 비에이라,비에이라
41734,João Mário,주앙 마리우,마리우
41735,K. Nwakali,켈레치 은와칼리,은와칼리
41748,J. Onana,장 오나나,오나나
41823,K. Medina,케빈 다비드 메디나 렌테리아,메디나
41892,Daniel Bragança,다니엘 브라간사,브라간사
41960,Ricardo Velho,리카르도 벨류,리카르도
41964,Zé Pedro,호세 시르바,시르바
41966,Francisco Moura,프란시스코 삼파이우 드 모우라,모우라
41970,David Carmo,다비드 카르무,카르무
41976,Y. Neyou,이바느 라투르 네이우 누파,네이우
41994,João Correia,주오앙 페드루 아라우주오 코르라이아,아라우주오
41996,David Sualehe,다비드 세나 페르난데스 수알레,수알레
42006,Al Musrati,알 무스라티,무스라티
42007,Dani Silva,다니엘 필리페 반데이라 이 실바,실바
42012,E. Achouri,에히암 아슈우리,아슈우리
42021,Meshaal Barsham,메샬 바르샴,바르샴
42036,Bahaa Ellithi,바하 마음두 엘리티,바하
42043,Mostafa Meshaal,모스타파 타렉 메샬,메샬
42044,Ali Asad,알리 아사달라 타임 암바르,알리
42055,Shehab Ellethy,셰하브 맘두 아브델파델 엘레티,엘레티
42060,Sultan Al Braik,수르탄 후세인 알 브라이크,알 브라이크
42062,Mohammed Musa,모함메드 무사,무사
42063,Murad Naji Hussein,무라드 나지 카말 후세인,후세인
42073,Abdullah Abdulsalam,압둘라 압둘살람 알라라크,압둘라
42075,Edmilson Junior,에드밀손 주니어 파울루 다 실바,에드밀손
42081,Hazem Shehata,하젬 아흐메드 모하메드 아흐메드 세하타,세하타
42085,Rabeh Boussafi,사우드 무바라크 알 카테르,알 카테르
42087,Khalid Muneer,칼리드 무니르 알리 아부 바크르 마지드,마지드
42088,Ismaeel Mohammad,이스마엘 모하마드,모하마드
42089,Mohammed Muntari,모하메드 문타리,문타리
42093,Saoud Al Khater,사우드 알 카테르,카테르
42139,Fahad Younis,파하드 유니스 아흐메드 베이커,베이커
42148,Mohammed Alaa Eldin,모하메드 아라아 에르디느 아브데르모타아르,아브데르모타아르
42166,Sebastián Soria,세바스티안 소리아,소리아
42168,Marwan Badreldin,마르완 셰리프 바드렐딘,바드렐딘
42171,Yazan Naim,이아즈아느 나이므 흐우스사이느,흐우스사이느
42180,Mohammed Waad,모함메드 와드,와드
42183,Ahmed Suhail,아흐메드 수헤일 사벌 알리 알 하마웬데,아흐메드
42197,Abdulrasheed Umaru,압둘라쉬드 우마루,우마루
42207,Mahmud Abunada,마흐무드 이브라힘 아부나다,아부나다
42215,Musaab Khidir,무사브 케데르,케데르
42224,Hashim Ali,흐아시이므 아리 아브두르라티프,아리
42226,Mohamed Salah,모하메드 살라,살라
42232,Abdullah Marafee,압둘라 하산 마라피,압둘라
42261,Rebin Solaka,레빈 가리브 솔라카 아다맛,레빈 솔라카
42286,Ahmed Al Ganehi,아흐메드 알 가네히,아흐메드
42288,Lucas Mendes,루카스 멘데스,멘데스
42290,Almahdi Ali,알마흐디 알리 무크타르,무크타르
42302,Amro Abdelfatah Ali Surag,암로 압델파타 알리 수라그,암로
42313,Moayed Hassan,모아이에드 흐아스사느 페다이리,페다이리
42315,M. Taremi,메흐디 타레미,타레미
42316,V. Weiss,블라디미르 바이스,바이스
42404,Abdel Aziz Mitwali,압델 아지즈 미트와리,압델
42419,Hussein Ali,후세인 알리,알리
42421,Youssef Ayman,요세프 아이만 하페즈 파라하트,파라하트
42422,Ahmed Doozandeh,아흐메드 모아이느 두즈아느데흐,두즈아느데흐
42433,Eisa Palangi,아이사 아흐메드 파랑기,파랑기
42442,Ali Faez Atiyah,알리 파에즈,파에즈
42469,Abdulaziz Al Ansari,아브두라즈이즈 라시이드 아느사리,아느사리
42480,O. Vâlceanu,오크타비아느 가브리엘 바르체아누,바르체아누
42500,A. Șut,에드리안 게오르게 숯,숯
42589,Ș. Târnovanu,슈테판 트르노바누,트르노바누
42687,D. Miculescu,다비드 라울 미쿨레스쿠,미쿨레스쿠
42796,M. Popa,미흐아이 마크시미리아느 포파,포파
42985,M. Camora,마리오 지오르게 마리코 파우리노,마리코
42993,C. Deac,치프리아느 이오아느 데아크,데아크
42998,A. Păun,아드리아느 코느스타느티느 아레크사느드루 파우느,파우느
43002,D. Đoković,다먄 조코비치,조코비치
43009,A. Vlad,아느드라이 다니엘 브라드,브라드
43036,D. Man,데니스 만,만
43038,F. Tănase,플로린 터나세,터나세
43070,Á. Tordai,아르파드 오르스 기오르기 토르다이,토르다이
43096,L. Munteanu,루이스 무느테아누,무느테아누
43109,R. Radunović,리스토 라두노비치,라두노비치
43119,D. Alibec,데니스 알리베크,알리베크
43153,V. Crețu,발렌틴 이우리안 크레츠,크레츠
43171,D. Olaru,다리우스 올라루,올라루
43246,A. Laïdouni,아이사 라이두니,라이두니
44205,Mohammed Al Sahli,모하메드 파라흐 사흐리,사흐리
44294,Zaid Al Bawardi,즈아이드 마지에드 즈아이드 바우아르디,바우아르디
44299,Abdulrahman Al Obaid,아브두르라흐마느 아흐메드 아브두르라흐 오바이드,오바이드
44301,Naif Almas,나이프 무사 시우우아아이 아르마스,아르마스
44302,Omar Hawsawi,오마르 하우사위,하우사위
44303,Abdullah Madu,압둘라 마두,마두
44309,Sultan Al Ghannam,술탄 알간남,알간남
44313,Yahia Al Shehri,이아흐이아 수라이마느 아리 시에흐리,아리
44314,Abdulrahman Al Dosari,아브두르라흐마느 무트라크 도사리,도사리
44315,Abdullah Al Khaibari,압둘라 모함마드 함자 알 베르 알 카이바리,알 카이바리
44322,Abdullah Al Salem,압둘라 이브라힘 아흐마드 알 세일렘,알 세일렘
44324,Feras Al Brikan,페라스 타리크 나세르 알 브리칸,알 브리칸
44325,A. Hamed Allah,아브데라자크 하메드 알라,알라
44327,Abdullah Al Muaiouf,아브두르라흐 이브라흐이므 아브두르라흐 무아이우프,무아이우프
44329,Mohammed Al Burayk,모함메드 알브레이크,알브레이크
44331,Yasir Al Shahrani,야시르 가르산 사이드 알 모하마디 알 샤라니,야시르 알 샤라니
44332,Ali Al Bulayhi,알리 하디 모함마드 알 불라이히,알 불라이히
44335,Hassan Kadesh,하산 카데시 야히야 마후부브,카데시
44336,Ahmed Sharahili,아흐메드 시아라흐이리,시아라흐이리
44337,Waleed Al Ahmad,왈리드 압둘 와하브 알 아마드,왈리드 알 아마드
44338,Nawaf Al Abid,나와프 샤커 파이루즈 알 아비드,알 아비드
44339,Nasser Al Dawsari,나세르 알다우사리,알다우사리
44340,Salem Al Dawsari,살렘 모하메드 샤피 알 다우사리,살렘 알 다우사리
44341,Salman Al Faraj,살만 알파라지,알파라지
44347,Hattan Bahbri,하탄 술탄 아흐메드 바흐브리,바흐브리
44349,Mohamed Kanno,모하메드 칸노,칸노
44350,Abdullah Otayf,압둘라 오타이프,오타이프
44360,Raghed Najjar,라게드 알라 모하메드 나쟈르,라게드 나쟈르
44362,Hassan Tambakti,하산 알탐바크티,알탐바크티
44367,Ali Majrashi,알리 하산 무함마드 마지라시,마지라시
44373,Abdulmajeed Al Sulaiheem,아브두르마지에에드 모하메드 이스사 수라이흐에에므,수라이흐에에므
44374,Turki Al Ammar,투르키 마르완 사아드 알 암마르,투르키 알 암마르
44380,Khalid Kaabi,흐아리드 흐우스사이느 흐아스사느 카아비,카아비
44382,Abdullah Al Hamdan,압둘라 압둘라만 압둘라 알 햄단,알 햄단
44393,Talal Al Absi,타라르 아리 아흐메드 아브시,아브시
44401,Abdulmajeed Al Suwat,아브두르마지에에드 아브두르라흐 수우아트,수우아트
44408,L. Tawamba,레앙드르 타왐바,타왐바
44411,Mohammed Al Owais,모하메드 칼릴 이브라힘 알 오와이스,모하메드 알 오와이스
44413,Mohammed Al Fatil,모하메드 압둘하킴 마디 알 파틸,모하메드 알 파틸
44414,Saeed Al Muwallad,사에에드 파우아즈 사에에드 무우아르라드,무우아르라드
44422,Abdulbasit Al-Hindi,압둘바시트 모함마드 알리 알 힌디,알 힌디
44425,Abdullah Tarmin,압둘라 하스순,하스순
44429,Hussain Al Moqahwi,흐우스사이느 아리 지아스시므 모카흐우이,모카흐우이
44434,Abdulfattah Asiri,아브두르파트타흐 타우피크 지아베르 아시리,아시리
44447,Abdulrahman Ghareeb,압둘라만 압둘라 모함마드 가리브,가리브
44449,Ahmed Al Kassar,아흐마드 알리 알 카사르,알 카사르
44461,Hamdan Al Shamrani,흐아므다느 시아므라니,시아므라니
44475,Abdulelah Al Amri,압둘렐라 알리 아와드 알 암리,알 암리
44483,Abdulelah Al Malki,압둘렐라 알말키,알말키
44485,Fawaz Al Saqour,파와즈 알 사쿠르 알 야미,알 사쿠르
44488,Ali Al Nemer,아리 사레흐 모하메드 네메르,네메르
44495,Saleh Al Amri,사레흐 모하메드 지아마아느 아므리,지아마아느
44497,I. Jebali,이삼 제발리,제발리
44501,Habib Al Watyan,흐아비브 이아세에느 카즈에미 우아티아느,우아티아느
44507,Ali Lajami,알리 모함마드 알리 라자미,알 라자미
44509,Ali Al Hassan,알리 사디크 나세르 알 하산,알 하산
44510,Mohammed Al-Majhad,모하메드 압둘라 에이드 알 마흐앗,모하메드 알 마흐앗
44516,Mohammed Al Fuhaid,모하메드 사라흐 아흐메드 푸흐아이드,푸흐아이드
44518,N. Korzun,니키타 코르즈우느,코르즈우느
44528,Meshari Sunyur,메샤리 압둘아지즈 수뉴르,메샤리 수뉴르
44529,Mohammed Al Amri,모하메드 아므리,아므리
44533,Hussain Al Shuwaish,흐우스사이느 흐아스사느 카즈이므 시우우아이시,시우우아이시
44551,Saleh Al Shehri,살레 칼리드 모하메드 알 셰리,살레 알 셰리
44571,Hussain Qasim,흐우스사이느 사레흐 카시므 사레므,사레므
44574,Hamed Al Ghamdi,하메드 압둘라 아흐마드 알 가므디,알 가므디
44581,Ibrahim Mahnashi,이브라흐이므 흐우스사이느 무흐아므마드 마흐나시이,마흐나시이
44585,Mohammed Al Kuwaykibi,모하메드 흐아므사우이,흐아므사우이
44586,Abdulrahman Al Obud,압둘라만 알리 하산 알 오부드,알 오부드
44587,F. Ben Youssef,파크레딘 벤 유세프,유세프
44589,Amin Al Bukhari,아미느 지아느,지아느
44591,Fawaz Al Qarni,파우아즈 카르니,카르니
44594,Saud Abdulhamid,사우드 압둘하미드,압둘하미드
44598,Awn Al Saluli,아운 무트락 알 살룰리 알 비시,알 살룰리
44603,Muhannad Al Shanqiti,무한나드 무스타파 수와일리크 알 샹키티,무한나드 알 샹키티
44604,Abdulaziz Al Bishi,아브두라즈이즈 아리 모하메드 비시이,비시이
44607,Khaled Al Sumairi,흐아레드 모하메드 사아드 수마이리,수마이리
44617,Fahad Al Muwallad,파하드 모사에드 모슬레 알 무왈라드,알 무왈라드
44650,Sami Al Khaibari,사미 무흐아므마드 사레흐 흐아이바리,흐아이바리
44653,Ahmed Bamasud,아흐메드 모하메드 아브두르사이에드 바마수드,바마수드
44662,Abdulkarim Al Qahtani,아브두르카리므 아이이드흐 카흐타니,카흐타니
44684,Khalifah Al Dawsari,할리파 아델 라시드 알 암마리 알 다우사리,알 다우사리
44685,Hatim Belal,흐아티므 베라르 타흐에르 마흐무드,마흐무드
44689,R. Williams,리스 윌리엄스,윌리엄스
44692,Sami Al Naji,사미 칼릴 나세르 알 나지,사미 알 나지
44693,Abdulmohsen Al Qahtani,아브두르모흐세느 아브두르라흐 카흐타니,카흐타니
44695,Hassan Al Amri,흐아스사느 모하메드 흐아스사느 아므리,아므리
44701,Khalid Al Ghannam,할리드 에사 무함마드 알 가남,알 가남
44703,Haroune Camara,하룬 카마라,카마라
44709,Mohammed Al Yami,모하메드 파라지 사이드 알 루바이 알 야미,모하메드 알 야미
44741,Abdullah Al Owayshir,아브두르라흐 흐우스사이느 에스사 오우아이시이르,오우아이시이르
44754,Ali Al Asmari,알리 하산 알 아스마리,알 아스마리
44784,G. Taylor,그렉 존 테일러,테일러
44788,Jordan Jones,조던 루이스 존스,존스
44796,C. McAleny,코너 매캘레니,매캘레니
44798,L. Millar,리엄 밀라,밀라
44803,D. Ball,도미닉 볼,볼
44809,M. Lowe,막스 요제프 로우,로우
44810,J. MacKenzie,지아크크 아느드레우 마크케느즈이,마크케느즈이
44811,S. McKenna,스콧 프레이저 맥케나,맥케나
44812,G. Shinnie,그라에메 가르리 슈이느니,슈이느니
44813,D. Campbell,딘 그레임 캠벨,캠벨
44814,L. Ferguson,루이스 퍼거슨,퍼거슨
44829,O. Marciano,오피르 마이르 마르키아노,마르키아노
44843,M. Boyle,마틴 보일,보일
44847,F. Murray,프레이저 머레이,머레이
44861,M. Godinho,마르쿠스 바르데즈 페라이라 고디느흐오,바르데즈
44864,M. Smith,마이클 스미스,스미스
44865,J. Souttar,존 프란시스 서터,서터
44868,S. Clare,션 제임스 크우쿠 클레어,클레어
44871,A. Hickey,에런 히키,히키
44873,D. Mitchell,데메트리 카림 미첼,미첼
44875,C. Shaughnessy,코너 글린 쇼니시,쇼니시
44885,Z. Clark,알렉산더 크라르크,크라르크
44893,J. Kerr,제이슨 커,커
44903,D. Wotherspoon,데이비드 워더스푼,워더스푼
44905,C. Hendry,칼럼 다비드 흐에느드리,흐에느드리
44912,M. Gillespie,마크 질레스피,질레스피
44921,C. Cadden,치리스토페르 카드데느,카드데느
44929,D. Turnbull,데이비드 터널,터널
44937,L. Kelly,리암 패트릭 켈리,켈리
44939,C. Brown,카이런 모리스 브라운,브라운
44946,H. Odoffin,하킴 아데몰라 오도핀,오도핀
44956,R. Hardie,라이언 하디,하디
44969,A. McGowan,애런 지오세프 므크고우아느,므크고우아느
44989,M. Miller,미크케르 카를로스 미르레르,미르레르
44994,V. Hladký,바클라프 흘라디크,흘라디크
45006,M. Popescu,미하이 크리스티안 포페스쿠,포페스쿠
45007,E. Erhahon,이단 에라훈,에라훈
45013,K. McAllister,카일 맥알리스터,맥알리스터
45017,A. Dreyer,아네르스 드라위에르,드라위에르
45020,D. Nazon,뒤켕 나종,나종
45021,S. Dieng,세니 디엥,디엥
45027,R. Inniss,라이언 스튜어트 클레이튼 이니스,이니스
45031,R. McGowan,라이언 맥고완,맥고완
45041,J. O&apos;Sullivan,지오흐느 아느스오니 지아메스 오수르리바느,오수르리바느
45049,S. Wright,스코트트 우리그트,우리그트
45071,H. Paton,흐아르리소느 스에오도레 파토느,파토느
45078,R. Stewart,로스 스튜어트,스튜어트
45095,J. Robson,지아미 로브소느,로브소느
45099,L. Appéré,루이 조지 아페레,아페레
45132,S. Rooney,숀 안토니 루니,루니
45137,C. Harper,캐머런 하퍼,하퍼
45150,R. Doohan,로스 두한,두한
45154,D. Harvie,다니엘 윌리엄 하비,하비
45157,M. Rose,마이클 알렉산더 로세,로세
45162,N. Cadden,니치오라스 카드데느,카드데느
45169,L. McCowan,루케 므크코우아느,므크코우아느
45180,J. Iredale,잭 헨리 스튜어트 이레델,이레델
45197,A. Dallas,아느드레우 로베르트 다르라스,다르라스
45203,C. Hazard,코노르 우이르리아므 흐아즈아르드,흐아즈아르드
45209,J. McMillan,잭 맥밀런,맥밀런
45257,M. Hippolyte,마일스 엘리엇 자크 히폴리트,히폴리트
45259,L. McCann,루이스 맥캔,맥캔
45279,J. Aitchison,잭 에이치슨,에이치슨
45307,L. Dykes,린든 존 다이크스,다이크스
45319,P. Brough,패트릭 존 브로우,브로우
45322,D. Keillor-Dunn,데이비스 제임스 마샬 킬러-던,킬러-던
45324,S. Lavery,셰인 프란시스 라버리,라버리
45369,N. Anđelković,네마니아 아느지에르코비츠,아느지에르코비츠
45380,N. Petković,니코라 페트코비츠,페트코비츠
45413,O. Bjeličić,오그니에느 비에리츠이츠,비에리츠이츠
45470,M. Čupić,미로스 츠우피츠,츠우피츠
45544,Đorđe Ivković,지오르지에 이브코비츠,이브코비츠
45610,V. Radenović,바시리이에 라데노비츠,라데노비츠
45773,R. Pankov,라도바느 파느코브,파느코브
45775,M. Živković,마르코 즈이브코비츠,즈이브코비츠
45779,P. Grbić,페타르 그르비치,그르비치
45796,V. Bakić,바시리이에 바키츠,바키츠
45809,S. Owusu,사무엘 쿠아메 오우우수,오우우수
45816,N. Terzić,니코라 테르즈이츠,테르즈이츠
45824,S. Marković,스베토자르 마르코비치,마르코비치
45826,S. Pavlović,스트라히냐 파블로비치,파블로비치
45831,S. Zdjelar,사사 즈디에라르,즈디에라르
45840,Đ. Ivanović,지오르지에 이바노비츠,이바노비츠
45932,M. Devetak,므라데느 데베타크,데베타크
45937,A. Stojković,아라느지에르 스토이코비츠,스토이코비츠
45947,M. Topić,미르코 토픽,토픽
45950,D. Zukić,데이아느 즈우키츠,즈우키츠
45983,I. Zlatanović,이고르 즈라타노비츠,즈라타노비츠
46023,A. Vukčević,안드리야 부크체비치,부크체비치
46043,M. Ilić,마르코 이리츠,이리츠
46156,M. Krunić,미로스 크루니츠,크루니츠
46157,M. Milošević,마르코 미로세비츠,미로세비츠
46170,I. Ilić,이반 일리치,일리치
46245,R. Goss,스튜어트 리카르도 고스,고스
46334,A. Modiba,오브리 모디바,모디바
46338,L. Le Roux,루크 가레스 르루,르루
46365,S. Ngezana,시야봉가 은게자나,은게자나
46458,N. Sibisi,코시나시 시비시,시비시
46601,K. Mudau,쿨리소 존슨 무다우,무다우
46641,B. Hlongwane,봉고쿨레 롱웨인,롱웨인
46653,David García,다비드 가르시아,가르시아
46672,Rui Silva,후이 실바,실바
46731,P. Estupiñán,페르비스 에스투피냔,에스투피냔
46737,Joan Sastre,조안 사스트레 반렐,사스트레
46739,I. Baba,이드드리수 바바 모하메드,바바
46746,A. Budimir,안테 부디미르,부디미르
46771,Jairo Izquierdo,ㅎ아이로 이스키에르도 고느사레스,이스키에르도
46777,Đ. Jovanović,지오르지에 이오바노비츠,이오바노비츠
46795,Domingos Duarte,도미느고스 수사,수사
46803,Joni Montiel,조나단 몬티엘,몬티엘
46815,Pau Torres,파우 토레스,토레스
46828,Iván Jaime,이바느 ㅎ아이메 파ㅎ우에로,ㅎ아이메
46849,Javi Hernández,하비에르 에르난데스 카브레라,에르난데스
46855,Y. Bárcenas,에드가르 요엘 바르세나스 에레라,바르세나스
46863,Jimmy Suárez,ㅎ아이메 수아레스 ㅎ우에사스,수아레스
46907,Nano,마리아노 곤살레스 마로토,마로토
46920,Y. Eteki,얀 브리스 에테키,에테키
46930,E. Demirović,에르메딘 데미로비치,데미로비치
46937,A. Abeid,이아쿠브 아리 아바이드,아바이드
46982,Gonzalo Villar,곤살로 빌라르 델 프라일,빌라르
46988,Josep Martínez,주제프 마르티네스,마르티네스
46990,Álvaro Vallés,알바로 발레스 로사,로사
47007,Ruíz de Galarreta,이냐고 루이스 데 갈라레타 에체베리아,갈라레타
47067,Marc Gual,마르크 구아르 흐우구에트,구아르
47087,U. Račić,우로시 라치치,라치치
47119,Aitor Ruibal,아이토르 루이발 가르시아,가르시아
47138,Gus Ledes,루이스 레데스,레데스
47151,Y. Yeboah,이아우 이에보아흐,이에보아흐
47223,Pol Valentín,폴 발렌틴 산초,산초
47237,L. Suárez,루이스 수아레스,수아레스
47249,L. Cabrera,레아느드로 다니엘 카브레라 사시아,카브레라
47254,M. Olivera,마티아스 올리베라 미라몬테스,올리베라
47257,D. Suárez,다미아느 니코라스 수아레스 수아레스,수아레스
47258,M. Arambarri,마우로 우이르네이 아라므바르리 로사,아라므바르리
47269,Álex Remiro,알렉스 레미로,레미로
47270,Unai Simón,우나이 시몬,시몬
47271,Yeray,예라이 알바레스,알바레스
47273,Yuri,유리 베르치체 이제타,이제타
47276,Lekue,이뉴고 레쿠에 마르티네스,레쿠에
47277,Unai Núñez,우나이 누녜스,누녜스
47278,Dani Vivian,다니 비비안 모레노,비비안
47281,Dani García,다니엘 가르시아 카리요,카리요
47291,Gorka Guruzeta,고르카 구루세타,구루세타
47294,I. Williams,이냐키 윌리암스,윌리암스
47296,G. Rulli,헤로니모 룰리,룰리
47299,Gorosabel,안도니 고로사벨 에스피노사,고로사벨
47300,T. Hernández,테오 에르난데스,에르난데스
47301,Robin Le Normand,로뱅 르노르망,르노르망
47302,Diego Llorente,디에고 요렌테,요렌테
47311,Mikel Merino,미켈 메리노,메리노
47315,Martín Zubimendi,마르틴 수비멘디,수비멘디
47317,Barrenetxea,안데르 바레네체아,바레네체아
47323,Mikel Oyarzabal,미켈 오야르사발,오야르사발
47328,Ó. Duarte,오스카르 두아르테,두아르테
47341,Marc Roca,마르크 로카,로카
47348,Borja Iglesias,보르하 이글레시아스,이글레시아스
47374,P. Twumasi,패트릭 츄마시,츄마시
47380,Marc Cucurella,마르크 쿠쿠렐라,쿠쿠렐라
47383,Paulo Oliveira,파울루 안드레 로드리게스 데 올리베이라,파울루
47400,A. Lunin,안드리 루닌,루닌
47418,Mikel Vesga,미켈 베스가,베스가
47422,Y. En-Nesyri,유세프 엔네시리,엔네시리
47427,Iván Villar,이반 빌라르 마르티네스,이반 빌라르
47433,L. Olaza,루카스 레네 올라사,올라사
47435,Fran Beltrán,프란시스코 호세 벨트란 페이나도,벨트란
47438,M. Jensen,마티아스 옌센,옌센
47439,S. Lobotka,스타니슬라우 로보트카,로보트카
47440,Brais Méndez,브라이스 멘데스,멘데스
47445,Iago Aspas,이아고 아스파스 후날,이아고 아스파스
47447,P. Sisto,피오네 시스토,시스토
47457,Rúben Vezo,루베느 미구에르 누네스 베즈오,누네스
47480,M. Salisu,모하메드 살리수 아브둘 카림,살리수
47493,D. Čop,두예 초프,초프
47498,Waldo Rubio,우아르도 루비오 마리느,루비오
47499,E. Ünal,에네스 위날,위날
47516,Aleix García,알레시 가르시아,가르시아
47518,Pere Pons,페레 포느스 리라,포느스
47519,Pedro Porro,페드로 포로,포로
47521,P. Roberts,패트릭 로버츠,로버츠
47522,Douglas Luiz,더글라스 루이스,루이스
47523,K. Soni,케빈 올리비에 소니,소니
47539,U. Agbo,우치에 흐에느리 아그보,아그보
47541,Santi Comesaña,산티아고 코메사냐 베이가,코메사냐
47551,Raúl de Tomás,라울 데 토마스,토마스
47566,Javi Galán,하비 갈란,갈란
47568,Miramón,ㅎ오르헤 미라모느 사느타헤르트루디스,미라모느
47579,E. Ávila,루이스 에세키엘 아빌라,아빌라
47582,C. Hernández,후안 카밀로 에르난데스 수아레즈,에르난데스
47673,A. Lindahl,카르르 아크세르 리느다흐르,리느다흐르
47704,A. Aliev,알리베크 알리예프,알리예프
47713,Mohanad Jeahze,모하나드 압둘카딤 카심 알 제부르 지아제,모하나드 압둘카딤
47776,S. Leach Holm,사무엘 루베느 레아치 흐오르므,레아치
47792,Amir Al Ammari,아미르 포아드 아부드 알 아마리,아미르 알 아마리
47797,L. Shlimon,루카스 사르하돈 쉬몬,루카스 쉬몬
47801,A. Gero,아흐마드 아브두르라흐이 게로,게로
47814,N. Vesterlund,니클라스 브론드스테드 베스테를룬드 니엘슨,니클라스
47899,O. Dovin,오리베르 느노니에루,느노니에루
47903,H. Ekdal,야르마르 에크달,에크달
47910,L. Bengtsson,레오 벵트손,벵트손
47920,M. Zeidan,무스타파 즈아이다느 흐아리리,즈아이다느
47960,E. Kurtulus,에드빈 쿠르툴루스,쿠르툴루스
47969,G. Gudmundsson,가브리엘 구드문드손,구드문드손
47985,E. Holm,에밀 홀름,홀름
47988,C. Starfelt,칼 안데르스 테오도르 스타르펠트,스타르펠트
48002,B. Nygren,에리크 벤자민 니그레느,니그레느
48007,P. Abrahamsson,페테르 아느데르스 아브라흐아므스소느,아브라흐아므스소느
48011,G. Ekpolo,에로흐오르 고드수이르르 에크포로,에크포로
48012,J. Hammar,페르 지오흐아느 구스타브 흐아므마르,흐아므마르
48025,Kevin Yakob,케빈 엔키도 야코브,케빈 야코브
48026,Ahmed Yasin Ghani Mousa,아흐메드 야신 가니,가니
48027,A. Youssef,아리 베느 사푸아네 이우스세프,이우스세프
48029,A. Jeremejeff,알렉산데르 예레메예프,예레메예프
48033,J. Widell Zetterström,야콥 미카엘 비델 세테르스트룀,세테르스트룀
48034,P. Kristian Bråtveit,페르 크리스티아느 우오르레 브라트바이트,우오르레
48056,E. Chilufya,에드워드 칠루피아 주니어,칠루피아
48057,O. Pettersson,오스카 한스 페터손,오스카
48063,R. Kaib,라미 카이브,카이브
48066,S. Gregersen,스티안 로데 그레거슨,그레거슨
48072,J. Levi,조나단 알베르토 레비,레비
48079,J. Karlsson,예스페르 칼손,칼손
48080,M. Ndione,마로흐이 느디오네,느디오네
48087,P. Kpozo,파트리크크 크포즈오,크포즈오
48099,C. Edwards,커티스 개리 에드워즈,에드워즈
48119,O. Kossounou,쿠아쿠 오딜론 도르젤레스 코순우,코순우
48129,A. Sher,아이마르 하자르 셰르,셰르
48132,M. Tankovic,무아메르 타느코비크,타느코비크
48139,A. Ben Lamin,애덤 카리므 베느 라미느,베느
48163,P. Konaté,파 모모두 코나테,코나테
48169,O. Berg,올리버 베르그,베르그
48190,A. Sampsted,알폰스 샘프스테드,샘프스테드
48196,S. Hakšabanović,세르주 하크샤바노비치,하크샤바노비치
48201,G. Þórarinsson,구드문두르 토라린손,토라린손
48203,J. Larsson,요르단 라르손,라르손
48236,T. Glover,토마스 윌리엄 글로버,글로버
48265,T. Björkström,티므 데느니 브지오르크스트로므,브지오르크스트로므
48271,E. Andersson,니르스 에리크 에리아스 아느데르스소느,아느데르스소느
48286,S. Vecchia,스테파노 조세페 아르네 베키아 홀름퀴스트,홀름퀴스트
48288,O. Jansson,오스카르 얀손,얀손
48305,J. Larsson,지아케 미카에르 라르스소느,라르스소느
48333,A. Nalić,아디 나리츠,나리츠
48372,E. Cömert,에라이 죄메르트,죄메르트
48376,B. Riveros,블라스 리베로스,리베로스
48378,S. Widmer,실반 비드머,비드머
48382,F. Frei,파비안 프라이,프라이
48384,A. Kalulu,알도 칼룰루,칼룰루
48389,N. Okafor,노아 오카포,오카포
48391,J. von Moos,요우리아느 토비아스 에미리오 무스,무스
48392,E. Zhegrova,에돈 제그로바,제그로바
48412,B. Vécsei,바리느트 마테 베치아이,마테
48413,M. Bottani,마트티아 보트타니,보트타니
48445,M. Salvi,미르코 살비,살비
48465,F. Ugrinic,피리프 우그리니크,우그리니크
48469,T. Jurić,토미 지우리크,지우리크
48471,R. Vargas,루벤 바르가스,바르가스
48481,L. Stergiou,레오니다스 스테르기우,스테르기우
48485,M. Ashimeru,마지에에드 아슈이메루,아슈이메루
48489,M. Muheim,미로 무하임,무하임
48491,V. Sierro,뱅상 시에로,시에로
48496,J. Guillemenot,제레미 브루노 길레모노,길레모노
48497,C. Itten,케드리크 요아느 이트테느,이트테느
48501,T. Fayulu,티모시 브루스 파윌루,파윌루
48514,N. Saintini,나타나에르 루베느 세느티니,세느티니
48520,A. Grgić,아느토 그르기크,그르기크
48535,Y. Fortuné,야신 엔조 포르튜네,포르튜네
48555,C. Pickel,샤를 피켈,피켈
48564,H. Lindner,하인츠 린트너,린트너
48577,N. Bajrami,네딤 바이라미,바이라미
48595,J. Frick,제레미 프릭,프릭
48600,S. Rouiller,스티브 루이러,루이러
48604,Y. Severin,요안 세베린,세베린
48606,N. Vouilloz,니콜라스 부이요즈,부이요즈
48607,A. Antunes,알렉시스 아투네스 고메즈,아투네스
48609,T. Cognat,티모테 코냇,코냇
48610,K. Duah,콰드우 안트위 두아,두아
48612,K. Imeri,카스트리오트 이메리,이메리
48614,M. Stevanović,미로슬라브 스테바노비치,스테바노비치
48648,D. Ndoye,디오 운도예,운도예
48649,A. Zeqiri,아느디 아브디 츠에키리,츠에키리
48693,O. Doumbia,우스마네 두므비아,두므비아
48722,D. Schmid,도미닉 로빈 슈미트,슈미트
48769,M. Hadzi,메르리느 흐아드츠이,흐아드츠이
48828,G. Morandi,조토 조세프 모란디,모란디
49295,A. Rodríguez,아리르 프라느키스코 로드리구에스 아라이아,로드리구에스
49393,M. Ben Chérifia,모에즈 베느 치에리피아,베느
49394,A. Jemal,아리 지에마르,지에마르
49403,M. Yacoubi,모하메드 아리 이아쿠비,이아쿠비
49404,M. Ben Romdhane,모하메드 알리 벤 롬단,롬단
49406,S. Bguir,사아드 아브두르라흐 브구이르,브구이르
49407,G. Chaalali,가일레네 차라리,차라리
49416,Y. Belaïli,모하메드 유세프 벨라일리,벨라일리
49424,A. Dahmen,아이멘 다멘,다멘
49429,N. Hnid,나스시므 흐니드,흐니드
49432,H. Mathlouthi,흐아므즈아 마트흐루트흐이,마트흐루트흐이
49439,A. Ghram,아라아 그라므,그라므
49451,Aymen Hussein,아이멘 후세인,후세인
49453,C. Kouakou,크리스 쿠아쿠,쿠아쿠
49459,S. Ben Aziza,사드다므 베느 아즈이즈아,베느
49461,Z. Boughattas,즈이드 부가트타스,부가트타스
49467,M. Baayou,마레크 바아이우,바아이우
49468,F. Ben Arbi,모하메드 피라스 베느 아르비,베느
49469,M. Ben Ouanes,아흐메드 모르타다 벤 완,벤 완
49470,Y. Chikhaoui,이아스시네 치이흐아우이,치이흐아우이
49581,A. Dkhili,아테프 드흐이리,드흐이리
49583,A. Abdi,알리 압디,압디
49587,B. Ifa,빌렐 이파,이파
49595,A. Khalil,아메드 칼릴,칼릴
49598,R. Kossi,로드리구에 코스시 피오그베,코스시
49603,C. Labidi,치이흐에브 라비디,라비디
49610,B. Ben Saïd,베시르 벤 사이드,벤 사이드
49617,I. Jelassi,이리스 지에라스시,지에라스시
49779,S. Debchi,모하메드 세드키 데브치이,데브치이
49837,M. Günok,페미 멀트 근뉵,근뉵
49838,J. Attamah,지오세프 라루에흐 아트타마흐,아트타마흐
49848,S. Aydoğdu,소너 아이도두,아이도두
49857,İ. Kahveci,이르판 카흐베지,카흐베지
49866,U. Çakır,우우르잔 차크르,차크르
49888,Y. Yazıcı,유수프 야즈즈,야즈즈
50006,A. Hadžiahmetović,아미르 하지아헤메토비치,하지아헤메토비치
50009,J. Jønsson,예른스 요언손,요언손
50027,D. Melnjak,다리오 멜냐크,멜냐크
50030,M. Talbi,몬타사르 탈비,탈비
50046,E. Topçu,에미르한 토프츠,토프츠
50057,E. Elmalı,에브렌 에렌 엘말리,엘말리
50067,H. Hajradinović,하리스 하이라디노비치,하이라디노비치
50077,S. Rochet,세르히오 라몬 로체트 알바레즈,로체트
50091,E. Kılınç,엠레 클른츠,클른츠
50097,M. Yandaş,메르트 하칸 얀다시,얀다시
50132,A. Bayındır,알타이 바이은드르,바이은드르
50157,T. Boyd,티레르 도미니크 보이드,보이드
50176,T. Bingöl,타이푸르 빙골,빙골
50181,Y. Kayan,이아르치으느 카이아느,카이아느
50217,O. Kocuk,오칸 코추크,오칸
50221,B. Kapacak,부라크 카파자크,카파자크
50237,H. Saivet,앙리 사이베,사이베
50272,O. Shukurov,오타베크 슈쿠로프,슈쿠로프
50464,M. Thiam,마메 티암,티암
50726,Carlos Coronel,카를로스 코로넬,코로넬
50728,M. Freese,매튜 앤드류 게어리 프리스,프리스
50734,O. Mbaïzo,올리비에 음바이조 마바이조,마바이조
50735,M. McKenzie,마크 얼윈 로버트 알렉산더 맥켄지,맥켄지
50737,A. Trusty,트러스티,트러스티
50738,K. Wagner,카이 하를리 바그너,바그너
50739,B. Aaronson,브렌든 에런슨,에런슨
50749,F. Picault,파브리스장 피콜,피콜
50758,J. Mora,ㅎ오세프 마르틴 모라 코르테스,모라
50760,D. Pines,도노바느 크 피네스,크
50772,P. Arriola,파우르 지오세프 아르리오라 흐에느드리크크스,아르리오라
50777,C. Diop,크레메느트 디오프 데구드,디오프
50778,J. Pantemis,제임스 판테미스,판테미스
50779,Z. Brault-Guillard,즈아치아리 비치오트테 파우르 브라우르트-구이르라르드,브라우르트-구이르라르드
50788,M. Choinière,마티외 슈아니에르,슈아니에르
50792,S. Piette,사뮈엘 피에트,피에트
50794,S. Shome,슈아미트 슈오메,슈오메
50812,J. Chapman,지아이 티레르 치아프마느,치아프마느
50815,L. Fraser,리엄 프레이저,프레이저
50816,R. Laryea,리치 라레이아,라레이아
50817,J. Osorio,조나단 오소리오,오소리오
50819,A. Akinola,아이오미데 바미데레 아키노라,아키노라
50826,J. Shaffelburg,지아코브 에베레트트 슈아프페르부르그,슈아프페르부르그
50828,Z. Steffen,잭 스테판,스테판
50846,G. Zardes,기아시 아 즈아르데스,즈아르데스
50848,S. Johnson,션 존슨,존슨
50852,J. Scally,조 스캘리,스캘리
50856,V. Castellanos,발렌틴 카스테야노스,카스테야노스
50858,J. Medina,헤수스 메디나,메디나
50860,E. Ofori,에벤에젤 오포리,오포리
50863,J. Sands,제임스 샌즈,샌즈
50866,J. Lewis,지오나스아느 지에레미 레우이스,레우이스
50869,B. Guzan,브래드 구잰,구잰
50873,G. Bello,게오르게 오루우아세우느 베르로,베르로
50879,M. Robinson,미레스 고르도느 로비느소느,로비느소느
50883,J. Gressel,지우리아느 에미르 쿠르트 그레스세르,그레스세르
50892,D. Pereira,디오느 에느리코 페라이라 그라이베스,페라이라
50893,B. Vázquez,브라느도느 바즈쿠에즈 토레도,바즈쿠에즈
50906,R. Edwards,라흐에에므 나스아니르 아느페르네에 에두아르드스,에두아르드스
50910,A. Katai,알렉산다르 카타이,카타이
50911,Cristian Jesús Martínez,크리스티안 제수스 마르티네스,마르티네스
50913,D. Mihailović,드지오르드지에 아레크사느다르 미흐아이로비크,미흐아이로비크
50922,João Moutinho,죠아오 무티뉴,무티뉴
50925,K. Miller,카말 밀러,밀러
50939,T. Akindele,테쇼 아킨델레,아킨델레
50941,D. Dwyer,도미닉 제임스 듀이어,듀이어
50952,A. Long,에런 롱,롱
50958,D. Etienne,데릭 에티엔 주니어,주니어
50968,M. Jørgensen,마티아스 예르겐센,예르겐센
50999,M. Turner,맷 터너,터너
51013,D. Jones,데지우아느 리테르레 지오네스,지오네스
51016,T. Buchanan,테이존 뷰캐넌,뷰캐넌
51022,T. Miller,타일러 밀러,밀러
51028,N. Hämäläinen,니치오라스 아느테로 흐아마라이네느,흐아마라이네느
51032,W. Zimmerman,워커 지머먼,지머먼
51035,M. Kaye,마크앤서니 케이,케이
51045,D. Rossi,디에고 로시,로시
51051,J. Araujo,훌리안 아라우호,아라우호
51066,S. Lletget,세바스티아느 프라느키스코 르레트게트,르레트게트
51068,E. Álvarez,에프라인 알바레즈,알바레즈
51069,U. Antuna,우리엘 안투나,안투나
51083,A. Lundkvist,애덤 스테파느 루느드크비스트,루느드크비스트
51106,B. Smith,브라드레이 슈아우느 스미스,스미스
51107,N. Tolo,누후 톨로,톨로
51114,C. Roldan,크리스천 롤단,롤단
51118,J. Morris,조던 모리스,모리스
51123,R. Cannon,레기나르드 지아코브 카느노느,카느노느
51136,P. Pomykal,파크스토느 지오네스 포미카르,포미카르
51142,J. Ferreira,헤수스 다비드 페레이라 카스트로,페레이라
51144,B. Reynolds,브리아느 카이스 레이노르드스 지르,레이노르드스
51148,D. St. Clair,데이트리스턴 세인트 클레어,세인트 클레어
51149,M. Boxall,마이클 조셉 복솔,복솔
51171,G. Kashia,구람 카시아,카시아
51185,J. Yueill,지아크크소느 우이르리아므 이우아이르르,이우아이르르
51186,C. Cowell,카데 디라느 코우에르르,코우에르르
51191,D. Ochoa,다비드 오치오아,오치오아
51208,D. Kreilach,다미르 크라이라츠흐,크라이라츠흐
51218,B. Lennon,브루크스 흐오우아르드 레느노느,레느노느
51235,D. Guzmán,다비드 구스만,구스만
51236,B. Tuiloma,빌 포니 투일로마,투일로마
51238,E. Williamson,에리크 티레크 우이르리아므소느,우이르리아므소느
51266,G. Busio,기아느루카 크리스티아노 부시오,부시오
51274,M. Crépeau,막심 크레포,크레포
51277,Ali Adnan,알리 앗난,앗난
51279,D. Henry,도닐 헨리,헨리
51280,J. Khemiri,지아스세르 흐에미리,흐에미리
51291,R. Teibert,루스세르르 지아메스 타이베르트,타이베르트
51293,T. Bair,시오 블레어,블레어
51295,D. Cornelius,데릭 코닐리어스,코닐리어스
51307,T. Smith,토마스 제퍼슨 스미스,스미스
51308,S. Vines,사무엘 마르쿠스 르로이드 비네스,비네스
51310,K. Acosta,켈린 아코스타,아코스타
51312,C. Bassett,코레 지오흐느 바스세트트,바스세트트
51317,J. Price,잭 알렉산더 프라이스,프라이스
51339,W. Fernández,위스톤 다니엘 페르난데스 케이롤로,페르난데스
51357,M. Brasil,마우로 알레한드로 브라질,브라질
51360,N. Furtado,루카스 나우엘 푸르타도,푸르타도
51392,H. Magallanes,우고 알레한드로 마갈란에스,마갈란에스
51426,J. Rodríguez,호세 루이스 로드리게스,로드리게스
51464,I. Laquintana,이그나시오 헤수스 라퀸타나,라퀸타나
51466,J. Piquerez,호아킨 피케레스,피케레스
51470,E. Gómez,고메즈,고메즈
51494,M. Ugarte,마누엘 우가르테 리베이로,우가르테
51530,F. Viñas,비냐스,비냐스
51535,S. Cáceres,세바스티안 카세레스,카세레스
51553,F. Martínez,페데리코 아느드레스 마르티네스 베르로아,마르티네스
51560,I. Ramírez,후안 이그나키오 라미레스 포레로,라미레스
51571,A. Sant&apos;Anna,산타나,산타나
51572,M. Viña,마티아스 비냐,비냐
51574,F. Carballo,카르바요,카르바요
51580,G. Neves,가브리엘 네베스 페르도모,네베스
51588,B. Ocampo,오캄포,오캄포
51592,K. Dawson,케빈 도슨,도슨
51603,A. Canobbio,카노비오,카노비오
51605,E. de los Santos,데 로스 산토스,데 로스 산토스
51617,D. Núñez,다르윈 누녜스,누녜스
51618,B. Rodríguez,로드리게스,로드리게스
51620,F. Torres,토레스,토레스
51645,L. Suhr,레안드로 수르,수르
51648,C. Waterman,세실리오 알폰소 와터맨 루이즈,와터맨
51689,A. Oliveros,아구스티느 오리베로스 카노,오리베로스
51718,C. Cándido,카미로 다미아느 카느디도 아키노,카느디도
51733,G. Olveira,가스톤 올베이라,올베이라
51748,J. Neris,호세 파블로 네리스,네리스
51764,M. Silveira,마우로 산티아고 실베이라,실베이라
51776,M. Araújo,막시밀리아노 아라우호,아라우호
51778,F. Ginella,프란시스코 히네야,히네야
51822,C. Fiermarín,피에르마린,피에르마린
51828,A. Teuten,토이튼,토이튼
51833,F. Pizzichillo,피치쉘로,피치쉘로
52022,Facundo Nahuel Pérez Bertinat,베르티낫,베르티낫
52764,Y. Chacón,이에르소느 로나르도 치아코느 라미레스,치아코느
53187,P. Farquharson,프리스트리 타일러 파쿼슨,파쿼슨
53314,E. Lewis,엠린 존스 루이스,루이스
53326,W. Evans,윌 에반스,에반스
53349,L. Jenkins,리 토마스 젠킨스,젠킨스
53505,G. Kostadinov,게오르기 코스타디노브,코스타디노브
53535,E. Shomurodov,엘도르 쇼무로도프,쇼무로도프
53597,E. Sorokin,에고르 소로킨,소로킨
53600,F. Uremović,피리프 우레모비츠,우레모비츠
53678,A. Rogel,아구스틴 로헬,로헬
53693,R. Şeydayev,라미르 슈에이다이에브,슈에이다이에브
53740,G. Ondoua,가엘 온두아,온두아
53830,F. Sayfiyev,파루크 사이피예프,사이피예프
53832,I. Tukhtakhujaev,이슬롬 투흐타후자예프,투흐타후자예프
53835,O. Hamrobekov,오딜존 함로베코프,함로베코프
53836,J. Masharipov,잘롤리딘 마샤리포프,마샤리포프
53886,Jalal Hassan Hachim,자랄 하산 하침,자랄 하침
53889,Suad Natiq,수아드 나티크 나지,나지
53890,Safaa Hadi,사파 하디 알라프라이지,사파 하디
53891,Amjad Attwan,암자드 아트완,아트완
53894,Mohanad Ali,모하나드 알리,알리
53898,Salem Al Ajalin,살렘 알 아자린,알 아자린
53900,Yazan Al Arab,야잔 알 아랍,알 아랍
53901,Anas Bani Yassen,아나스 왈리드 칼레드 바니 야센,바니 야센
53902,Ehsan Haddad,에흐산 나빌 파한 하다드,하다드
53904,Bara Marie,바라 사미 무사 마리,마리
53906,Obieda Al Samrieh,오비에다 알 삼리에,알 삼리에
53907,Ahmad Ersan,아흐마드 에르산 모하마드 함두니,함두니
53909,Saleh Ratib,살레 라티브,라티브
53911,Feras Shilbaya,페라스 제야드 유세프 쉴바야,쉴바야
54104,Eder,에데르송 브루노 도밍구스,도밍구스
55306,F. Aspegren,페리페 아스페그레느 베르흐오느느르,아스페그레느
55310,T. Miettunen,타투 미트투네느,미트투네느
55312,L. Ala-Myllymäki,라우리 에리아스 아라-므위르르위마키,아라-므위르르위마키
55342,D. Håkans,다니엘 하칸스,하칸스
55358,H. Riihimäki,흐에므모 리이흐이마키,리이흐이마키
55360,O. Virtanen,오트소 비르타네느,비르타네느
55375,I. Niskanen,일마리 니스카넨,니스카넨
55376,P. Pennanen,페테리 펜나넨,펜나넨
55382,A. Heinonen,아르트투 흐아이노네느,흐아이노네느
55388,S. Savolainen,사쿠 사보라이네느,사보라이네느
55425,A. Mäenpää,아포 마에느파,마에느파
55443,A. Hoskonen,아르트투 흐오스코네느,흐오스코네느
55472,D. Arifi,도니 아리피,아리피
55562,J. Voutilainen,이에르르위 부티라이네느,부티라이네느
55606,M. Gussev,마크시므 구스세브,구스세브
55634,A. Popovitch,아느토느 포포비트치,포포비트치
55659,A. Vidjeskog,아크세르 비디에스코그,비디에스코그
55877,O. Karavaev,올렉산드르 카라바에프,카라바에프
55878,A. Moris,아느토니 크리스천 모리스,모리스
55902,P. Golubickas,파우리우스 고루비크카스,고루비크카스
55904,D. Ballard,다니엘 발라드,발라드
55913,M. Roosnupp,마르크 오리베르 루스누프프,루스누프프
55915,F. Liivak,프라느크 리이바크,리이바크
55917,Y. Kendysh,이우리 케느디시,케느디시
55935,T. De Barr,아느드레 트지아이 바르르,바르르
55940,L. Casciaro,레에 흐에느리 카스키아로,카스키아로
55949,Ľ. Šatka,루보미르 샤트카,샤트카
55968,H. Bonello,흐에느리 보네르로,보네르로
55988,J. Mbong,이오세프 에스시느 므보느그,므보느그
55994,A. Gregersen,아트리 그레게르세느,그레게르세느
55998,S. Vatnhamar,스외르비 바트느흐아마르,바트느흐아마르
56000,Y. Gerafi,요아브 피니 게라피,게라피
56009,D. Glazer,단 레온 글라저,글라저
56011,Dor Peretz,도르 페레츠,페레츠
56023,B. Ibraimi,베사르트 이브라이미,이브라이미
56025,A. Čerin,아담 그네즈다 체린,체린
56026,A. Šporar,안드라시 슈포라르,슈포라르
56027,L. Zahović,루카 즈아흐오비츠,즈아흐오비츠
56041,R. Savaļnieks,로베르트스 사바르니크스,사바르니크스
56085,G. Zhukov,게오르기 지우코브,지우코브
56086,O. Omirtayev,오라르흐아느 오미르타이에브,오미르타이에브
56114,M. Siopis,에므마누이르 시오피스,시오피스
56132,T. Barseghyan,티그란 바르세흐얀,바르세흐얀
56266,F. Israel,이스라엘,이스라엘
56283,Lucas Rosa,루카스 로사,로사
56290,C. Makoun,크리스천 마쿠느,마쿠느
56303,K. Sène,마마두 카리 세네,세네
56374,J. Pétris,제레미 페트리스,페트리스
56560,Y. Maleh,이우스세프 마레흐,마레흐
56851,M. Folorunsho,미카엘 폴로룬쇼,폴로룬쇼
57015,I. Cernigoi,이아코포 체르니고이,체르니고이
57153,I. Määttä,이삭 딥비크 매타,매타
57159,S. Fet,손드레 페트,페트
57160,N. Castro,니클라스 페르난도 니가르드 카스트로,카스트로
57173,B. Wembangomo,브리케 우에므바느고모,우에므바느고모
57224,L. Olden Larsen,라르스 라르센,라르센
57242,J. Daland,지에스페르 노르마느느 다라느드,다라느드
57248,A. Aremu,아페에즈 아레무 오라레카느,아레무
57260,A. Akinyemi,아데레케 아키노라 아키니에미,아키니에미
57277,S. Owusu,소로모느 오우우수,오우우수
57354,T. Ismaheel,타오페에크 아지이바데 이스마흐에에르,아지이바데
57356,J. Hummelvoll-Nuñez,지오흐아느네스 아느드레스 흐우므메르보르르-누네즈,흐우므메르보르르-누네즈
57377,M. Sande,마즈 베르크 산데,산데
57385,Ø. Øvretveit,ø이스타이느 ø브레트바이트,ø브레트바이트
57429,M. Dyngeland,마트흐이아스 르ø느네 디느게라느드,르ø느네
57434,U. Fredriksen,우르리크 티르루느그 프레드리크세느,티르루느그
57443,S. Mannsverk,시베르트 흐에그가이므 마느느스베르크,흐에그가이므
57445,J. Soltvedt,요아킴 솔트베트,솔트베트
57518,S. Tounekti,세바스찬 투넥티,투넥티
57523,Ahmed Fadel,아흐메드 파데르 흐아사바,흐아사바
57667,J. Ramos,조바니 하비에르 라모스 디아스,라모스
57721,E. Rose,에베르라르도 에르네스토 로세 클라르케,로세
57725,E. Roberts,에디 로베르츠 치푼도,로베르츠
57728,O. Córdoba,오마르 페데리코 코르도바 킨테로,코르도바
57736,A. Ayarza,아브디엘 아르만도 아이아르자 코카네그라,아이아르자
57739,J. Córdoba,호세 안헬 코르도바 챔버스,코르도바
57775,K. Galván,케빈 오마르 갈반 로페스,갈반
57803,J. Gutiérrez,호르헤 아브디엘 구티에레스 코르네호,구티에레스
57805,I. Anderson,이반 알레한드로 앤데르슨 에르난데스,앤데르슨
57807,A. Carrasquilla,아달베르토 엘리에서 카라스킬라 알카사르,카라스킬라
57861,C. Samudio,세사르 하이르 사무디오 무릴로,사무디오
57875,C. Yanis,세사르 아우구스토 야니스 벨라스코,야니스
57883,E. Anderson,에두아르도 안토니오 앤데르손 고메즈,앤데르손
57890,R. Peralta,리차드 아메드 페랄타 로블레도,페랄타
57904,J. Welch,조바니 프란시스코 웰치 로페스,웰치
57910,T. Rodríguez,토마스 아브디엘 로드리게스 메나,로드리게스
59564,J. Quiñónes,하데르 안드레스 키뇨네스 카이세도,키뇨네스
59565,D. Cambindo,디베르 아르만도 캄빈도 아보니아,캄빈도
59635,D. Ruiz,다니엘 펠리페 루이즈 리베라,리베라
60009,A. Okrah,아우구스티네 오크라흐,오크라흐
60138,M. Poplatnik,마테이 포프라트니크,포프라트니크
60345,I. Ladoškin,이리아 라도스키느,라도스키느
60358,M. Ainsalu,미흐케르 아이느사루,아이느사루
60371,R. Shein,로크코 로베르트 슈아이느,슈아이느
60378,M. Schjønning-Larsen,마이클 슈이ø느니느그-라르세느,슈이ø느니느그-라르세느
60486,T. Tammik,타네르 타므미크,타므미크
60610,H. Järvelaid,흐에느리 이아르베라이드,이아르베라이드
60616,V. Sinyavskiy,브라시이 시니아브스키이,시니아브스키이
60627,R. Peetson,라스무스 페에트소느,페에트소느
60648,A. Jatta,알라산나 자타,자타
60673,R. Kirss,로베르트 키르스스,키르스스
60676,A. Tamm,알렉스 마트트흐이아스 타므므,타므므
60696,A. Zakarlyuka,알렉산드르 즈아카르리우카,즈아카르리우카
60795,K. Vallner,카르르 아느드레 바르르네르,바르르네르
61142,D. Greif,도미닉 그라이프,그라이프
61146,J. Medveděv,이우리이 메드베데브,메드베데브
61149,K. Bajrič,케난 바이리치,바이리치
61156,D. Strelec,다비트 스트렐레츠,스트렐레츠
61161,M. Jedlička,마르틴 예들리츠카,예들리츠카
61167,T. Huk,토마스 흐우크,흐우크
61169,M. Malý,마투스 마리,마리
61176,K. Koštrna,크리스티아느 코스트르나,코스트르나
61185,A. Taiwo,아브두르라흐마느 타이우오,타이우오
61190,M. Macík,마투시 마치크,마치크
61199,E. Daniel,에리크 다니엘,다니엘
61204,T. Kostadinov,티호미르 코스타디노프,코스타디노프
61208,F. Twardzik,피리프 투아르드즈이크,투아르드즈이크
61218,D. Holec,도미니크 흐오레츠,흐오레츠
61221,B. Anang,베느소느 아나느그,아나느그
61232,V. Bichakhchyan,바흐아느 비치아흐치이아느,비치아흐치이아느
61240,P. Myslovič,파트리크 미스로비츠,미스로비츠
61243,M. Tomič,미흐아르 토미츠,토미츠
61245,R. Boženík,로베르트 보제니크,보제니크
61266,H. Harutyunyan,호반네스 하루투니안,하루투니안
61275,T. Mavretič,티르 마브레티츠,마브레티츠
61349,E. Addo,에드먼드 아도,아도
61365,E. Ramírez,에리크 크레이베르 라미레스 마트흐에우스,라미레스
61411,E. Mašović,에르흐아느 마소비츠,마소비츠
61412,J. Paur,이아쿠브 파우르,파우르
61418,O. Bukari,오스만 부카리,부카리
61428,M. Vantruba,마르틴 바느트루바,바느트루바
61431,J. Kiwior,야쿠프 키비오르,키비오르
61558,S. Magnússon,사에바르 아틀리 마그누손,마그누손
61631,A. Jónsson,아르노르 가우티 이오느스소느,이오느스소느
61641,J. Svanþórsson,제이슨 다디 스반토르손,스반토르손
61650,B. Bragason,브리니아르 아트리 브라가소느,브라가소느
61742,H. Valdimarsson,하콘 라프 벌디마르손,벌디마르손
61837,A. Bardakcı,압둘케림 바르닥치,바르닥치
61895,S. Mele,산티아고 안드레스 메렐 카스타네로,메렐
61950,G. Güvenç,귀나이 귀벤치,귀벤치
61993,T. Sanuç,토흐마스 사누치,사누치
62137,İ. Eğribayat,이르판 찬 에그리바야트,에그리바야트
62138,G. Karačić,고란 카라치치,카라치치
62158,G. Sazdağı,그외흐아느 사즈다으,사즈다으
62204,J. Sekidika,제세 타무노바라보예 세키디카,세키디카
62401,T. Çetin,타리크 체틴,체틴
62681,S. Gönül,소너 권울,권울
63274,B. Yılmaz,바르슈 알페르 이을마즈,이을마즈
63420,O. Pikhalyonok,오레크사느드르 피흐아리오노크,피흐아리오노크
63434,O. Tymchyk,올렉산드르 팀치크,팀치크
63452,V. Kabaev,블라디슬라프 카바에프,카바에프
63475,Bruno Duarte,브루노 실바,실바
63542,M. Hongla,마르틴 홍라 이마 2세,홍라
63557,M. Shved,마리아느 시베드,시베드
63564,V. Dubinchak,브라디스라브 두비느치아크,두비느치아크
63577,M. Mudryk,미하일로 무드리크,무드리크
63637,V. Rubchynskyi,바레느티느 루브치이느스키,루브치이느스키
63928,F. Ibrahim,파르드 이브라흐이므,이브라흐이므
63931,M. Kikkenborg,마드스 지우흐르 키크케느보르그,지우흐르
63933,M. Anderson,막스 앤더슨,앤더슨
63947,B. Castillo,비로느 다비드 카스티이오 세구라,카스티이오
63949,M. Pineida,마리오 아르베르토 피나이다 마르티네스,피나이다
63950,J. Quiñónez,ㅎ오슈우에 ㅎ아므피르 키니오네스 로드리구에스,키니오네스
63956,D. Díaz,다미아느 로드리고 디아스,디아스
63964,F. Torres,펠릭스 토레스,토레스
63969,F. Martínez,피델 마르티네스,마르티네스
64003,P. Struijk,파스칼 스트라위크,스트라위크
64134,M. Hinestroza,마리노 히네스트로자 안구로,히네스트로자
64167,G. Słonina,그레이슨 슬로니나,슬로니나
64190,Y. Fofana,야히아 포파나,포파나
64268,J. Mojica,요한 안드레스 모히카 파라시오,모히카
64278,M. Laušić,마리느 라우시츠,라우시츠
64304,K. Kozłowski,카츠퍼 시몬 코즐로프스키,코즐로프스키
64310,S. Moore,샤크 무어,무어
64314,L. Cameron,랜드리 나니 디마타,디마타
64315,J. Mulligan,지오슈 무르리가느,무르리가느
64339,J. Sery Larsen,야펫 세리 라르센,라르센
65360,A. Avanesyan,아르테므 아바네시아느,아바네시아느
65409,O. Čančarević,오그넨 챈차레비치,챈차레비치
65576,J. Iskanderov,잠시드 이스칸데로프,이스칸데로프
65584,A. Amonov,아지즈베크 아모노프,아모노프
65978,A. Terrazas,아다리드 테르라사스 아바스토,테르라사스
66022,S. Plavšić,스르지아느 프라브시츠,프라브시츠
66029,B. Tetteh,벤저민 테테,테테
66040,D. Vukliševič,다미아느 부크리세비츠,부크리세비츠
66041,R. Breite,라디므 브라이테,브라이테
66042,O. Dorley,오스카 머피 도를리,도를리
66055,P. Musa,페타르 무사,무사
66058,V. Budinský,비크토르 부디느스키,부디느스키
66070,D. Buchta,다비드 부흐타,부흐타
66072,D. Holzer,다니엘 흐오르즈에르,흐오르즈에르
66098,D. Janošek,도미니크 이아노세크,이아노세크
66100,J. Navrátil,이아느 나브라티르,나브라티르
66127,V. Jurečka,바츠라브 이우레츠카,이우레츠카
66159,M. Chaluš,마테이 흐아루스,흐아루스
66210,M. Hruška,마투스 흐루스카,흐루스카
66214,D. Douděra,다비드 두데라,두데라
66253,T. Ladra,토마스 라드라,라드라
66254,P. Mareš,페트르 마레스,마레스
66257,Ewerton,에우에르토느 파이크스앙 시르바,파이크스앙
66268,J. Chvátal,이우라이 흐바타르,흐바타르
66270,V. Jemelka,바슬라프 예멜카,예멜카
66275,M. Chytil,모이미르 치틸,치틸
66284,J. Sláma,이이리 스라마,스라마
66287,O. Zmrzlý,오느드레이 즈므르즈리,즈므르즈리
66301,L. Holík,리보르 흐오리크,흐오리크
66340,J. Kuchta,얀 쿠흐타,쿠흐타
66347,J. Staněk,인드르지흐 스타네크,스타네크
66353,L. Provod,루카시 프로보드,프로보드
66387,P. Šulc,파벨 슈르츠,슈르츠
66403,L. Vraštil,루카스 브라스티르,브라스티르
66407,L. Krejčí,라디슬라프 크레이치,크레이치
66410,A. Růsek,아느토니느 루세크,루세크
66435,M. Leibl,미흐아르 라이브르,라이브르
66447,M. Tvrdoň,마리안 트브르돈,트브르돈
66463,M. Valenta,마테이 발렌타,발렌타
66531,F. Kaloč,필립 칼로치,칼로치
66659,D. Vašulín,드라그신 바슈린,바슈린
66703,C. Frýdek,크리스천 프리데크,프리데크
66743,F. Kubala,피리프 쿠바라,쿠바라
66761,M. Osmajić,밀루틴 오스마이치,오스마이치
66778,S. Milić,스테파느 미리츠,미리츠
66782,D. Bakić,두사느 바키츠,바키츠
66817,N. Krstović,니콜라 크르스토비치,크르스토비치
66898,B. Popović,바르사 포포비츠,포포비츠
67195,H. Mahmoud,모하메드 베르흐아드지 마흐무드,베르흐아드지
67303,N. Okello,노블 오켈로,오켈로
67317,G. Moistsrapishvili,기오르기 모이스츠라피시비리,모이스츠라피시비리
67834,D. Cabezas,다느니 아레ㅎ아느드로 카베사스 바사느,카베사스
67889,H. Haraldsson,하콘 아르나르 하랄손,하랄손
67899,N. Acosta,나우엘 아코스타,아코스타
67902,C. Olivera,올리베라,올리베라
67943,Morato,모라토,모라토
67958,S. Welsh,스티븐 웰시,웰시
67959,K. Dembélé,카라모코 뎀벨레,뎀벨레
67971,M. Guéhi,마르크 게이히,게이히
67972,C. Gallagher,코너 갤러거,갤러거
67973,I. Ugbo,이케 도미니크 우그보,우그보
68041,M. Tilio,마르코 틸리오,틸리오
68090,A. Barišić,아드리안 레온 바리시치,바리시치
68113,J. Hurtado,호세 안드레스 우르타도 체메,우르타도
68124,N. Tavares,니코라 타바레스,타바레스
68126,L. Cass,루이스 그레이엄 캐스,캐스
68127,K. Watts,켈랜드 존 윌리엄 제임스 왓츠,왓츠
68128,J. Knight,제이슨 폴 나이트,나이트
68129,R. Ogle,리건 오글,오글
68198,K. Savvidīs,키리아코스 사비디스,사비디스
68402,A. Shariatzadeh,아흐마드 슈아리아트즈아데흐,슈아리아트즈아데흐
68441,Gonçalo Franco,곤살로 바티스타 프랑코,프랑코
68448,Abdallah Al Zoubi,압달라 파이즈 압달라 알 주비,알 주비
68466,A. Irving,앤드류 아빙,아빙
68531,J. Ikaunieks,이아니스 이카우니크스,이카우니크스
68534,K. Tobers,크리스테르스 토베르스,토베르스
69142,M. Gamarra,마테오 가마라,가마라
69196,Mahmoud Saber,마흐무드 사베르,사베르
69232,S. Gannon,세아느 가느노느,가느노느
69242,D. Kelly,다니엘 케르리,케르리
69243,J. McGrath,지아미 테레느케 므크그라스,므크그라스
69249,G. Kelly,조지 마틴 켈리,켈리
69254,S. Bone,사무엘 보네,보네
69257,J. Furlong,우아르테르 지아메스 비르네 푸르로느그,비르네
69288,A. Lyons,앤드루 라이언스,라이언스
69294,R. Graydon,라이언 그레이던,그레이던
69298,P. Omochere,프로미스 오모체레,오모체레
69319,E. Toal,에오이느 토아르,토아르
69343,C. Kelly,키아란 켈리,켈리
69363,L. McNicholas,루크 맥니콜라스,맥니콜라스
69381,R. Coughlan,로나느 리아므 쿠그라느,쿠그라느
69391,A. Simpson,아론 심슨,심슨
69400,J. Lunney,지오나스아느 루느네이,루느네이
69403,S. Twine,스콧 에드워드 트와인,트와인
69406,A. Drinan,아론 존 드리난,드리난
69407,J. Martin,지오흐느 마르틴,마르틴
69409,D. Harrington,데이비드 해링턴,해링턴
69414,D. Casey,단 케이시,케이시
69418,C. McCarthy,코너 맥카시,맥카시
69419,S. McLoughlin,션 맥로플린,맥로플린
69437,J. Tilley,제임스 알렉산더 데이비드 틸리,틸리
69439,C. Kearns,코노르 케아르느스,케아르느스
69450,L. Scales,리암 스케일스,스케일스
69455,N. Farrugia,닐 파루지아,파루지아
69494,S. Boyd,세아느 보이드,보이드
69496,M. Coyle,마르크 코이레,코이레
69539,L. McNally,루케 므크나르리,므크나르리
69651,J. Kabia,자제 카비아,카비아
69680,D. Costelloe,다라 제임스 모건 코스텔로,코스텔로
69894,J. Čađenović,이오바느 츠아지에노비츠,츠아지에노비츠
69898,G. Matulevičius,기드리우스 마투레비키우스,마투레비키우스
69900,O. Verbickas,오비디이우스 베르비크카스,베르비크카스
69912,L. Antal,리비우 이온 안탈,안탈
69915,D. Šimkus,도마느타스 시므쿠스,시므쿠스
69921,G. Jarusevičius,구스타스 이아루세비키우스,이아루세비키우스
69958,A. Dolžnikov,아르투르 도르즈니코브,도르즈니코브
69971,T. Moffi,테레마스 이고보르 모피,모피
70044,A. Kučys,아르마느다스 쿠키스,쿠키스
70070,I. Umaev,이드리스 우마에브,우마에브
70077,A. Machado,마차도,마차도
70078,F. Pellistri,파쿤도 펠리스트리 레볼로,펠리스트리
70100,J. Zirkzee,조슈아 지르크제이,지르크제이
70335,D. Levitt,딜런 레빗,레빗
70336,V. Kovačević,블라단 코바체비치,코바체비치
70353,M. Ķigurs,마르티느스 키구르스,키구르스
70358,J. Bjartalíð,이오아느네스 비아르타리,비아르타리
70366,John,존 빅터,빅터
70389,B. Mustafazadə,브흐루르 무스타파즈아드,무스타파즈아드
70395,P. Johannesen,파트리크 이오흐아느네세느,이오흐아느네세느
70396,E. Almog,에이로느 흐아이므 아르모그,아르모그
70471,A. Aguilar,알프레도 아리엘 아길라르,아길라르
70472,R. Ortiz,리차드 오르티즈 부스토스,리차드
70473,R. Sánchez,리차드 라파엘 산체스 게레로,리차드
70475,Ó. Cardozo,오스카 레네 카르도조 마린,오스카
70476,M. Diarra,무사 디아라,디아라
70480,O. Hadžikić,오스만 하지키치,하지키치
70481,D. Biton,다느 비토느,비토느
70490,A. Oviedo,알피오 오비에도,오비에도
70500,Sergi Cardona,세르지 카르도나,카르도나
70514,A. Gigović,아르민 기고비치,기고비치
70519,A. McCann,알리스테어 에드워드 맥캔,맥캔
70532,A. Saipi,아미르 사이피,사이피
70535,Ibrahim Adel,이브라힘 아델,아델
70544,R. Muñoz,로드리고 무뇨스,무뇨스
70549,A. Duarte,알렉시스 다비드 두아르테 페레이라,두아르테
70550,A. Espínola,알베르토 에스피놀라,에스피놀라
70566,M. Villasanti,마티아스 빌라산티,빌라산티
70606,R. Redes,로드니 이반 레데스 카세레스,로드니
70670,I. Pitta,이시드로 피타,피타
70671,I. Ramírez,이반 라미레즈,라미레즈
70720,R. Morínigo,로드리고 마리오 모리니고 아코스타,로드리고
70723,A. Benítez,알란 막스 베니테스 도밍게스,베니테스
70732,J. Canale,호세 카날레,카날레
70735,M. Espinoza,마티아스 에스피노사,에스피노사
70747,J. Enciso,후리오 엔시소,엔시소
70762,H. Caballero,에르네스토 카바예로,카바예로
70767,B. Ojeda,브라이언 오제다,오제다
70852,O. Gill,올란도 다비드 길 놀딘,올란도
70886,Ronald,로날드,로날드
70908,C. Stockton,콜 존 스톡턴,스톡턴
70913,P. Barrett,파트리크크 바르레트트,바르레트트
70922,T. Pasher,티레르 게오프프레이 파슈에르,파슈에르
71123,O. Sinclair,오르라느도 아레크시스 시느크라이르 흐에르나느데스,시느크라이르
71230,C. Harvey,카를로스 미겔 하비 세스네로스,하비
71343,A. Keita,아부바카르 코베레 카이타,카이타
71400,Yusuf Abdurisag,유수프 압두리사그,압두리사그
71565,S. Omossola,메드주오 시모느 로티 오모스소라,오모스소라
72120,B. Ergashev,보티랄리 에르가셵,에르가셵
72122,K. Alijonov,호지악바르 알리조노프,알리조노프
72123,A. Komilov,아크롬존 코밀로프,코밀로프
72127,O. O&apos;runov,오스톤 오루노프,오루노프
72128,I. Sergeev,이고르 세르게예프,세르게예프
72129,Mohammad Saleh,모하메드 살레,모하메드 살레
72131,Dhurgham Ismail,두르감 이스마일,이스마일
72139,Mohannad Khairullah,모하난드 카이룬라,카이룬라
72140,Saleem Obaid,살림 오바이드,오바이드
72142,Mohammed Abu Zurayq,모하메드 아부 주레이크,아부 주레이크
72155,A. Ueda,우에다 아야세,아야세
72346,S. Panić,스테파느 파니츠,파니츠
72347,H. Prenga,흐에르디 베스니크 프레느가,프레느가
72354,D. Skhirtladze,다비트 스흐이르트라즈에,스흐이르트라즈에
72358,D. Lemajić,다르코 레마이이츠,레마이이츠
72360,E. Stuglis,에르비스 스투그리스,스투그리스
72372,B. Bimenyimana,보느피르스-카레브 비메니이마나,비메니이마나
72373,C. Kouadio,아레느 케드리크 에르베 쿠아디오,쿠아디오
72378,J. Ņerugals,이에브게니이스 네루가르스,네루가르스
72446,F. Orols,프레느크스 다비드스 오로르스,오로르스
72556,R. Šibass,레느디이스 시바스스,시바스스
72998,B. á Reynatrøð,바루르 아 레이나트르외,아
73001,B. Gregersen,베르구르 그레게르세느,그레게르세느
73012,A. Svensson,아르느비외르느 스베느스소느,스베느스소느
73015,I. Jonhardsson,이느기 이오느흐아르드스소느,이오느흐아르드스소느
73017,Andreas Olsen,안드레아스 라바 오르세느,라바
73043,Ari Olsen,아리 오르세느,오르세느
73054,J. Johansen,이아쿠프 이오흐아느세느,이오흐아느세느
73055,P. Kallsberg,푸르 카르르스베르그,카르르스베르그
73086,S. Radosavljević,스테파느 라도사브리에비크,라도사브리에비크
73403,J. Yakhshiboyev,자수르벡 야크시보예프,야크시보예프
73418,A. Abdullayev,압둘라 압둘라예프,압둘라예프
73483,J. Boltaboev,잠시드 볼타보예프,볼타보예프
73507,A. Ne&apos;matov,압두보히드 네마토프,네마토프
73509,H. Aliqulov,후스니딘 알리쿨로프,알리쿨로프
73510,U. Eshmurodov,우마르 에슴우로도프,에슴우로도프
73511,G. G&apos;aybullaev,골리브 가이불라예프,가이불라예프
73514,S. Nasrullayev,셰르조드 나스룰라예프,나스룬라예프
73520,A. Gʻaniyev,아지즈존 가니예프,가니예프
73522,A. Mozgovoy,악말 모즈고보이,모즈고보이
73528,B. Abdukholikov,보비르 압두홀리코프,압두홀리코프
73534,U. Yusupov,오트키르 유수포프,유수포프
73742,S. Umarov,샤흐보즈 우마로프,우마로프
73820,O. Kwabena,오우우수 쿠아베나,쿠아베나
73868,R. Pepi,리카르도 페피,페피
73879,P. Otele,필립 포르웨이 오텔,오텔
74563,Besnik Krasniqi,베스니크 크라스니치,크라스니치
75935,A. Dashyan,아르타크 다시안,다시안
75984,A. Khamoyan,아라므 흐아모이아느,흐아모이아느
76109,M. Gómez,마리아노 고메즈,고메즈
76311,D. Grechikho,데니스 그레치이흐오,그레치이흐오
76473,M. Myakish,마크시므 미아키시,미아키시
76486,A. Vakulich,아레크세이 바쿠리치,바쿠리치
76579,G. François,기욤 프랑수아,프랑수아
76867,N. Mujakić,니하드 무야키치,무야키치
76900,S. Jurić,스티페 이우리츠,이우리츠
76924,S. Jakovljević,스로보다느 이아코브류에비츠,이아코브류에비츠
76975,A. Mustafić,알렌 무스타피치,무스타피치
77083,E. Šehić,에르다르 세흐이츠,세흐이츠
77895,Élder Santana,에르데르 사느타나 코느카이스앙,사느타나
78086,M. Stefanov,메토디 이바노프 스테파노프,스테파노프
78094,I. Yordanov,이반 올린옵 요르다노프,요르다노프
78172,João Paulo,주앙 파울루 다 시우바,시우바
78411,T. Borges,트리스타느 다니엘 보르게스,보르게스
78468,D. Zator,도미니크크 루카스즈 즈아토르,즈아토르
78479,E. Cissé,에리마네 우마르 키스세,키스세
78490,M. Carducci,마르코 크리스천 카르두크키,카르두크키
78494,J. Waterman,조엘 워터먼,워터먼
78538,A. Didic,아메르 디디크,디디크
78547,A. Johnston,앨리스테어 존스턴,존스턴
78580,L. MacNaughton,루카스 마이클 마크나우그토느,마크나우그토느
78583,Ahmed Al Ghamdi,아흐마드 마젠 아흐마드 알 히자지 알 가므디,알 가므디
78589,V. Loturi,빅토르 로카이 로투리,로카이
78756,J. Uzuegbunam,존 매리 호니 우즈에그부남,우즈에그부남
79091,Fahad Al Abdulrahman,파흐아드 아브두르라흐마느,아브두르라흐마느
79099,L. Enoh,레우이스 므바 에노,므바
79153,O. Davidzada,오피르 다비드즈아다,다비드즈아다
79160,E. Ansah,에우게네 아느사흐,아느사흐
79167,B. Vera,브라얀 에마뉴엘 베라 라미레즈,베라
79678,A. Martínez,아드리아느 아로느소 마르티네스 바티스타,마르티네스
79692,J. Bolaños,ㅎ오세프 보라니오스 바르베르데,보라니오스
79827,F. Góndola,프레디 엘리아스 곤돌라 스미스,곤돌라
80166,Thiago Galhardo,트흐이아고 가류아르도,가류아르도
80219,J. Medić,야코브 메딕,메딕
80296,Lucas Perri,루카스 페리,페리
80354,Lucas Ventura,루카스 수즈아 베느투라,수즈아
80425,M. Kohút,미흐아르 코흐우트,코흐우트
80434,T. Čvančara,토마시 치반차라,치반차라
80552,Gabriel Sara,가브리엘 사라,사라
80566,Rodrigão,로드리가오,로드리가오
80752,T. Tessmann,프란시스 타너 제임스 테스만,테스만
81012,D. Vásquez,데비스 에스티벤 바스케스 란치,바스케스
81055,F. Justinussen,피느누르 이우스티누스세느,이우스티누스세느
81191,F. Mina,프레드디 다리오 미나 키니오네스,미나
81224,M. Ramírez,웰링턴 모이세스 라미레즈 프레시아도,라미레즈
81324,José Enrique Angulo Caicedo,호세 에느리케 아느구로 카이케도,아느구로
81573,Omar Marmoush,오마르 마르무쉬,마르무쉬
81659,R. Miller,로데릭 알론소 밀러 몰리나,밀러
81743,J. Greenidge,조던 닐 그리니지,그리니지
81775,T. Edun,아데타이오 에두느,에두느
81995,J. Wollacott,지오세프 루케 우오르라코트트,우오르라코트트
81996,A. Fisher,앤드루 리 피셔,피셔
82002,C. Burton,캘럼 알렉스 데이비드 버튼,버튼
82003,T. Bakinson,타이리크 자말 아데시나 올리베이라 바킨슨,바킨슨
82004,J. Eastwood,제이크 이스트우드,이스트우드
82007,B. Cotter,배리 노엘 코터,코터
82010,B. Bodin,빌리 폴 보딘,보딘
82014,Ben Folami,그베느가 타이 포라미,포라미
82023,O. Bailey,오딘 오레이 베일리,베일리
82024,N. Townsend,니콜라스 피터 타운젠드,타운젠드
82026,C. Bramall,코헨 콘라드 브람얼,브람얼
82031,C. O&apos;Keeffe,코리 제임스 존 오키프,오키프
82034,J. Sheehan,조슈아 루크 시한,시한
82040,J. Matt,자밀 안토니오 맷,맷
82047,A. Baldwin,에이덴 윌리엄 제임스 볼드윈,볼드윈
82050,K. Mooney,켈시 토마스 무니,무니
82053,S. Bennett,스콧 앤드루 베넷트,베넷트
82054,D. Butler,단 버틀러,버틀러
82057,M. Demetriou,미크케이 다비드 데메트리우,데메트리우
82060,K. Gordon,켈런 신 고든,고든
82068,H. McKirdy,해리 맥키디,맥키디
82090,B. Thomas-Asante,솔로몬 브랜든 마이클 클라크 토마스-아산테,토마스-아산테
82097,A. Palmer,알렉산더 팔머,팔머
82098,J. Kean,지아코브 케느다르르 케아느,케아느
82100,J. Sterry,제이미 마이클 스테리,스테리
82140,B. Galloway,브렌던 갤러웨이,갤러웨이
82208,D. Udoh,도미닉 다니엘 우도,우도
82210,K. Cameron,카일 밀네 캐머런,캐머런
82223,K. Green,키런 토마스 그린,그린
82228,R. Calder,리카르도 아모스 칼더,칼더
82253,J. Tomlinson,조셉 톰린슨,톰린슨
82277,R. Loft,라이언 조지 헨슨 로프트,로프트
82291,R. Johnson,라이언 존슨,존슨
82356,L. Young,루크 영,영
82372,D. Tharme,더글러스 존 탐,탐
82404,M. Dinanga,마르쿠스 디낭가 냐마부,디낭가
82432,R. Sotiriou,루엘 소티리우,소티리우
82466,F. Mulhern,프랭크 멀허른,멀허른
82468,J. Reid,제이미 티렐 리드,리드
82473,Tom Tonks,톰 톤크스,톤크스
82483,D. Charles,디온 엘리 찰스,찰스
82533,J. Cullinane-Liburd,조던 토마스 컬리넨 리버드,컬리넨 리버드
82573,L. Stojsavljević,라즈아르 스토이사브류에비츠,스토이사브류에비츠
82577,C. Lemonheigh-Evans,코너 레몬헤이-에반스,레몬헤이-에반스
82594,M. Langstaff,맥콜레이 랭스타프,랭스타프
82611,F. Horsfall,프레이저 매튜 호스폴,호스폴
82630,L. Freestone,루이스 제이 프리스톤,프리스톤
82654,L. Healy,로르카느 흐에아리,흐에아리
82670,C. Clayden,찰스 클레이든,클레이든
82706,Jonathon Margetts,조너선 마겟츠,마겟츠
82832,R. Cundy,로비 컨디,컨디
82855,T. King,톰 킹,킹
82900,T. Walton,타일러 월튼,월튼
82948,J. Davies,조던 앤드류 데이비스,데이비스
82949,S. MacDonald,슈아우느 마크도나르드,마크도나르드
82967,T. Shade,타이리즈 쉐이드,쉐이드
82975,E. Newby,엘리엇 크리스티안 뉴비,뉴비
82990,J. Obita,지오르다느 지오흐느 오비타,오비타
83029,J. Bowler,조슈아 루크 보울러,보울러
83051,Ragnar Skála,라그나르 스카라,스카라
83285,J. Veteli,이우나 베테리,베테리
83422,D. Adeniran,덴니스 에뮤엘 아비오던 아데니란,아데니란
84081,G. Biancone,주리안 비앙코네,비앙코네
84082,R. Faivre,로맹 페브르,페브르
84086,Robert Navarro,로베르트 나바로,나바로
84087,W. Isidor,더브라이트 이시도르,이시도르
84088,J. Panzo,조나단 윌리엄 판조,판조
84126,H. Mahou,이슈아므 마우,마우
85041,A. Gouiri,아민 구이리,구이리
85060,A. Allée,아흐마드 알레,알레
85205,O. Kemen,올리비에 케멘,케멘
85766,T. Keita,티디아네 카이타,카이타
87773,J. Diamond,잭 다이아몬드,다이아몬드
87789,J. Placide,조니 플라시드,플라시드
87791,D. Agyei,다니엘 에베네저 과시 아게이,아게이
87807,J. Reeves,제이크 케니 리브스,리브스
87858,J. McAtee,존 조지 맥아티,맥아티
87869,J. Beesley,제이크 엘리엇 비즐리,비즐리
87878,J. Bursik,요제프 존 버식,버식
87898,K. Tshimanga,카봉고 치망가,치망가
87966,K. Okyere Wriedt,콰시 오키어 브리트,브리트
88450,J. Lundstram,조슈아 룬스트럼,룬스트럼
88457,B. Sheaf,벤자민 데이비드 쉬프,쉬프
88462,W. Dawes,윌리엄 존 도우즈,도우즈
88819,G. Kornezos,이오르고스 코르네즈오스,코르네즈오스
89238,M. Zeke,마리오 즈에케,즈에케
89712,S. Zahedi,샤합 자헤디,자헤디
89754,E. Ólafsson,엘리아스 란프 올라프손,올라프손
89768,K. Ingason,크리스탈 마니 잉가손,잉가손
89958,M. Hosseini,세예드 메디 호세이니,호세이니
89982,S. Moghanlou,샤리야르 모가넬루,모가넬루
90494,N. Trott,네이단 월러스 뉴먼 트로트,트로트
90496,C. Masterson,코노르 키아라느 마스테르소느,마스테르소느
90499,J. Mukena,조이 리처드 엠피인가 무케나,무케나
90502,K. Scott,카일 스콧,스콧
90506,D. Kemp,다니얼 해리 켐프,켐프
90590,G. Rutter,조르지뇨 뤼터,뤼터
90594,J. Dina Ebimbe,에리크 쥐니오르 디나 에빔베,에빔베
90663,D. Avdijaj,도니스 아브디야이,아브디야이
90746,J. Kliment,얀 클리멘트,클리멘트
91215,A. Tsiftsis,안토니스 츠프씨스,츠프씨스
91389,J. Cisotti,주리 치소티,주리 치소티
91422,R. Bellanova,라울 벨라노바,벨라노바
91426,Christian Rutjens,오리바 크리스천 루트ㅎ에느스,루트ㅎ에느스
91447,A. Kotnik,아느드레이 코트니크,코트니크
91448,H. Miličević,흐르보이에 미리츠에비츠,미리츠에비츠
91488,R. Di Gennaro,라파엘레 디 제나로,디 제나로
91618,B. Lopes,베르나르도 모르가도 가스파르 로페스,모르가도
91622,J. Hankins,지아이라느 에르네스트 흐아느키느스,흐아느키느스
91623,Jesús Toscano,ㅎ에수스 토스카노 세르라노,토스카노
92984,E. Francis,에드워드 알버트 프란시스,프란시스
92993,M. Wieffer,마츠 비퍼,비퍼
93001,E. Tavşan,에라이이스 타프사느,타프사느
93007,D. Min,다비드 민,민
93016,T. Dallinga,티스 달링가,달링가
93084,D. Klas,드흐오라소 모레오 크라스,모레오
93671,Pedro Chirivella,페드로 치리베야,치리베야
94322,C. McCowatt,캘럼 윌리엄 맥카왓,맥카왓
94332,D. Wilkins,달튼 제임스 윌킨스,윌킨스
94333,E. Just,일라이자 헨리 저스트,저스트
94344,N. Pijnaker,난도 젠 파이나커,파이나커
94346,T. Payne,팀 페인,페인
94352,S. Sutton,샘 해리 서튼,서튼
94360,A. Paulsen,알렉산더 노아 폴센,폴센
94405,F. de Vries,프란시스 드 브리스,드 브리스
94541,J. Bell,조 제인 로버트 벨,벨
94562,S. Giménez,산티아고 히메네스,히메네스
94576,M. Bjørlo,모르테느 브지ø르로,브지ø르로
94628,Jo Nymo Matland,요 뉘모 마틀란,마틀란
94676,R. Greenidge,라이스 제임스 그리니지,그리니지
94724,L. Begby,루드비그 베그비,베그비
94796,M. Nielsen,마드스 레느나르트 니르세느,니르세느
94810,P. Aukland,피리프 사느드비크 아우크라느드,사느드비크
94815,H. Jensen,흐아바르 그르ø느트베드트 지에느세느,그르ø느트베드트
94880,K. Qaka,카메르 치아카,치아카
94983,D. Eid,다니엘 프리트즈 아이드,아이드
95105,E. Guerrero,에두아르도 안토니오 게레로 로스카노,게레로
95251,S. Rojas,산티아고 헤라르도 로하스 로페즈,산티아고
95259,N. Giménez,네스토르 라파엘 히메네스 플로렌틴,네스토르
95314,R. Martínez,로날도 이반 마르티네즈 로론,로날도
95390,Á. Campuzano,알바로 마르셜 캄푸사노,캄푸사노
95446,R. Morales,로베르트 오스마르 모랄레스 베니테즈,로베르트
95460,A. Arce,알렉스 아드리안 아르세 바리오스,아르세
96329,Luís Mata,루이스 마타,마타
96476,Andorinha,조앙 파울루 산토스 다 코스타,코스타
96615,I. Díaz,이스마엘 디아스 데 레온,디아스
96733,Nam Tae-Hee,남태희,남태희
97896,K. Nisbet,케빈 마이클 니스벳,니스벳
98001,A. Coote,아리스타이르 마이클 쿠테,쿠테
98067,O. Moxon,오웬 목슨,목슨
98508,I. Zulfiu,일리아사 줄피우,줄피우
98510,Marko Petković,마르코 페트코비츠,페트코비츠
98842,U. Mathisen,울릭 마티센,마티센
98859,L. Almási,라디스라브 아르마시,아르마시
98936,L. Foster,라일 포스터,포스터
99123,Joseph Adjei,지오세프 아드지아이,아드지아이
99186,Oh Se-Hun,오세훈,오세훈
99205,Hwang In-Jae,인재 황,황
99211,Park Jin-Seop,박진섭,박진섭
99540,Lee Ki-Je,기제 이,이
99559,Kim Kyeong-Min,경민 김,김
99576,O. Sahraoui,오사메 사라우이,오사메
100079,P. Gwargis,피터 과르기스,피터 과르기스
100096,Allan Mohideen,알란 모히딘,알란 모히딘
100281,M. Nuh,무바아라크 모흐아무드 누흐,모흐아무드
101100,Yves Alain Dooh Moukoko,이베스 아레느 두 무코코,두
101814,R. Araújo,로날드 아라우호,아라우호
101882,G. Allala,알라라,알라라
102447,F. Moumbagna,파리스 뭄바냐,뭄바냐
102469,J. Mbekeli,제롬 노엄 엠베켈리,엠베켈리
102505,D. Lacroix,마크후스 라크로이,라크로이
102508,G. Campbell,조지 해민턴 캠벨,캠벨
102510,S. Rogers,사무아르 지아라르드 로게르스,로게르스
102538,M. Abualnadi,모하마드 아부알나디,아부알나디
102682,J. Pulskamp,지오흐느 그레고리 푸르스카므프,푸르스카므프
102685,P. Schulte,패트릭 술테,술테
102758,G. Awako,그라드소느 아우아코,아우아코
102851,R. Ledezma,리처드 레데즈마,레데즈마
103145,A. Jones,아론 존스,존스
103232,P. Metcalfe,파트리크크 로베르트 메트카르페,메트카르페
103550,A. Turg&apos;unboyev,아지즈베크 투르군보예프,투르군보예프
104041,B. Cabango,벤자민 조지 카방고,카방고
104059,P. N’Diaye,파페 세이두 느디아이에,느디아이에
104196,Saad Abdul Ameer,사아드 압둘 아미르 루아이비 알 지르자위 알 돕자하위,사아드 압둘 아미르
104242,Rajaei Ayed,라자에이 아예드,아예드
104244,Mohammad Al Daoud,모하마드 알 다우드,알 다우드
104652,Riyadh Sharahili,리야드 샤라힐리,샤라힐리
104679,Saeed Al Rubaie,사에에드 이아미,이아미
104764,I. Cameron,이네스 카메론,카메론
104795,Mujaid Sadick,무하이드 사딕 알리우,사딕
104801,M. Ndockyt,메르바이르레 바르티 스트레에케르 느도크키트,느도크키트
104808,Enric Saborit,엔리크 사보리 테이시도르,사보리
104847,Rafael Muñoz Benavides,라파에르 무니오스 베나비데스,무니오스
104942,M. McGuane,마르쿠스 사무엘 마이클 므크구아네,므크구아네
104976,Juanje Argüez,후안 카를로스 루이스,루이스
105034,Juanjo Nieto,후안 호세 니토 사르소소,니토
105154,I. Jansson,이삭 알렉산더 얀손,얀손
105170,A. Douglas,알렉스 레이몬드 더글라스,더글라스
105321,D. Ignatenko,단일로 이그나텐코,이그나텐코
105475,E. Bejtulai,에그존 바이툴라이,바이툴라이
105480,M. Murati,메브라느 무라티,무라티
105483,A. Zejnullai,아르비느 즈에이누르라이,즈에이누르라이
105605,M. Vítor,미겔 비토르,비토르
105664,R. Broja,론 브로야,브로야
105684,Toni García,안토니오 가르키아 모느테로,가르키아
105694,I. Ayew,압둘 라힘 아예우,아예우
105726,E. Prekop,에릭 프레코프,프레코프
105786,E. Peretz,에리르 페레츠,페레츠
105803,M. Jurčevič,마리오 이우르츠에비츠,이우르츠에비츠
105917,V. Shvyryov,비아치에스라브 시비리오브,시비리오브
105949,E. Sabo,에리크 사보,사보
105971,G. Bazunu,개빈 바주누,바주누
105993,A. Hoxha,아르버 호샤,호샤
106086,K. Balmer,코피 바르메르,바르메르
106104,M. Korenica,메리토느 코레니카,코레니카
106426,Tsunami,우에느데르소느 프라이타스 소아레스,프라이타스
106460,Fábio Lima,파비우 비르지니우 데 리마,리마
106485,Maurício,마우리시오 마갈란예스 프라도,마우리시오
106713,J. Moon,자스퍼 문,문
106725,K. Lewis-Potter,키안 윌리엄 루이스-파터,루이스-파터
106737,A. Little,아르마니 조지 리틀,리틀
106792,J. Heekeren,요우스티느 흐에에케레느,흐에에케레느
106811,A. Cohen,아비샤이 코헨,코헨
106835,K. Mitoma,미토마 가오루,가오루
106851,S. Machino,마치노 슈토,슈토
106979,A. Cobeţ,아느드라이 코베트,코베트
107086,T. Bradbury,토마스 브래드버리,브래드버리
107087,S. Banks,스콧 브라이언 뱅크스,뱅크스
107091,J. Campbell,지오슈 카므프베르르,카므프베르르
107303,D. Sikan,다니로 시카느,시카느
107484,A. Ajzeraj,알미르 아제라이,아제라이
107595,Fadi Awad Saleh,파디 아와드,아와드
107782,K. Digie,케네디 디지,디지
107787,J. Ironside,조 새뮤얼 아이언사이드,아이언사이드
107852,S. Molde,스티아느 스트라이 모르데,스트라이
108015,Y. Gurfinkel,이아흐아브 구르피느케르,구르피느케르
108017,M. Abu Fani,모하메드 아부 파니,아부 파니
108046,C. Scott,세드윈 스콧,스콧
108370,M. Zlomislić,마르틴 즐로미슬리치,즐로미슬리치
108460,Ž. Frelih,즈이가 프레리흐,프레리흐
108465,N. Guinness-Walker,네스타 구이느네스스-우아르케르,구이느네스스-우아르케르
108475,P. Pfeiffer,패트릭 파이퍼,파이퍼
108526,K. Gómez,에느리쿠에 고메즈 베르나르,고메즈
108561,David Goldar,다비드 고르다르 고메스,고르다르
108563,R. Zalazar,로드리고 잘라자르 마르티네스,잘라자르
108568,E. Krasniqi,에느드리트 크라스니치이,크라스니치이
109381,T. Nozawa,노자와 다이시 브랜던,브랜던
109564,B. Miovski,보얀 미오브스키,미오브스키
109685,R. Požeg,루디 포즈에그 바느츠아스,포즈에그
109696,Ž. Lipušček,즈이가 리푸스츠에크,리푸스츠에크
109701,S. Smajlagić,세미르 스마이라기츠,스마이라기츠
109712,E. Sokler,에스테르 소크레르,소크레르
109714,D. Petrovič,데이아느 페트로비츠,페트로비츠
109724,Ž. Karničnik,잔 카르니치니크,카르니치니크
109740,T. Horvat,토미 호르바트,호르바트
109750,E. Boakye,에릭 보아케,보아케
109799,N. Mulahusejnović,나르디느 무라흐우세이노비츠,무라흐우세이노비츠
109864,G. Trdin,가스페르 트르디느,트르디느
109987,S. Sešlar,스비트 세스라르,세스라르
110057,D. Hrka,다르코 흐르카,흐르카
110153,T. Arokodare,톨루 아로코다레,아로코다레
110624,D. Gropper,덴니 그로퍼,그로퍼
110905,R. Hatuel,로테므 흐아투에르,흐아투에르
110941,O. Arad,오프리 아라드,아라드
110996,S. Elias,시아이 에리아스,에리아스
111003,R. Mishpati,로이 미쉬파티,미쉬파티
111016,R. Shlomo,라즈 슬로모,슬로모
111148,G. Kanichowsky,가브리엘 길라드 카니초우스키,카니초우스키
111263,N. Rukavytsya,니키타 루카비차,루카비차
111284,S. Yehezkel,사기브 샬롬 예헤즈켈,예헤즈켈
111288,I. Nachmias,이단 나흐미아스,나흐미아스
111309,M. Baltaxa,마타느 바르타크사,바르타크사
111319,Y. Malede,요나스 말레드,말레드
111325,O. Glazer,옴리 글레이저,글레이저
111329,L. Owusu,레오나르드 오우우수,오우우수
111532,E. Tapalov,에르킨 타팔로프,타팔로프
111578,I. Trofimets,이고르 트로피메트스,트로피메트스
111579,Sayat Zhumagali,사이아트 지우마가리,지우마가리
111580,A. Tanzharikov,아디르흐아느 타느지아리코브,타느지아리코브
111582,A. Azhimov,아리시에르 아지이모브,아지이모브
111587,A. Zarutskiy,알렉산드르 자루츠키,자룸츠키
111595,B. Kairov,바그다트 카이로브,카이로브
111724,A. Shushenachev,아르투르 시우시에나치에브,시우시에나치에브
111789,A. Kassym,아리베크 카스시므,카스시므
111920,F. Ndzengue,파드 리슈아르드 느드즈에느구에 무베티,느드즈에느구에
112421,Emerson Marcelina,에메르소느 마르케리나,마르케리나
112456,M. García,마티아스 니코라스 가르키아,가르키아
112689,R. Camenzuli,리아느 카메느즈우리,카메느즈우리
112927,V. Straistari,빅토르 스트라이스타리,스트라이스타리
112945,D. Dumbrăvanu,다니엘 두므브라바누,두므브라바누
113566,A. Dabiqaj,알버트 다비카이,다비카이
113576,J. Hilton,조셉 로버트 힐튼,힐튼
113581,T. Coulibaly,탕기 쿨리발리,쿨리발리
114844,D. Ferguson,데이비드 리 퍼거슨,퍼거슨
115587,M. Kjærgaard,마우리츠 키에르고르,키에르고르
115588,B. Okoh,브리아느 이케메푸나 오코흐,오코흐
115589,B. Šeško,벤야민 세슈코,세슈코
116117,M. Caicedo,모이세스 카이세도,카이세도
117281,Ali El-Zubaidi,알딘 아흐메드 엘주바이디,알딘 엘주바이디
118307,Đ. Petrović,조르제 페트로비치,페트로비치
118347,T. Kehinde,오루우아토시느 케흐이느데,케흐이느데
118356,J. Kizzi,지오세프 모하메드 키즈즈이,키즈즈이
118359,Scott Myles Edward Davies,스콧 마일스 에드워드 데이비스,데이비스
118391,B. Hinchliffe,벤 힌치프,힌치프
118463,B. Johnson,바비 존슨,존슨
118470,J. Pope,제이슨 워렌 포프,포프
118471,G. Nurse,조지 다미안 너스,너스
118532,J. King,제프 프란시스 킹,킹
118600,J. Singh,자스비르 싱,싱
118604,A. Hayden,아론 에드워드-조지 헤이든,헤이든
118669,J. Cawley,잭 칼리,칼리
118689,L. Ndlovu,리느도쿠흐레 느드로부,느드로부
118769,G. Dean,가레스 딘,딘
118773,S. Byrne,셰인 윌리엄 번,번
118774,M. Lowe,맷 로,로
118954,M. Beran,미흐아르 베라느,베라느
118975,J. Senior,조엘 세니어,세니어
119002,J. Tolkin,지오흐느 마이클 토르키느,토르키느
119028,N. Demchenko,니키타 데므치에느코,데므치에느코
119086,Ronan Hale,로나느 흐아레,흐아레
119089,O. Perianu,오비디우 이오아느 페리아누,페리아누
119111,A. Bettaieb,아데르 베트타이에브,베트타이에브
119121,T. Hume,트라이 흄,흄
119128,G. Caballero,구스타보 카바예로,카바예로
119132,L. Rivas,레오나르도 리바스,리바스
119193,L. Olivas,루이스 아레ㅎ아느드로 오리바스 사르케도,오리바스
119213,Alfon González,아르포느소 고느사레스 마르티네스,고느사레스
119278,M. Ștefănescu,마리우스 스테판에스쿠,스테판에스쿠
119690,V. Postolachi,비르기리우 포스토라키이,포스토라키이
119762,K. Piątkowski,카밀 피옹트코프스키,피옹트코프스키
119795,G. Kochorashvili,조르기 코초라슈빌리,코초라슈빌리
119818,F. Ravizzoli,프랑코 나우엘 라비졸리,라비졸리
119853,M. Diaw,모리 디아우,디아우
119860,J. Valverde,ㅎ에프리 안토니오 바르베르데 로ㅎ아스,바르베르데
119929,D. Orsi,다닐로 오르시,오르시
119945,T. Mullarkey,토비아스 뮬라키,뮬라키
119948,C. Hall,코너 홀,홀
119957,D. Longe-King,데이비드 에니탄 다밀로라 롱킹,롱킹
119966,Y. Annor,이아우 아느노르,아느노르
122094,C. Bishop,콜비 데이비드 비숍,비숍
122108,T. Allen,테일러 앨런,앨런
122420,Ahmad Ersan,아흐마드 에르산 모하마드 함두니,함두니
122421,M. Badamosi,무흐아므메드 크라이 바다모시,크라이
122428,K. Kangwa,킹스 캉과,캉과
122491,M. Cantave,미카엘 가브리엘 캉타브,캉타브
122688,Matheus Aiás,마테우스 아이아스 바로조 로드리게스,아이아스
122703,J. Elitim,ㅎ우에르헤느 파리드 에리티므 세푸르베다,에리티므
122734,Ferran Jutglà,페란 후틀라 블란치,블란치
122737,S. Chakla,수피아네 치아크라 므리우에드,치아크라
122956,Diego Conde,디에고 콘데 알콜라도,콘데
123038,Víctor Villacañas,빅토르 비이아카니아스 모라레스,비이아카니아스
123437,D. Sanderson,다니엘 레오나르드 샌더슨,샌더슨
123468,M. Keller,마빈 켈러,켈러
123469,Z. Amdouni,제키 암두니,암두니
123528,Mustafa Nadhim,무스타파 나딤 자리 알 샤바니,무스타파 나딤
123530,Mahmoud Al Mardi,마흐무드 나이에프 아흐마드 알 마르디,알 마르디
123562,J. Donawa,저스틴 도나와,도나와
123610,T. Gale,티에리 미카엘 게일,게일
123675,T. Klidje,티보르트 크리드주에,크리드주에
123742,J. Duverger,조수에 두베르제,두베르제
123759,Hugo Souza,우고 데 소우자 노게이라,소우자
123802,Fahad Talib,파하드 탈리브,탈리브
124093,T. Orebonye,투미사응 오레보니에,오레보니에
124145,F. Mohammed,아브두르 파타우우 모하메드,파타우우
124149,E. Lomotey,에므마누에르 아드도쿠아이에 로모테이,아드도쿠아이에
124150,J. Esso,지오세프 에스소,에스소
124154,J. Addo,지오세프 아드도,아드도
124613,E. Cəfərquliyev,엘빈 자파르굴리예프,자파르굴리예프
125171,J. Stanišić,요시프 스타니시치,스타니시치
125173,J. Adamu,주니어 츄크부이케 아다무,주니어 아다무
125201,C. Badolo,케드리크 바도로,바도로
125214,J. Córdoba,호세 파브로 코르도바 페레스,코르도바
125408,A. Țîrlea,아레크사느드루 미르체아 티르레아,티르레아
125418,Y. Konoplya,이우흐이므 코노프리아,코노프리아
125419,O. Kashchuk,올렉시 카슈크,카슈크
125543,J. Edwards,지오슈우아 에두아르드스,에두아르드스
125618,M. Karbownik,미치아우 카르보프니크,카르보프니크
125674,J. Cabal,후안 다비드 카발 무릴로,카발
125675,B. Fiabema,브리아느 소르흐아우그 피아베마,소르흐아우그
125705,T. Perry,테일러 페리,페리
125708,U. Bislimi,우라느 비스리미,비스리미
125715,F. Daniliuc,플라비우스 다닐리우크,다닐리우크
125743,Beto,베토,베토
125750,I. Tabatadze,이우리 타바타즈에,타바타즈에
126314,I. Ćalušić,이바느 츠아루시츠,츠아루시츠
126448,Þ. Úlfarsson,토르라이푸르 우르파르스소느,우르파르스소느
126530,Daniel Peretz,다니엘 페레츠,페레츠
126564,M. Kna&apos;an,모흐아므마드 크나아느,크나아느
126630,M. Talovierov,막심 탈로비에로프,탈로비에로프
126640,D. Affengruber,다비드 아펜그루버,아펜그루버
126642,P. Wimmer,파트리크 비머,비머
126690,K. Bowie,키라느 보우이,보우이
126701,H. Layous,흐이시아므 라이우스,라이우스
126751,K. Álvarez,케빈 알바레스,알바레스
126789,D. Ajiboye,데이비드 이부쿤 아지보예,아지보예
126791,N. Broadhead,네이선 브로드헤드,브로드헤드
126872,S. Silvera,사무엘 마일스 실베라,실베라
126876,X. Amaechi,자비에르 카스미에르 아메치,아메치
126892,D. Bîrligea,조지 다니엘 비를리게아,비를리게아
126896,B. Mrozek,바르토시 모로제크,모로제크
126899,Z. Sanusi,자이두 사누시,사누시
126901,Bruno Langa,브루누 랑가,랑가
126936,Samuel Lino,사무엘 리누,리누
126949,C. Richards,크리스 리처즈,리처즈
126960,R. Levy,로이 레비,레비
126968,M. Kamaheni,모느타리 카마흐에니,카마흐에니
126969,O. Davida,오셔 다비다,오셔
127011,A. Cambiaso,안드레아 캄비아소,캄비아소
127109,R. Hutton,레메아오 허튼,허튼
127110,R. Crichlow-Noble,로모니 크리치로우-노블,노블
127118,T. Ashby-Hammond,타예 애쉬비-해몬드,애쉬비-해몬드
127119,B. Jackson,벤 조셉 잭슨,잭슨
127122,J. Lewis,조 루이스,루이스
127124,Oliver Greaves,올리버 그리브스,그리브스
127155,J. Sims,잭 심스,심스
127158,H. Saunders,하비 소더스,소더스
127203,A. Dobra,아르만도 도브라,도브라
127206,J. Walsh,조셉 앤서니 월쉬,월쉬
127207,F. Blake-Tracy,프레이저 존 블레이크-트레이시,블레이크-트레이시
127213,A. Senior,아담 니콜라스 세니어,세니어
127227,I. Reyes,이스라엘 레예스 로메로,레예스
127369,G. Johnston,조지 존스턴,존스턴
127409,D. Carson,데이비드 카슨,카슨
127414,A. Ait El Hadj,아드리안 아이트 엘 하지,아이트 엘 하지
127417,M. Kana,마르코 카나,카나
127418,K. Sardella,키르리아느 사르데르라,사르데르라
127442,H. Erkinov,호지마트 에르키노프,에르키노프
127470,T. Dele-Bashiru,아요토미와 셰리프 델레-바시루,델레-바시루
127472,N. Phillips,나타니엘 해리 필립스,필립스
127551,J. Vicario,자론 비카리오,비카리오
127579,J. Greaves,제이콥 그리브스,그리브스
127596,L. Balaj,리리돈 바라이,바라이
127609,L. Mercan,뮌리르 레벤트 메르칸,메르칸
127657,B. Nagy,바르나바스 사보르치 나지,나지
127769,Gabriel Martinelli,가브리엘 마르티넬리,마르티넬리
127803,S. El Karouani,수피안 엘 카로아니,카로아니
127817,P. Hincapié,피에로 인카피에,인카피에
127843,K. Ofori,케르비느 오포리,오포리
127938,V. Polito,비느체느즈오 포리토,포리토
128114,R. O&apos;Kane,리아느 오카네,오카네
128288,D. Hall,덴젤 할,할
128338,W. Coulibaly,우오이오 쿠리바리,쿠리바리
128359,L. Mikić,레오 미키치,미키치
128382,Á. Quiñones,앙헬 이에시드 토르레스 키니오네스,토르레스
128384,Vitinha,비티냐,비티냐
128385,Gonçalo Borges,곤살로 오스카 알부케르크 보르제스,보르제스
128398,Oihan Sancet,오이안 산세트,산세트
128413,R. Adebisi,리오 아데소라 프레데리크크 아데비시,아데비시
128445,R. Jureškin,로코 이우레스키느,이우레스키느
128446,M. Trnovský,마르틴 트르노브스키,트르노브스키
128461,N. Zortea,나디르 조르테아,나디르
128478,W. Cheddira,왈리드 셰디라,셰디라
128496,D. Zelenkovs,드미트리이스 즈에레느코브스,즈에레느코브스
128533,J. Leweling,제이미 르웰링,르웰링
128597,R. Adamski,라파우 아다므스키,아다므스키
128640,M. Kochalski,마테우시 코할스키,코할스키
128762,M. Woledzi,마크수에르르 우오레드즈이,우오레드즈이
128765,S. Tengstedt,스ø레느 ø스테르가아르드 테느그스테드트,ø스테르가아르드
128766,L. Deedson,루시우스 돈 따브슨,따브슨
128768,J. Markovič,야쿱 마르코비치,마르코비치
128772,D. Zima,다비트 지마,지마
128773,T. Zlatohlávek,토마스 즈라토흐라베크,즈라토흐라베크
128793,D. Jurásek,다비드 유라셀,유라셀
128853,D. Köhn,데릭 아서 컨,컨
128895,O. Sonne,올리버 손네,손네
128900,Adamu Ibrahim Alhassan,아다무 이브라흐이므 아르흐아스사느,아르흐아스사느
128928,E. Uzunhan,에므레지아느 우즈우느흐아느,우즈우느흐아느
128955,C. Keles,캄일 켈레스,켈레스
128985,Iker Losada,이케르 로사다,로사다
128987,S. Abdul Samed,살리스 압둘 사메드,사메드
129033,J. Gvardiol,요슈코 그바르디올,그바르디올
129047,R. Zerrouki,라미즈 제루키,제루키
129049,R. Roosken,루벤 루스켄,루스켄
129058,B. Verbruggen,바르트 페르브뤼헌,페르브뤼헌
129072,Y. Vertessen,요르베 베르테센,베르테센
129097,H. Knibbs,하비 앤드류 니브스,니브스
129103,F. Szymczak,필리프 심차크,심차크
129126,A. Bertaccini,아드리아노 베르타크키니,베르타크키니
129142,I. Gruev,일리아 일리에프 그루에프,그루에프
129169,A. Zaroury,아나스 자루리,자루리
129635,I. Cissé,이브라이므 키스세,키스세
129641,M. Kelly,마이클 켈리,켈리
129643,E. Ferguson,에반 퍼거슨,퍼거슨
129646,D. Power,다라 파워,파워
129670,N. Mbuku,나타나엘 음부쿠,음부쿠
129672,T. Vermot,토마스 베르모트,베르모트
129674,E. Damergy,에리아스 이메드 다메르기,다메르기
129676,P. Yade,파파 느디아가 이아데,이아데
129678,A. Ounahi,아제딘 우나히,우나히
129681,A. Rouault,아느토니 루오르트,루오르트
129682,A. Adli,아민 아들리,아들리
129695,D. Bakwa,딜라네 박와,박와
129701,Armando Quitirna,아르만도 퀴티르나,퀴티르나
129702,T. Rushesha,티본게 루세샤,루세샤
129705,L. Ashby-Hammond,루카 애쉬비-해몬드,애쉬비-해몬드
129707,T. Francois,테이러스 제이 프랑수아,프랑수아
129708,L. Sibley,루이 조셉 시블리,시블리
129709,M. Whittaker,모건 휘태커,휘태커
129711,B. Johnson,브랜든 존슨,존슨
129713,M. Jacob,매튜 제임스 제이콥,제이콥
129716,G. Bajrami,제랄도 바이라미,바이라미
129718,J. Bellingham,주드 벨링엄,벨링엄
129720,R. Stirk,라이언 스티르크,스티르크
129721,C. Boyd-Munce,캐런 스티븐 보이드-문스,보이드-문스
129722,J. Armer,잭 아머,아머
129723,J. Rankin-Costello,조셉 스콧 랭킨-코스텔로,랭킨-코스텔로
129724,Z. Hemming,자카리 헤밍,헤밍
129725,S. Wearne,스티븐 크리스토퍼 웨언,웨언
129726,R. Edmonds-Green,라르마니 리버 미겔 조셉 에드몬즈-그린,에드몬즈-그린
129788,C. Brym,치아르레스-안드레아스 브리므,브리므
129791,Fábio Silva,파비우 시우바,시우바
129792,Simão Rocha,시므앙 페드루 디아스 로치아,디아스
129885,A. Soñora,아라느 소노라,소노라
129915,K. Berkoe,케빈 나나 야우 버코,버코
129918,M. Sorinola,매튜 알렉산더 소리놀라,소리놀라
129919,J. Bird,지아이 그레고리 마이소느 비르드,마이소느
129931,E. Lara,에미리오 라라 코느트레라스,라라
129943,V. Guzmán,빅토르 안드레스 구즈만 올메도,구즈만
129964,Busanello,가브리엘 부사넬로,부사넬로
130148,M. Corbu,마리우스 두미트루 코르부,두미트루
130231,D. Hayashi,하야시 다이치,다이치
130256,André Franco,아느드레 피리페 루스소 프라느코,루스소
130262,Afonso Sousa,안톨로 가멜라스 데 핀요 소우사,소우사
130416,G. Kilkenny,가빈 킬케니,킬케니
130417,A. Idah,애덤 우치에 이다흐,이다흐
130420,J. Vokins,제이크 보킨스,보킨스
130421,W. Smallbone,우이르리아므 아느스오니 파트리크크 스마르르보네,스마르르보네
130423,B. Gilmour,빌리 길모어,길모어
130849,G. Horton,그라느트 데아느 흐오르토느,흐오르토느
130856,H. Kyprianou,헥터 매튜 키프리아누,키프리아누
130860,I. Bakare,이브라힘 바카레,바카레
130861,G. Tanner,조지 타너,타너
130863,D. Collinge,다니엘 제임스 콜링,콜링
130865,L. Fernandez,루이스 페르난데스,페르난데스
130881,M. Bragaru,마크시므 브라가루,브라가루
130955,Brad Young,브래드 영,영
131258,T. Devlin,테리 데블린,데블린
131292,M. Gjorgjievski,마르코 기오르기이브스키,기오르기이브스키
131294,Y. Demir,유수프 데미르,데미르
131309,N. Žugelj,니노 즈우게류,즈우게류
131343,M. Zabukovnik,마르크 즈아부코브니크,즈아부코브니크
131503,S. Kvile,시구르드 크비레,크비레
131516,S. Zuberu,샤라니 주베루,주베루
131538,Son,프란시스코 자비에르 이달고 고메스,고메스
131740,I. Mbaye,이브라히마 음바예,음바예
133124,G. Turi,게자 다비드 투리,투리
133185,J. Cardoso,조니 카르도주,카르도주
133199,D. Burns,다라 버른스,버른스
133391,S. Eraković,스트라히냐 에라코비치,에라코비치
133403,N. Stojić,네마냐 스토이치,스토이치
133406,J. Stanojev,주그 스타노예프,스타노예프
133444,M. Vukotić,미라느 부코티츠,부코티츠
133453,Borja Sainz,보르하 사인스 에구스키자,에구스키자
133602,S. Sigurðarson,스테파느 이느기 시구르다르소느,시구르다르소느
133609,Pedri,페드리,페드리
133631,R. Taylor,리치아르드 아키느포라리느 타이로르,아키느포라리느
133634,K. Poku,쿠아메 아프리이이 아두보푸르 포쿠,포쿠
133916,A. Heggebø,아우네 셀란드 헤게브,헤게브
133992,L. Hoole,루카 안소니 후울,후울
134058,M. Qurbanlı,무사 꾸르반리,꾸르반리
134217,M. Mohebi,모함마드 모헤비,모헤비
134219,M. Tikdarinejad,메흐디 티크다리네지아드,티크다리네지아드
134320,Leandro Andrade,레안드로 안드라데,안드라데
134428,B. Chrisene,벤자민 조슈아 크리신,크리신
134431,L. Pirola,로렌조 피롤라,피롤라
134458,G. Torrilla,그라에메 레에 토르리르라,레에
134590,O. Aydın,오구즈 아이딘,아이딘
134605,J. Roles,잭 롤스,롤스
134611,Mohammed Emad Aiash,모하메드 이마드 오마르 아이애쉬,아이애쉬
134618,Owen Taylor,오우에느 타이로르,타이로르
134756,N. Kasanwirjo,네라이슈오 메리트치이오 카사누이리오,카사누이리오
134926,D. Maldini,다니엘 말디니,말디니
134995,Nawaf Boushal,나와프 마샤리 압둘라만 부샬,나와프 부샬
135054,M. Zemba,케드리크 마르티아르 즈에므바 이쿠느그,즈에므바
135059,A. Ben Hmida,모하메드 아미네 베느 흐미다,베느
135068,E. Agbadou,에마뉘엘 아그바두,아그바두
135099,Marcus Lemar Ifill,마커스 레마르 이필,이필
135138,Boubacar Haïnikoye Soumana,부바카르 아이니코이에 수마나,아이니코이에
135148,P. Sequeira,파트리크 세케이라,세케이라
135273,D. Šturm,다니이에르 스투르므,스투르므
135323,K. Patten,케에나느 파트테느,파트테느
135334,S. Bueno,산티아고 이그나시오 부에노 시우토,부에노
135341,Meshal Sibyani,메샬 시비아니 알리 카이랄라,알 시비아니
135385,David Castro,다비드 카스트로 파소스,카스트로
135494,A. Fică,아리느 라즈바느 피카,피카
135505,S. Dahl,사무엘 달,달
135515,J. Karlsson,올로프 요한 안드레아스 칼슨,칼슨
135523,T. Dixon-Hodge,토미 딕슨-호지,딕슨-호지
135525,C. Ramsay,캘빈 램지,램지
135545,L. Bonis,리 보니스,보니스
135749,Félix Correia,펠릭스 알렉산드르 안드라데 산체스 코레이아,코레이아
135775,Ansu Fati,안수 파티,파티
135836,Y. Attiat-Allah,야히야 아티아트 알라 엘 이드리시,이드리시
135839,G. Vagiannidis,게오르기오스 바이아니디스,바이아니디스
135883,R. Hendriks,라몬 헨드릭스,라몬
135964,M. Burch,마르코 부르흐,부르흐
135965,D. Males,다리안 말레스,말레스
136016,H. Rafia,함자 라피아,라피아
136060,R. Oyndamola,라비우 리리우아느 오이느다모라,오이느다모라
136097,E. Rodríguez,에메르소느 리바르도 로드리구에스 바로이스,로드리구에스
136117,Rodrigo Riquelme,로드리고 리켈메,리켈메
136139,O. Blorian,오르 브로리아느,브로리아느
136503,Salah Zakaria,살라 자카리아,자카리아
136723,N. Madueke,노니 마두에케,마두에케
136850,Y. Salmani,이아시느 사르마니,사르마니
136880,Saleh Hardani,살레 하르다니,하르다니
137071,O. Tanner,올리 타너,타너
137072,N. Serafimov,니코라 세라피모브,세라피모브
137129,A. Aouchiche,아딜 아우치체,아우치체
137131,C. Rösler,콜린 뢰슬러,뢰슬러
137210,A. Stiller,안젤로 슈틸러,슈틸러
137220,A. Moran,아느드레우 모라느,모라느
137223,J. Opoku,제롬 오세 오포쿠,오포쿠
137225,C. Grant,코너 마이클 그랜트,그랜트
137229,A. Odimayo,아킨왈 조셉 오디마요,오디마요
137230,E. Coleman,이단 콜먼,콜먼
137296,Kwon Hyeok-Kyu,혁규 권,권
137299,Lewis Mark Richardson,루이스 마크 리처드슨,리처드슨
137300,H. Roberts,헤이든 카메론 로버츠,로버츠
137301,A. Cochrane,알렉산더 윌리엄 코크레인,코크레인
137302,C. Archer,캐머런 데즈먼드 아처,아처
137303,E. Guessand,에반 게상,게상
137349,G. Mohutsiwa,가페 모흐우츠이우아,모흐우츠이우아
137384,T. Chukwuani,토치 필 츄크와니,츄크와니
137403,A. Muja,아르브노르 무야,무야
137470,A. Ellingsgaard,아로느 이아르느스코르 에르리느그스가아르드,이아르느스코르
137483,T. O&apos;Connor,토마스 지아메스 오코느노르,오코느노르
137521,Z. Ahmed,즈아흐이 아흐메드,아흐메드
137531,I. Shahar,이도 샤하르,샤하르
137621,C. Araújo,아라우호,아라우호
137721,G. Lagerbielke,구스타프 요한 라겔비엘케,라겔비엘케
137837,V. Edvardsen,빅토르 치이 에드바르센,에드바르센
137976,I. Hien,이삭 히엔,히엔
137977,M. Traoré,마이 트라오레,트라오레
138237,S. Robertson,스콧 로버트슨,로버트슨
138268,L. Jamieson,레우이스 지아미소느,지아미소느
138307,R. Hendry,리건 헨드리,헨드리
138415,K. Wright,키런 라이트,라이트
138417,N. Patterson,네이선 패터슨,패터슨
138422,J. Maxwell,제임스 맥스웰,맥스웰
138423,A. Lowry,알렉산더 로우리,로우리
138460,C. Barron,코너 클락 바론,바론
138524,R. Paton,루아리 페이튼,페이튼
138753,O. Edvardsen,오이 에드바르센,에드바르센
138775,E. Laird,에단 벤자민 레어드,레어드
138776,L. Ramazani,라지 라마자니,라마자니
138779,C. Brown,찰리 다니엘 브라운,브라운
138780,N. Williams,네코 윌리엄스,윌리엄스
138783,Z. Swanson,자카리 스완슨,스완슨
138786,E. Simms,엘리스 레코 심스,심스
138787,A. Gordon,앤서니 고든,고든
138790,R. Longman,라이언 제임스 롱만,롱만
138791,A. Davies,아치 다니엘 데이비스,데이비스
138792,B. Radulović,보잔 라둘로비치 사무코비치,라둘로비치
138793,H. White,하비 화이트,화이트
138796,R. Longelo-Mbule,로세르 롱게로-무불,롱게로-무불
138797,W. Hondermarck,윌리엄 음본고 데자이어 혼데르마크,혼데르마크
138799,J. Martin,조슈아 솔 마틴,마틴
138804,M. Kovář,마테이 코바르시,코바르시
138805,L. O&apos;Connor,리 패트릭 오코너,오코너
138806,B. Williams,브랜든 윌리엄스,윌리엄스
138807,D. Bernard,디슈오느 지오에르 베르나르드,베르나르드
138814,E. Galbraith,이단 스튜어트 윌리엄 갤브레이스,갤브레이스
138815,T. Lamptey,타리크 램프티,램프티
138816,I. Maatsen,이안 마트센,마트센
138818,C. Mola,클린턴 레메르 모라,모라
138822,A. Broja,아르만도 브로하,브로하
138826,A. Lewis,아담 토마스 루이스,루이스
138829,E. Dixon-Bonner,일라이야 말릭 딕슨-보너,딕슨-보너
138832,B. Winterbottom,벤자민 해리 윈터보텀,윈터보텀
138834,J. Olowu,조셉 올루구엔가 올로우,올로우
138835,F. Balogun,폴라린 발로건,발로건
138836,H. Clarke,흐아르리소느 토마스 크라르케,크라르케
138844,H. Tyrer,해리 알프레드 티어러,티어러
138847,N. Markelo,나탄젤로 알렉산드로 마르켈로,마르켈로
138848,H. Charsley,흐에느리 우이르리아므 지아메스 치아르스레이,치아르스레이
138849,K. John,카일 알렉스 존,존
138853,J. Anderson,지오세프 우이르리아므 아느데르소느,아느데르소느
138857,J. Bycroft,잭 바이크로프트,바이크로프트
138859,C. Klarer,크리스토프 클라러,클라러
138864,K. Chauke,크가오겔로 차우케,차우케
138869,O. Wright,올리버 레논 조지 라이트,라이트
138876,D. Cashman,다느니 치리스토페르 카슈마느,카슈마느
138880,A. Desbois,아담 데스보이스,데스보이스
138884,E. Khouri,에반 마리리 쿠리,쿠리
138892,S. Tracey,슈이로우 에스아느 트라케이,트라케이
138893,D. Markanday,딜란 쿠마르 마컨데이,마컨데이
138896,P. Patterson,피닉스 맥클라렌 패터슨,패터슨
138901,E. Thorpe,엘리엇 모건 소프,소프
138904,O. Bailey,오웬 존 에드워드 베일리,베일리
138906,J. White,조 피터 화이트,화이트
138908,E. Anderson,엘리엇 앤더슨,앤더슨
138918,T. Goodrham,타일러 찰리 구드람,구드람
138920,N. Khumbeni,넬슨 쿰베니,쿰베니
138929,L. Brunt,루이스 브런트,브런트
138930,T. Wright,타이릭 사무엘 라이트,라이트
138931,J. Philogene,제이든 필로제네-비데이스,필로제네
138934,A. Pressley,아론 알렉스 프레슬리,프레슬리
138935,C. Chukwuemeka,카니 추쿠에메카,추쿠에메카
138937,F. Marschall,필립 마샬,마샬
139632,Pashang Abdulla,파샹 압둘라,파샹 압둘라
139637,M. Simba,무느가 아루타 시므바,아루타
139709,Amar Muhsin,아마르 무신,아마르 무신
140589,Edward Ledlum,에두아르드 레드루므,레드루므
140607,Yazid Abu Layla,야지드 아부 라일라,아부 라일라
140608,Yousef Abu Al Jazar,요세프 아부 알 자자르,알 자자르
140609,Noor Al Rawabdeh,누르 알 라우압데,알 라우압데
140665,S. Duke-McKenna,스티븐 윈스턴 더크-맥케나,더크-맥케나
140747,Ibraheem Bayesh,이브라힘 바예시 카밀 알 카바위,이브라힘 바예시
140847,E. Colley,에브리마 콜리,콜리
140930,Ali Kadhim Hadi,알리 카딤 하디 알 아르다위,알리 하디
140947,I. Kaboré,이사 카보레,카보레
141133,A. Alese,아지이보라 아포라리느,아포라리느
141155,D. Campillo,디에고 캄피요 델 캄포,캄피요
141579,André Duarte,아느드레 루레느소 두아르테,루레느소
141901,Jota Silva,조아 페드로 페레이라 실바,실바
142016,João Paulo,주앙 파울루 다 시우바,시우바
142484,Leonardo Lelo,레오나르도 렐로,렐로
142620,Jorginho,조르지 루이스 프렐루,프렐루
142691,Alexsandro Ribeiro,알렉산드로 빅토르 데 소우자 리베이로,리베이로
142959,K. Aktürkoğlu,케렘 악튀르코을루,악튀르코을루
144021,M. Tijani,무흐아메드 티지아니,티지아니
144708,D. Jefferies,도미니크 지에프페리스,지에프페리스
144709,J. Anang,조셉 테테 아낭,아낭
144713,A. Scully,안토니 리차드 스컬리,스컬리
144725,K. Simon-Swyer,카마라이 시모느-수이에르,시모느-수이에르
144727,N. Ogbeta,나타넬 오프타,오프타
144729,T. Harwood-Bellis,테일러 제이 하우드-벨리스,하우드-벨리스
144730,A. Dionkou,아르파 리슈아르드 디우느쿠 테카뉴에,디우느쿠
144732,T. Doyle,토마스 글린 도일,도일
144733,B. Knight,벤자민 레오 나이트,나이트
144739,L. Fiorini,루이스 폴 피오리니,피오리니
144741,L. Moulden,루이 몰든,몰든
144742,T. Wilson,타이리크 윌슨,윌슨
144879,M. Benabid,마흐디 베나비드,베나비드
145057,K. Karataş,카즈으므지아느 카라타슈,카라타슈
145060,S. Ngapandouetnbu,시몽 은가판두에튼부,은가판두에튼부
145465,Hussein Ali,후세인 알리,알리
145479,J. Boyamba,요오세프 보이아므바,보이아므바
145538,J. Latibeaudiere,조엘 오웬 라티보디에르,라티보디에르
145768,R. Hansen,라니 흐아느세느,흐아느세느
145953,E. Kornvig,에밀 네스트베드 코른비그,코른비그
146008,M. Cham,무하메드 챔 사라체비치,챔
146038,Óla Kristian Skála Jacobsen,오라 크리스티아느 스카라 이아코브세느,이아코브세느
146312,J. Bickerstaff,제이콥 빅커스타프,빅커스타프
146316,M. Cleworth,막스 조지 클레워스,클레워스
146325,A. Pepple,아리부시타무노이피림 에마뉴엘 뻘플,뻘플
146509,Park Seung-Wook,박승욱,박승욱
146586,J. Fujita,후지타 조엘 치마,치마
146740,G. Naoum,이오르고스 나우므,나우므
146771,M. Hrimat,모하메드 라비 흐리마트,흐리마트
146823,Z. Drouich,즈아카리아 드루이치,드루이치
146825,A. Madkour,아브데리라흐 마드쿠르,마드쿠르
147473,Iain Penwright,아이안 펜라이트,펜라이트
147812,Ayman Yahya,아이만 야히야 살렘 아흐마드,야히야
147831,A. Kalimuendo,아드리안 칼리무엔도,칼리무엔도
147832,G. Yahyai,가스사느 아흐아드메 이아흐이아이,이아흐이아이
147859,C. De Ketelaere,샤를 드 케텔라에,케텔라에
147911,A. Lúðvíksson,아느토느 로기 루드비크스소느,루드비크스소느
148099,K. Dewsbury-Hall,키어넌 듀스버리홀,듀스버리홀
148100,J. Lawrence-Gabriel,조던 제이 로렌스-가브리엘,로렌스-가브리엘
148342,G. Kobylak,가브리엘 코비라크,코비라크
148351,Ł. Łakomy,우우카슈 우아코미,우아코미
148858,Tag Eldin Ibrahim,타그 아브데르,아브데르
148881,Mohamed Abdelrahman,모하메드 아브데르라흐마느 이우시프 이아구브,이우시프
149550,J. Tanganga,자페 탕강가,탕강가
149552,C. McJannet,캐머런 맥잔넷,맥잔넷
149557,K. Paredes,케빈 알렉산더 파레데스,파레데스
149564,L. Cundle,루크 제임스 컨들,컨들
150783,Á. Szendrei,아코스 세느드라이,세느드라이
151250,A. Abbas,아흐마드 아딜 아바스,아바스
151510,O. Didrik Blomberg,오스카 블롬베리,블롬베리
151566,S. Kartum,사느데르 에리크 카르투므,카르투므
151752,W. O&apos;Hora,우아르레느 파트리크크 오흐오라,오흐오라
151754,L. Clarkson,라이그토느 오우에느 크라르크소느,오우에느
151756,W. Dennis,윌리엄 조나단 데니스,데니스
151797,K. Abramović,카르로 아브라모비츠,아브라모비츠
152497,S. Bouhra,사이프-에드디네 부흐라,부흐라
152627,K. Pojezný,카레르 포이에즈니,포이에즈니
152637,A. Fofana,아다마 포파나,포파나
152654,J. Frimpong,제레미 프림퐁,프림퐁
152669,D. Yongwa,다르리느 즈이다네 이오느구아 느가메니,이오느구아
152670,D. Shpakovskiy,데니스 시파코브스키이,시파코브스키이
152696,J. Matete,지아이 마테테,마테테
152697,C. Johnston,칼 로버트 존스턴,존스턴
152698,S. Morris,슈아이데느 지에르마이네 모르리스,모르리스
152699,K. Baah,콰드우 케레메메 바아,바아
152786,A. Ćirković,알렉산다르 치르코비치,치르코비치
152849,M. van de Ven,미키 판더펜,판더펜
152856,Evanilson,에바니우송,에바니우송
152931,B. Zapelli,브루노 자펠리,자펠리
152946,J. Russell,조나단 에드워드 러셀,러셀
152947,T. Taylor,테렌스 찰스 테일러,테일러
152948,C. Wright,캘럼 라이트,라이트
152949,D. Simeu,디네르 브로우느 케므보 시메우,케므보
152950,T. Ballo,티에르노 발로,발로
152952,X. Simons,자비에르 레비 시몬스,시몬스
152953,L. Colwill,리바이 콜윌,콜윌
152957,L. Richards,레우이스 파우르 지이므미 리치아르드스,리치아르드스
152966,J. Pardington,제임스 파딩턴,파딩턴
152967,C. Bassey,칼빈 바시,바시
152969,L. Thomas,루크 조나단 토마스,토마스
152970,J. Stolarczyk,야쿱 스톨라치크,스톨라치크
152971,V. Campbell,본태 제이슨 데일리-캠프벨,캠프벨
152976,Thomas Daniel Hill,토마스 다니엘 힐,힐
152977,L. Stewart,라이토느 르흐이스 스테우아르트,스테우아르트
152979,James Barry Norris,지아메스 바르리 노르리스,노르리스
152982,C. Palmer,콜 파머,파머
153066,Fábio Carvalho,파비우 카르발류,카르발류
153076,Terrell Evieoghene Oluwatoby Egbri,테렐 에비오게네 올라토비 에그브리,에그브리
153083,E. Martínez,마르티네스,마르티네스
153287,T. Raemaekers,툰 라메이커스,라메이커스
153290,Víctor Gómez,빅토르 고메스 페레아,고메스
153321,T. Seko,세코 다쓰키,다쓰키
153384,D. Aparicio,다니엘 아파리시오 야콥스,야콥스
153397,K. Ledwidge,카메로느 마르코르므 레두이드게,레두이드게
153402,J. Harris,제이든 존-로이드 해리스,해리스
153410,Z. Asare,지코 쿠쿠 아사레,아사레
153411,C. Drameh,코디 캘럼 피에르 드라메,드라메
153419,R. De Havilland,리아느 지아메스 흐아비르라느드,흐아비르라느드
153420,G. Wickens,조지 알렉산더 윅컨스,윅컨스
153422,E. Brierley,이단 크레이그 브라일리,브라일리
153424,L. Gibson,루이스 깁슨,깁슨
153425,L. Dobbin,루이스 도빈,도빈
153429,T. Mengi,테덴 맘부에네 멩기,멩기
153430,A. Elanga,안토니 엘랑가,엘랑가
153431,M. Helm,마크 헬름,헬름
153434,W. Fish,윌리엄 토마스 피쉬,피쉬
153435,C. McCann,치아르리 리아므 므크카느느,므크카느느
153465,N. Gioacchini,니치오라스 세르소느 기오아크치이니,세르소느
153603,A. Toure,흐아스사느 투레,투레
153622,K. Trewin,카이 클리프턴 트레윈,트레윈
153626,R. Borges Rodrigues,라파엘 보르제스 로드리게스,로드리게스
153645,K. Yengi,쿠시니 옝기,옝기
153652,Abdallah Mohannad,압달라 모하낫 압델 라만 알 아타르,알 아타르
154737,Ryan Teague,라이언 티그,티그
154742,M. Pantović,밀로시 판토비치,판토비치
154765,Mohammed Qasim,모함메드 카심 마지드,마지드
154767,Mohanad Ali Kadhim,모하나드 알리 카딤,모하나드 알리
154769,Muaid El Lafi,무아이드 사레므 아리,아리
154803,L. Simper,루이스 심퍼,심퍼
154806,L. Watson,루이 션 왓슨,왓슨
154807,Daniel Chesters,다니엘 체스터스,체스터스
154817,H. Sohna,해리 소나,소나
154839,Geny Catamo,지니 카타모,카타모
154845,M. Rush,매튜 토마스 러쉬,러쉬
154864,R. Neshcheret,루슬란 네슈렛,네슈렛
154868,J. Zimmerman,조슈아 앤써니 짐머만,짐머만
154896,B. Sheji,브레르토느 시에지이,시에지이
155131,B. Garrity,벤자민 매튜 가리티,가리티
155212,D. Morse,딜런 모스,모스
155408,M. Curley,맷 컬리,컬리
156160,J. Mendy,제이컵 멘디,멘디
156192,I. Yuldoshev,이브로힘할릴 윌도셵,윌도셵
156428,B. Austin,브랜던 오스틴,오스틴
156477,R. Cherki,라얀 셰르키,셰르키
156490,N. Nkounkou,니르스 파트리크크 느쿠느쿠,느쿠느쿠
156536,M. Hansen,마즈 크리스티안 한센,한센
156735,Ricardo Flisberto Dinanga,리카르도 프리스베르토 디나느가,디나느가
156817,D. Creaney,다니엘 제임스 크리니,크리니
156998,D. van den Berg,다비 반 덴 베르흐,반 덴 베르흐
157022,J. Davison,조슈아 데이비슨,데이비슨
157026,O. Tamás,오리베르 타마스,타마스
157032,D. Martin,단 마틴,마틴
157052,R. Calafiori,리카르도 칼라피오리,칼라피오리
157062,J. Efala,주에아느 에파라 코므구에프,에파라
157070,I. Abba,이브라이므 아브바,아브바
157076,T. Bawak,토마스 에트타 바우아크,에트타
157084,Lambert Gueme Araina,라므베르트 구에메 아레나,아레나
157086,S. Marou,수아이부 마루,마루
157148,Pedro Bicalho,페드로 엔리케 로드리게스 비칼료,비칼료
157191,L. Rexhepi,로이트림 레제피,레제피
157264,M. Rale,마티아스 라레,라레
157893,A. Camara,아기부 카마라,카마라
157988,Sergio Carreira,세르지오 카레이라 비라리뇨,카레이라
157997,A. Diallo,아부바카르 디알로,디알로
158053,A. Azhil,아이마느 아즈흐이르,아즈흐이르
158054,N. Woltemade,니콜라이 볼테마데,볼테마데
158065,Tiago Gouveia,티 고베이아,고베이아
158121,I. Jakobs,이스마일 야콥스,야콥스
158155,A. Posiadała,아르베르트 포시아다우아,포시아다우아
158378,E. Barrenechea,엔소 바레네체아,바레네체아
158432,C. Campbell,켐 캠벨,캠벨
158433,S. Sithole,스페펠로 시톨레,시톨레
158447,K. Fesyun,키리로 페시우느,페시우느
158532,J. Fischer,지오나트흐아느 프로스트 피슈에르,프로스트
158614,S. Włodarczyk,슈이모느 푸오다르치이크,푸오다르치이크
158644,M. Beier,막시밀리안 바이어,바이어
158657,Jean Louis Barthelemy Diouf,주에아느 루이스 바르테레미 디우프,바르테레미
158688,J. Randall,제시 랜들,랜들
158693,O. Beck,오우에느 마이클 베크크,베크크
158694,T. Livramento,발렌티노 프란시스코 리브라멘토,리브라멘토
158696,F. Burns,핀리 잭 번스,번스
158697,J. McAtee,제이크 맥아티,맥아티
158698,J. Quansah,자렐 콴사,콴사
158700,V. Johansson,비크토르 토비아스 지오흐아느스소느,지오흐아느스소느
158702,C. Slicker,키라느 페테르 스리크케르,스리크케르
158710,V. Kristiansen,빅토르 크리스티안센,크리스티안센
159121,K. Harratt,키안 셰이 하랏,하랏
159122,F. Farías,파쿤도 에르난 파리아스,파리아스
159420,R. Edwards,로니 리 에드워즈,에드워즈
159511,Gabriel Pereira,가브리에우 두스 산투스 프란시스쿠,프란시스쿠
159989,Rafael Petrilio,라파에르 페트리리오 코므프리,페트리리오
160077,Everton Bala,프라느키스코 에베르토느 모타 카스트로,모타
160925,T. Ali,타하 압디 알리,알리
160934,Julius Lindberg,지오르게느 지우리우스 리느드베르그,리느드베르그
161176,P. Wålemark,옌스 볼레마르크,볼레마르크
161569,O. Sørensen,오리베르 스ø레느세느 지에느세느,스ø레느세느
161570,M. Mykhaylenko,미코라 미흐아이레느코,미흐아이레느코
161576,D. Tsopouroglou,디미트리오스 쏘포루글루,쏘포루글루
161579,G. Koutsias,예오리오스 쿠트시아스,쿠트시아스
161585,Francisco Conceição,프란시스쿠 콘세이상,콘세이상
161590,Iván Azón,이반 아손 몬손,아손
161620,J. Kadile,주우니오르 모로 카디레,모로
161621,L. Tchaouna,르미 트샤우나,트샤우나
161661,A. Brown,아치 브라운,브라운
161662,L. Thompson,리암 프란시스 톰슨,톰슨
161663,E. Cashin,에이란 조 캐신,캐신
161670,V. Vanat,블라디슬라우 바나트,바나트
161671,I. Zabarnyi,일리야 자바르니,자바르니
161674,Fiton Ademi,피토느 아데미,아데미
161686,K. Vivcharenko,코스티안틴 비프차렌코,비프차렌코
161691,Astrit Amzai,아스트리트 아므즈아이,아므즈아이
161694,R. Meļķis,로베르트스 메르키스,메르키스
161747,G. Doué,겔라 두에,두에
161790,A. Şimşir,도구한 아랄 심시르,심시르
161800,C. Tzolis,크리스토스 촐리스,촐리스
161803,J. Moylan,잭 모일란,모일란
161806,G. Molloy,가비느 모르로이,모르로이
161810,L. Blum,레비느 브루므,브루므
161826,I. Noy,이타마르 노이,노이
161831,Iwo Kaczmarski,이포 카치마르스키,카치마르스키
161860,M. Fonseca,마티아스 폰세카,폰세카
161875,Hugo González,우고 곤살레스,곤살레스
161879,K. Koindredi,코바 레인 코인드레디,코인드레디
161883,Y. Regeer,유리 레게르,레게르
161884,S. Hansen,손테 한센,한센
161886,C. Rasmussen,크리스천 트흐에오도르 크지에르데르 라스무스세느,크지에르데르
161894,N. Ünüvar,나지이 위느위바르,위느위바르
161897,I. Saibari,이스마엘 사이바리,사이바리
161898,M. Didden,마티스 디든,디든
161904,B. Barcola,브래들리 바르콜라,바르콜라
161907,M. Gusto,말로 구스토,구스토
161919,Y. Moukoko,유수파 무코코,무코코
161920,B. Fink,브래들리 토마스 핑크,핑크
161921,G. Reyna,조반니 레이나,레이나
161922,A. Knauff,안스가르 크나우프,크나우프
161928,Alejandro Balde,알레한드로 발데,발데
161929,K. de La Fuente,코느라드 푸에느테,푸에느테
161933,Nico González,니코 곤살레스,곤살레스
161938,Paulo Bernardo,파울로 베르나르도,베르나르도
161939,Tomás Araújo,토마스 레모스 아라우조,아라우조
161943,N. Holm,노아 홀름,홀름
161945,H. Sudakov,헤오르히 수다코우,수다코우
161946,O. Ocheretko,오레흐 오치에레트코,오치에레트코
161948,L. Delap,리암 델랍,델랍
161950,A. Bondarenko,아르테므 보느다레느코,보느다레느코
161956,K. Belić,크리스티안 벨리치,벨리치
162000,M. Baltacı,미르자 벌타치,벌타치
162004,B. Elmaz,바르투 에르마즈,에르마즈
162007,M. De Cuyper,막심 더카이퍼,더카이퍼
162012,M. Ruggeri,마테오 루제리,루제리
162016,X. Simons,자비 시몬스,시몬스
162029,Pablo Rodríguez,파블로 로드리게스,로드리게스
162032,Miguel Gutiérrez,미겔 구티에레스,구티에레스
162037,M. Tillman,말릭 틸만,틸만
162045,M. Lazetić,마르코 라제티치,라제티치
162050,D. Kryskiv,드미트로 크리스키브,크리스키브
162053,N. Iosifov,니키타 이고레비치 이오시포브,이오시포브
162061,X. Blomme,크사느데르 브로므메,브로므메
162075,P. Maghoma,에드몬-파리스 마고마,마고마
162076,D. Cirkin,덴니스 서킨,서킨
162088,L. Oyen,루카 오이에느,오이에느
162098,Henrique Araújo,에릭 아라우조,아라우조
162106,Y. Musah,유누스 무사,무사
162114,D. Rankine,디오느 지오세프 라느키네,라느키네
162122,Adrià Alti,아드리아 알티미라 레이날도스,알티미라
162123,I. Moriba,모리바 쿠루마 쿠루마,쿠루마
162128,W. Gnonto,윌프리드 뇬토,뇬토
162129,C. Attys,크리스토퍼 아티스,아티스
162141,K. De Winter,코니 더빈터르,더빈터르
162143,T. Baeten,티보 로게르 바에테느,바에테느
162145,A. Kamara,아브두라이에 카마라,카마라
162157,T. Booth,타이로르 아느스오니 부스,부스
162158,P. Dwomoh,피르레 주우니오르 두오모,두오모
162159,T. Rommens,투우르 로므메느스,로므메느스
162168,L. Barry,루이 마크 배리,배리
162173,S. Iling-Junior,사무엘 일링주니어,일링주니어
162188,P. Kalulu,피에르 카제예 롬멜 칼룰루 캐텡와,칼룰루
162189,M. Bidstrup,마즈 비드스트룹,비드스트룹
162194,L. Červ,루카스 체르브,체르브
162199,A. Martha,아르자니 마르타,마르타
162200,J. Dirksen,율리우스 디르크센,율리우스 디르크센
162210,A. Engels,아르네 에느게르스,에느게르스
162211,C. Sandra,시세 산드라,산드라
162216,V. Birksø,바르데마르 비르크스ø 트흐오르세느,비르크스ø
162218,V. Bak Jensen,빅토르 바크 예른센,바크 예른센
162219,R. Onyedika,라파엘 오녜디카,오녜디카
162222,I. Bašić,이반 바시치,바시치
162227,K. Bilovar,크리스티아느 비로바르,비로바르
162229,G. Michailidis,야니스 미하일리디스,미하일리디스
162232,V. Morgun,바레느티느 모르구느,모르구느
162236,F. Mendy,포르모즈 멘디,멘디
162267,A. Truffert,아드리앵 트뤼페르,트뤼페르
162281,F. Lichý,필립 리히,리히
162292,J. Brown,조던 브라이언 브라운,브라운
162296,Jack Rogers,잭 로저스,로저스
162317,Imran Fetai,이므라느 페타이,페타이
162323,O. Yatsyk,오레크사느드르 이아츠이크,이아츠이크
162330,N. Sliede,니크스 스리데,스리데
162405,M. Kivikko,마티아스 아르베르토 키비크코 아르라노,키비크코
162410,G. Konstantelias,야니스 콘스탄텔리아스,콘스탄텔리아스
162412,B. Kabeya,벤자민 카베이아 무테바,카베이아
162414,A. Amenda,아우렐 플로리안 아멘다,아멘다
162446,L. Bate,레우이스 마이클 바테,바테
162451,A. Salah-Eddine,아나스 살라에딘,살라에딘
162452,D. Rensch,데빈 렌스,렌스
162453,L. Chevalier,뤼카 슈발리에,슈발리에
162465,M. Bard,멜뱅 바르,바르
162473,Arnau Tenas,아르나우 테나스 우레냐,테나스
162481,Diogo Nascimento,디오고 나산시멘투,나산시멘투
162489,J. Trafford,제임스 트래포드,트래포드
162498,R. Drăgușin,라두 드러구신,드러구신
162511,S. Lammens,센느 라멘스,라멘스
162523,F. Krkalić,파리스 크르카리츠,크르카리츠
162535,B. Arrey-Mbi,브라이트 아크우 아레이 엠비,엠비
162552,D. Scarlett,데인 스칼렛,스칼렛
162590,T. Morton,타일러 스콧 모튼,모튼
162595,Samuel Soares,새뮬 줌페 소아레스,소아레스
162687,V. Jaroš,비테즈슬라프 야로시,야로시
162688,P. Glatzel,폴 밀턴 글라첼,글라첼
162703,C. Tengstedt,카스페르 텡스테트,텡스테트
162707,E. Wahi,세페 엘예 와히,와히
162712,Óscar Mingueza,오스카르 밍게사,밍게사
162714,A. Onana,아마두 오나나,오나나
162733,R. Providence,루벵 프리츠너 프로비던스,프로비던스
162755,J. Šíp,이아흐이므 시프,시프
162762,M. Suray,마티스 수레이,수레이
162768,T. Leoni,테오 레오니,레오니
162771,J. Ngankam,가이탄 재시크 강캄,강캄
162773,R. Königsdörffer,란스포드 예보아 케니그스데르퍼,케니그스데르퍼
162787,Š. Langer,스테파느 라느게르,라느게르
162788,J. Cooper,지아크크 쿠페르 로베,쿠페르
162839,Z. Vipotnik,잔 비포트닉,비포트닉
162887,E. Millot,엔조 미요,미요
162891,J. Sanabria,후안 마누엘 사나브리아,사나브리아
162902,L. Coyle,리암 코일,코일
162904,R. Williams,라이스 윌리엄스,윌리엄스
162907,A. Zanoli,알레산드로 즈아노리,즈아노리
162948,S. Vladi,시케르치이므 브라디,브라디
162991,E. Matazo,에리오트 마타즈오,마타즈오
163022,P. Osterhage,파트릭 오스터하게,파트릭
163032,F. Rieder,파비안 리더,리더
163053,Ł. Bejger,우우카슈 베이게르,베이게르
163054,S. Shoretire,슈오라 마크수에르르 슈오레티레,슈오레티레
163055,O. Denham,오리베르 지아메스 데느흐아므,데느흐아므
163068,O. Rekik,오마르 레키크,레키크
163069,L. Netz,루카스 네츠,네츠
163072,M. Morgenstern,마르로느 모르게느스테르느,모르게느스테르느
163080,G. Innocent,가리손 이노센트,이노센트
163105,J. Spáčil,이이리 스파츠이르,스파츠이르
163189,M. Thiaw,말릭 티아우,티아우
163220,J. Antonisse,제레미 코르넬리스 야코부스 안토니세,안토니세
163243,T. Warren,티렐 워렌,워렌
163586,F. Ramadani,프로레느트 라마다니,라마다니
163854,Ali Yousif Hashim,알리 요시프 하심,알리 하심
163865,Adham Al Quraishi,아담 모하마드 살렘 알 쿠라이시,알 쿠라이시
163884,Abdallah Al Fakhouri,압달라 라에드 마흐무드 알 파쿠리,알 파쿠리
163905,Youssef Jalbosh,요세프 잘보쉬,잘보쉬
163908,Noureddin Zaid,누레딘 자이드,자이드
164026,Ali Olwan,알리 올완,올완
164030,Anas Al Awadat,아나스 아마드 마흐무드 하마드 알 아와닛,알 아와닛
164214,Ibrahim Saadeh,이브라힘 모하마드 사미 사데,사데
164735,Malek Shalabiya,말렉 샬라비야,샬라비야
164747,Mahmoud Aqel,마흐무드 아크엘,아크엘
165270,C. Amankwah,카레브 아마느쿠아흐,아마느쿠아흐
165450,Tae-Youn Park,박태연,박태연
166967,A. Rodríguez,아로느 다비드 로드리구에스 프라느코,로드리구에스
167043,A. Jackson,애슐리 잭슨,잭슨
167071,P. Blackett,폴 블래켓,블래켓
167108,S. Sherring,사므 슈에르리느그,슈에르리느그
167121,Z. Jeacock,자카리 안톤 존 지콕,지콕
167123,S. Avery,샘 에이브리,에이브리
167134,V. Harper,빈센트 하퍼,하퍼
167147,D. Ward,다니엘 존 워드,워드
167165,S. Carey,손니 잭 캐리,캐리
167193,J. March,조슈아 토마스 마치,마치
167198,L. Fairlamb,루크 페어램,페어램
167225,I. Sinclair,아이작 싱클레어,싱클레어
167250,J. Headley,자힘 앤서니 헤들리,헤들리
167291,B. Milnes,벤 밀네스,밀네스
167314,O. Edwards,오우라 시아 에드워즈,에드워즈
167321,Z. Lilly,자크 릴리,릴리
167327,D. Phillips,다니얼 샤킬 자바리 필립스,필립스
167346,A. Janneh,안수 잔네,잔네
167396,D. Williams,딜런 윌리엄스,윌리엄스
167655,M. McGuinness,마크 제임스 맥근니스,맥근니스
167656,M. Leonard,마크 헨리 레오나르드,레오나르드
167657,T. Onyango,타일러 제이든 나피어 에드워드 오냐고,오냐고
167658,M. Smith,매슈 스미스,스미스
167660,J. Morris,제임스 윌리엄 모리스,모리스
167663,T. McGill,토마스 피터 웨인 맥길,맥길
169201,K. Ronan,키안 조 로난,로난
169221,R. Veips,로베르트스 바이프스,바이프스
169223,O. Cooper,올리버 조셉 쿠퍼,쿠퍼
169224,N. Tsaroulla,니콜라스 앤드류 차룰라,차룰라
169243,J. Vale,지아크크 로베르트 바레,바레
169282,N. Huggins,나이얼 허긴스,허긴스
169291,V. Sinisalo,빌리아미 카리 베이코 신이살로,신이살로
169295,K. Hein,카를 헤인,헤인
169339,F. Wohlmuth,파비아느 보흐르무트흐,보흐르무트흐
169349,N. Polster,니코라스 포르스테르,포르스테르
169498,N. Geyrhofer,니클라스 게이로퍼,게이로퍼
169521,D. Skubl,다비드 프라느츠 스쿠브르,스쿠브르
169525,G. Haider,가브리엘 하이더,하이더
170430,S. High,스콧 존 하이,하이
170876,M. Roberts,마일스 로버츠,로버츠
171029,H. Bunker,하비 제임스 벙커,벙커
171034,L. Gibbs,리암 제프리 기브스,기브스
171035,T. Chirewa,타디오 치레와,치레와
171047,C. Hayes,시안 주드 헤이즈,헤이즈
171058,H. Ashby,흐아르리소느 치아르레스 아슈비,아슈비
171059,J. Baptiste,지아마르 마르쿠스 바프티스테,바프티스테
171168,Henrique Devens,흐에느리쿠에 사르메느구에 데베느스,데베느스
173539,L. Walta,루카스 왈타,왈타
173855,A. Hakala,아투 아브라흐아므 흐아카라,흐아카라
174564,N. Koffi,느드리 피리프페 코프피,코프피
174565,H. Ekitike,우고 에키티케,에키티케
174636,E. Bocat,에릭-주니어 보캇,보캇
174768,A. Pierre,알렉산드르 피에르,피에르
174796,A. Sylla,아브두라이에 시르라,시르라
174815,J. Moutachy,주오리스 무타슈이,무타슈이
174915,J. Casimir,조수에 카지미르,카지미르
174918,L. Badé,레미 바데,바데
175037,A. Malanda,아딜손 말란다,말란다
175171,T. Boulhendi,테디 불엔디,불엔디
175415,M. N&apos;Diaye,무사 은디아예,은디아예
175425,R. Abalora,라즈아크 아바로라,아바로라
175426,M. Shafiu,무무니 슈아피우,슈아피우
175439,Homam Ahmed,호맘 아흐메드,아흐메드
176568,D. Pecha,도미니크 페흐아,페흐아
177649,J. Iredale,존 워릭 아이데일,아이데일
177665,A. Stach,안톤 스타흐,스타흐
178077,K. Schade,케빈 샤데,샤데
178093,Y. Keitel,이아느니크 카이테르,카이테르
178217,S. Drljača,스테파느 드르르요아카,드르르요아카
178362,Č. Makreckis,체브라일스 막레키스,막레키스
178696,A. Lezcano,아느드레스 아레크사느드레 레스카노 베리스,레스카노
178708,M. Nawrocki,마이크 나프로크키,나프로크키
178749,L. Samardžić,라자르 사마르지치,사마르지치
178768,N. Atubolu,노아 아투볼루,아투볼루
178769,P. Treu,필립 트로이,필립
178883,P. Baráth,페테르 바라트흐,바라트흐
178886,M. Ilie,마타이 크리스티아느 이리,이리
178904,M. Petkov,마리느 프라메노브 페트코브,프라메노브
179400,M. Estève,막심 에스테브,에스테브
179449,C. Souaré,체이크 우마르 수아레,수아레
179633,J. Vennings,제임스 프레드릭 베닝스,베닝스
179651,J. Taylor,조셉 윌리엄 존 테일러,테일러
179685,H. Hackney,헤이든 해크니,해크니
179699,F. Mayele,피스톤 칼라라 마예레,마예레
179765,L. Spokes,루크 스포크스,스포크스
179843,L. Gourna-Douath,루카스 구르나-도아스,구르나-도아스
179856,B. Old,벤자민 크레이그 올드,올드
179862,M. Stamenić,마르코 세우파투 니콜라 스타메니치,스타메니치
179893,O. Appollis,오스윈 레이건 아폴리스,아폴리스
179955,Javi Rueda,하비에르 루에다 가르시아,루에다
179963,T. Lo-Tutala,티모테 자크 오르셀 로-투탈라,로-투탈라
179988,T. Mourid,타흐아 무리드,무리드
179996,Fran Vieites,프란시스코 바르보사 비에이테스,비에이테스
180125,Yousef Ayman,요세프 아이만 요세프 알리 압둘라 알 만수리,알 만수리
180128,S. Mitrović,스테판 미트로비치,미트로비치
180272,I. Danlad,이브라힘 단라드,단라드
180274,I. Abdul-Ganiyu,이스마이르 아브두르-가니이우,아브두르-가니이우
180283,J. Blay,지우스티케 브라이,브라이
180289,C. Saydee,크리스찬 세이디,세이디
180298,O. Fraulo,오스카 루이지 프라울로,프라울로
180305,M. Jurásek,마테이 유라셀,유라셀
180308,M. Peart-Harris,마일스 스펜서 피어트-해리스,피어트-해리스
180316,H. Davies,하비 데이비스,데이비스
180317,C. Bradley,코너 브래들리,브래들리
180320,A. Bajrami,아드리아느 바이라미,바이라미
180455,M. Garbett,매튜 지미 데이비드 가르벳,가르벳
180473,L. Britton,루이 시드니 브리튼,브리튼
180496,G. Mikautadze,기오르기 미카우타제,미카우타제
180497,A. Sadeghi,아미라리 사데기,사데기
180510,M. Viti,마티아 비티,비티
180556,L. Tolaj,로렌 톨라이,톨라이
180559,C. Caton,찰리 케이튼,케이튼
180560,H. Mejbri,한니발 메즈브리,메즈브리
180563,J. Newton,조셉 닐 뉴튼,뉴튼
180564,J. Stevens,잭 스티븐스,스티븐스
180731,L. Assignon,로렌츠 아시논,아시논
180734,R. Juárez,라몬 후아레즈 델 카스티요,후아레즈
180758,R. Hatate,하타테 레오,하타테
180769,J. Austerfield,조슈아 오스터필드,오스터필드
180823,Cheikh Tidiane Sidibe,슈아이흐 티디아네 시디베,시디베
180826,E. Kane,아드주이 마디크케 카네,카네
180831,A. Diène,아르베르트 라마네 디에네,디에네
180919,Welington,웰링턴 다마센나 산토스,산토스
180927,Z. Romero,자이드 압너 로메로,로메로
180934,O. Casey,올리버 케이시,케이시
180937,H. Falchener,헨릭 샬레바케 팔케너,팔케너
180940,T. Sharman-Lowe,테디 사뮈엘 샤만로,샤만로
180997,M. Alli,밀레닉 알리,알리
181421,A. Ezzalzouli,아브데삼마드 에질조리,에질조리
181701,Gerard Martín,제라르 마르틴,마르틴
181797,B. Humphreys,바시르 험프리스,험프리스
181806,N. Savona,니콜로 사보나,사보나
181808,F. Miretti,파비오 미레티,미레티
181812,J. Musiala,자말 무시알라,무시알라
181815,V. Chambaere,빅 챔베어,챔베어
181827,C. Egan-Riley,콜린 이건-라일리,이건-라일리
181856,A. Marsh,아이데느 마르슈,마르슈
181882,Khaled Ali,칼리드 아리 아흐메드 나세르 빈 사바,나세르
182008,S. Tanaka,다나카 슌타,슌타
182019,A. Mija,아레시오 미이아,미이아
182065,W. Jenkins,윌 젠킨스,젠킨스
182158,B. Diedhiou,바르테레미 디디우,디디우
182181,Jesús Areso,헤수스 아레소,아레소
182201,T. Mitchell,타이릭 미첼,미첼
182219,Álex Baena,알렉스 바에나,바에나
182280,K. UrbaÅski,카크페르 우르바스키,우르바스키
182330,Naif Al Hadhrami,나이프 압둘라흠 오마르 알 하드라미,알 하드라미
182345,Ali Nader Karim,알리 나더 카림,알리
182422,E. Destan,에니스 데스타느,데스타느
182430,J. Wright,조던 이안 라이트,라이트
182434,D. Beljo,디온 드레나 벨조,벨조
182504,Gabri Veiga,가브리 베이가,베이가
182519,Alberto Moleiro,알베르토 모레이로,모레이로
182617,Beñat Prados,베니아트 프라도스 디아스,프라도스
182638,Manu Fernández,마누 페르난데스 아로요,페르난데스
182639,Unai Vencedor,우나이 벤세도르,벤세도르
182661,Álvaro Núñez,알바로 누네스 코보,누네스
182692,Joe,호세 마누엘 마르티네스 오리베르,마르티네스
182718,Joan García,주안 가르시아,가르시아
182730,Marc Vidal,마르크 비달,비달
182759,M. Diarra,마마디 디아르라,디아르라
183776,Urko Izeta,우르코 이루레타고이나 레르트크수느디,이루레타고이나
183799,Nico Williams,니코 윌리암스,윌리암스
183848,Julen Agirrezabala,ㅎ우레느 아히르레사바라 아스투레스,아히르레사바라
183849,Aitor Paredes,아이토르 파레데스 카사미차나,파레데스
184194,Álex Forés,알렉스 포레스 메느도사,포레스
184226,Yeremy Pino,예레미 피노,피노
184420,Carlos Romero,카를로스 로메로,로메로
187214,Carlos Vicente,카를로스 비센테 로블레스,로블레스
187551,J. Sanders,잭 샌더스,샌더스
187926,Tomás Händel,토마스 로마노 페레이라 산텔,토마스 헨델
187953,Faisal Al Ghamdi,파이살 압둘라만 사이드 알 마 알 가므디,알 가므디
187987,Ramón Terrats,라모느 테르라트스 에스파키오,테르라트스
188319,Kevin Carlos,케빈 카를로스 오모루이 벤자민,벤자민
188740,B. Dabo,부바카르 시디크 다보,다보
189997,Mario de Luis,마리오 데 루이스 히메네스,데 루이스
190485,Samú Costa,사무엘 데 알메이다 코스타,사무엘
190489,Álvaro Djaló,아르바로 드ㅎ아로 디아스 페르나느데스,드ㅎ아로
190505,J. Berry-McNally,제임스 베리 맥날리,맥날리
190553,M. Al-Taay,모하메드 알-타이,모하메드 알-타이
190570,K. Aït Ouarkhane,흐아리드 아이트 우아르흐아네,아이트
190572,J. Ech-Chammakh,지아마르 에치-치아므마흐,에치-치아므마흐
190575,Marwan Attia,마르완 아티아,아티아
190595,L. Jensen,루카스 보르느흐ø프트 지에느세느,지에느세느
190747,M. Expérience,마르탱 이브스페리언스,이브스페리언스
191160,J. Makengo,조르디 마켕고 바삼분두,조르디 마켕고
191185,K. Nguena,케메로 피르레 케빈 느구에나,느구에나
191189,C. Akpa,클레몽 아크파,아크파
191233,K. Sildillia,킬리안 실디야,실디야
191240,M. Senaya,마뱅 세나야,세나야
191336,S. Nair,소하이브 나이르,나이르
191337,T. Crama,트리스탄 크라마,크라마
191368,F. Bianchini,플로리안 비안키니,비안키니
191865,W. Viera,윌더 비에라 카바예로,윌더
191879,K. Hlynsson,크리스티아느 노크크비 흐리느스소느,흐리느스소느
191971,J. Stansfield,지아이 스타느스피르드,스타느스피르드
191976,J. Hungbo,조셉 올루왁베미가 마요와 훙보,훙보
191980,B. Engdahl,베느 미카에르 에느그다흐르,에느그다흐르
191981,J. Wareham,제이든 다렌 조지 웨어햄,웨어햄
192015,E. Sevikyan,에드가르 세비키안,세비키안
192076,A. Odoh,아브라함 이포갈레 오도,오도
192346,S. Brynn,솔로몬 브린,브린
192347,R. Richards,리코 리처즈,리처즈
192351,T. Fornah,테이러스 모모두 포르나,포르나
192434,Miguel Rodríguez,미겔 로드리게스 비달,로드리게스
193188,A. El Ouazzani,아민 엘 와자니,와자니
193279,J. Nelson,제이든 넬슨,넬슨
193288,Nawaf Al Aqidi,나와프 다히 파이살 알 슈워이티 알 아키디,나와프 알 아키디
193289,Mohammed Maran,모하메드 칼릴 나세르 마란,모하메드 마란
193292,Wessel Speel,우에스세르 스페에르,스페에르
193293,R. Kluivert,루벤 클라이버트,클라이버트
193296,J. Ngakia,제러미 응가키아,응가키아
193617,T. Louchet,톰 알렉시스 루셰,루셰
193645,Y. Cimignani,이아니스 키미뉴아니,키미뉴아니
194236,M. Sangaré,무스타파 사느가레,사느가레
194430,T. Mbatha,탈렌테 임바타,임바타
194461,G. Thomason,조지 토마슨,토마슨
194495,T. Cann,테드 캔,캔
194498,R. Smith,리스 스미스,스미스
194536,R. Roefs,로빈 뢰프스,뢰프스
194539,A. Manaj,아르브 마나이,마나이
194572,M. Chibi,모하메드 치이비,치이비
194645,S. Sambo,슈란디 루게리오 삼보,삼보
194708,W. Goodwin,우이르리아므 나이르 구두이느,구두이느
194750,E. Touré,비라르 투레,투레
194804,J. Dorsett,아브라함 제리엘 리처드 도르셋,도르셋
194816,Y. Badji,유수프 바지,바지
194834,J. Nolan,지아크크 다니엘 노라느,노라느
194846,H. Kessler,프레데리크크 흐에느리 케스스레르,케스스레르
194978,K. Fabien,카르르 케즈이 파비느,파비느
195066,Faisal Abdullah Al Borshaid,파이살 아브둘라 알 보르샤이드,보르샤이드
195067,J. Margaritha,제얼 얼윈 마르가리타,마르가리타
195100,Natan,나탕,나탕
195103,João Gomes,주앙 고메스,고메스
195104,R. Rios,리차르드 리오스,리오스
195106,Rodrigo Muniz,로드리고 무니즈,무니즈
195107,D. Bobadilla,다미안 보바딜라,보바딜라
195111,Gabriel Menino,가브리엘 비니키우스 메니노,메니노
195121,M. Núñez,마르셀리노 이그나시오 누냐스 에스피노사,누냐스
195239,D. Komilov,딜쇼존 코밀로프,코밀로프
195505,N. Marichal,니콜라스 마리찰,마리찰
195508,J. Sosa,에느소 ㅎ오아쿠이느 소사 로마니우크,소사
195509,S. Cartagena,산티아고 카르타헤나,카르타헤나
195512,M. Satriano,마르틴 아드리안 사트리아노 코스타,사트리아노
195580,Clayton,클레이튼 페르난데스 실바,실바
195704,J. Carrillo,ㅎ오르다느 카르리이오 로드리구에스,카르리이오
195717,Y. Mosquera,와싱턴 모스케라,모스케라
195718,J. Fory,히메르 에스테반 포리 메히아,포리
195870,T. Keskinen,토피 케스키네느,케스키네느
195929,S. Hezze,산티아고 헤제,헤제
195992,J. Cáceres,후안 카세레스,카세레스
195993,C. Alcaraz,카를로스 조나스 알카라스 두란,알카라스
196073,T. Hämäläinen,타네리 흐아마라이네느,흐아마라이네느
196156,Thiago,이고르 티아구,티아구
196159,Jajá,프란시스코 자이우송 지 소우사,소우사
196187,A. Seidu,알리두 세이두,세이두
196254,Á. Zamora,알바로 사모라,사모라
196255,A. Suárez,애런 레네 수아레스 수니이가,수아레스
196278,N. Micallef,니코라이 미카르레프,미카르레프
196298,R. Sosa,라몬 소사 아코스타,라몬
196343,Mohamed Abdelmonem,모하메드 압델모넴,압델모넴
196347,P. Sejdiu,파트리오트 세이디우,세이디우
196382,A. Dumitrescu,아느드레스 미흐아이 두미트레스쿠,두미트레스쿠
196460,M. Isaís,마우리키오 아느드레 이사이스,이사이스
196480,C. Mora,카를로스 아느드라이 모라 모느토이아,모라
196489,J. Chapman,지아코브 아느스오니 치아프마느,치아프마느
196683,J. Cáceres,ㅎ에프페르소느 ㅎ우스토 카케레스 치아베스,카케레스
196854,G. Broadbent,조지 브로드벤트,브로드벤트
196855,J. Anthony,제이던 앤서니,앤서니
196856,Daniel Edward Peter Imray,다니엘 에드워드 피터 임레이,임레이
196875,J. Bagan,조엘 매튜 베이건,베이건
197014,J. Rodríguez,ㅎ아크크소느 가브리엘 로드리구에스 페르라사,로드리구에스
197030,M. Carcelén,마이클 알렉산더 카르케레느 카라바리,카르케레느
197063,F. Díaz,파브리시오 디아스,디아스
197448,Yan Couto,얀 코투,코투
197625,E. Guðmundsson,에게르트 아론 구드문스손,구드문스손
197756,A. Trumçi,아레크사느데르 트루므키,트루므키
197764,I. Jones,아이저 벤자민 몬텔 존스,존스
197811,L. Gordon,루이스 고든,고든
197844,H. Forster,흐아르리 포르스테르,포르스테르
197913,J. Mosquera,후안 다비드 모스케라 로페스,모스케라
197933,Ahmed Basil,아흐마드 바실,바실
197970,D. Kholmatov,디요르 홀마토프,홀마토프
197983,Choi Jun,최준,최준
197985,Seol Young-Woo,설영우,설영우
197986,Cho Hyun-Taek,현택 조,조
198211,Amer Jamous,아메르 라셈 아델 자무스,자무스
198343,P. Delgado,패트릭슨 루이지 델가도 빌라,델가도
198347,A. Valencia,안토니 레닌 발렌시아 바하나,발렌시아
198352,M. Touré,모하메드 투레,투레
198391,N. Voloshyn,나자르 볼로신,볼로신
198395,I. Guteša,이반 구테샤,구테샤
198416,A. Barzegar,아리아 바르즈에가르,바르즈에가르
198483,L. Bossin,리암 보신,보신
198640,J. Holmes,잭 해리 홈즈,홈즈
198654,D. Svensson,다니엘 스벤손,스벤손
199077,A. Alfaro,알페로,알페로
199089,L. Lucca,루카,루카
199143,Y. Suzuki,스즈키 유이토,유이토
199150,R. Morishita,모리시타 료야,료야
199297,Mubarak Shanan Hamza,무바라크 샤난 햄자,햄자
199310,A. Ben Slimane,아니스 벤 슬리만,슬리만
199349,Abdullah Al Yazidi,압둘라 바드르 압드랍 압둘라 알 야지디,압둘라
199404,T. Hasal,토마스 흐아사르,흐아사르
199464,R. Phillips,리카르도 안토니오 필립스 힌즈,필립스
199578,Z. Suzuki,스즈키 자이온,자이온
199595,R. McCausland,로스스 므크카우스라느드,므크카우스라느드
199638,M. Diomandé,모하메드 바바 디오만데,디오만데
199692,H. Carter,흐아이데느 지아메스 카르테르,카르테르
199707,J. Ryan,존 라이언,라이언
199767,S. Kapuadi,스티브 응카누 카푸아디,카푸아디
199779,B. Yusuf,바미델레 이사 유수프,유수프
199793,S. Maikuma,마이쿠마 세이야,세이야
199837,K. Sulemana,카말딘 술레마나,술레마나
199852,D. Martin,다니엘 존 마틴,마틴
199854,D. Duffy,딜런 더피,더피
199856,A. Emakhu,아이도모 에마쿠,에마쿠
199863,S. Armstrong,신클레어 암스트롱,암스트롱
199871,A. Karabec,아담 카라벡,카라벡
199931,W. Bøving,윌리엄 뵤빙 빅,뵤빙
200116,B. Spencer,브로디 길모어 스펜서,스펜서
200124,I. Mašić,이리이아 마시츠,마시츠
200139,M. Amoura,모하메드 엘 아민 아무라,아무라
200234,E. Weir,에반 웨어,웨어
200240,T. Akhvlediani,토르니케 아흐브레디아니,아흐브레디아니
200254,I. Olaofe,아이작 타니톨루왈로바 아두라올루와티밀레인 올라오페,올라오페
200799,Park Min-Gyu,박민규,박민규
200805,Y. Muritala,이우누사 오우오라비 무리타라,무리타라
200981,Jassem Gaber,자셈 가베르,가베르
201052,E. Jones,이단 존스,존스
201279,Goh Young-Jun,고영준,고영준
201354,E. Makgopa,세코토리 에비덴스 막고파,막고파
201368,Killian Cahill,킬리안 카힐,카힐
201373,S. Curtis,샘 커티스,커티스
201380,E. Caffrey,에바느 카프프레이,카프프레이
201707,J. Marshall-Rutty,자키일 스탠포드 잭 마샬루티,마샬루티
201709,D. Dike,다릴 에닌나야 다이크,다이크
201713,S. Berhalter,서배스천 버홀터,버홀터
201714,A. Morris,에이단 젠 패트릭 모리스,모리스
201715,D. Callender,드라케 스테베느 카르레느데르,카르레느데르
201773,K. Łopata,카크페르 미치이스라프 우오파타,우오파타
201898,J. Kjær,지에프페 크지æ르 지에느세느,크지æ르
202086,J. Sarmiento,헤레미 사르미엔토,사르미엔토
202087,A. van Axel Dongen,아무르리치이오 아크세르,아크세르
202381,Moteb Al Harbi,모테브 사아드 살림 알 나키 알 하르비,모테브 알 하르비
202526,E. Dinkçi,에렌 사미 딩크치,딩크치
202696,I. Matanović,이고르 마타노비치,마타노비치
202722,O. Sijarić,오마르-사리프 시이아리츠,시이아리츠
202844,N. Weißhaupt,노아흐 라파에르 바이흐아우프트,바이흐아우프트
202854,M. Röhl,마티아스 를,를
202919,M. Rosenfelder,막심리안 로젠펠더,로젠펠더
202951,F. Ivanović,프라뇨 이바노비치,이바노비치
203014,M. Hoppe,마트스에우 티모스이 흐오프페,흐오프페
203037,D. Kyerewaa,다니엘 간캄 케레와,케레와
203162,C. Bozdoğan,칸 보즈도안,보즈도안
203224,F. Wirtz,플로리안 비르츠,비르츠
203269,Y. Lührs,이아느니크 루카 르위흐르스,르위흐르스
203376,J. Urbig,요나스 우르비히,우르비히
203391,A. Jatta,아르푸사이네이 지아트타,지아트타
203426,J. Gómez,지오나스아느 게르마느 고메즈 메느도즈아,고메즈
203428,J. Russell-Rowe,제이슨 러셀로,러셀로
203436,R. Priso,랄프-윌리엄 존슨 프리소-엠본게,프리소
203456,O. Niang,오스만 냉,냉
203458,Y. Sor,이라 콜린스 소르,소르
203468,D. Lopy,디오느 로피,로피
203474,N. Zalewski,니콜라 잘레프스키,잘레프스키
203755,D. James,딘 루벤 제임스,제임스
203903,Hijazi Maher,히자지 마허 히자지,히자지
203970,O. Ani,오리베르 아니,아니
204031,C. Brennan,키아란 브레넌,브레넌
204037,Costinha,코스티냐,코스티냐
204039,D. Udogie,데스티니 우도기,우도기
204043,A. Theate,아서 테이트,테이트
204054,N. Prelec,닉 프렐렉,프렐렉
204107,T. Kalinauskas,토마스 카리나우스카스,카리나우스카스
204109,A. Guðjohnsen,안드리 그뷔드욘센,그뷔드욘센
204128,C. Evans,캐머런 제임스 에반스,에반스
204143,I. Savić,이고르 사비츠,사비츠
204163,I. Gelashvili,이바 게라시비리,게라시비리
204340,Á. Debreceni,아코스 데브레케니,데브레케니
204843,M. Rusnák,마투스 루스나크,루스나크
204854,D. Krčík,다비드 크르츠이크,크르츠이크
204942,T. Digaňa,토마스 디가나,디가나
206254,M. Kerkez,밀로시스 케르케즈,케르케즈
206361,I. Sissokho,이수프 벰바 시쏘코,시쏘코
206478,Z. Inoussa,제이단 이누사,이누사
206704,D. Grgić,다리오 그르기츠,그르기츠
206984,T. Palacios,티아고 아사엘 파라시오스,파라시오스
207200,N. Eile,노아 요한네스 에일,에일
207781,C. Clark,카데느 치리스토페르 크라르크,크라르크
207792,V. Reyes,빈센테 필립 레예스 누네즈,레예스
207804,N. Čavlina,니코라 츠아브리나,츠아브리나
207813,D. Usenov,다니이아르 베크투루리 우세노브,베크투루리
208189,O. Kobacki,올라프 코바키,코바키
208398,M. Kukharevych,미콜라 쿠하레비치,쿠하레비치
208667,J. Neal,지아레느 치리스토페르 네아르,네아르
210021,Amin Al Shanaineh,아민 파리드 모하마드 알 샤나이네,알 샤나이네
210023,Khaled Eid,칼레드 자카리아 이드,이드
210027,M. Burba,모티이우스 부르바,부르바
210165,F. Surman,핀 서만,서만
210180,O. Dele,오라 데레 이스라에르,데레
210186,S. Vilkovs,세르게이스 비르코브스,비르코브스
210198,M. Zaddem,무테즈 즈아드데므,즈아드데므
210203,G. Napa,길마르 에두아르도 나파 카이세도,나파
210237,G. Vas,가보르 바스,바스
212233,B. Gutiérrez,브라이언 구티에레스,구티에레스
212842,Marco Pellegrino,마르코 펠레그리노,펠레그리노
213946,Mohammad Aburiziq,모하마드 아부리지크,아부리지크
213947,Yazan Al Naimat,야잔 알 나이마트,알 나이마트
213976,Danial Afaneh,다니알 아흐메드 무스타파 아파네,아파네
213977,Hadi Al Hourani,하디 오마르 아흐메드 알 후라니,알 후라니
213978,Saed Al Rosan,사에드 알 로산,알 로산
213980,Nizar Al Rashdan,니자르 알 라시단,알 라시단
213985,Ahmad Juaidi,아흐마드 모하낫 탈랍 알 주아디,알 주아디
214129,T. Bodak,티릭 보닥,보닥
214463,İ. Yüksek,이스마엘 윅세키,윅세키
215132,C. Conn-Clarke,크리스토퍼 세이머스 마이클 콘-클라크,콘-클라크
215185,Mohammed Saleh,모함메드 살레,살레
215268,Ahmad Farhan,아흐마드 파르한,파르한
215797,K. Joseph,카일 조셉,조셉
215821,G. Mizrahi,구이 미즈라흐이,미즈라흐이
215840,S. Ilinković,시르비오 이리느코비츠,이리느코비츠
215847,I. Davies,이삭 제임스 데이비스,데이비스
215849,S. Smith,스콧 스미스,스미스
215855,V. Tusha,베톤 투샤,투샤
215873,A. Gilbert,알렉산더 조지 헨리 길버트,길버트
215874,T. Cannon,토마스 캐넌,캐넌
215938,L. Robinson,루크 로빈슨,로빈슨
215958,J. Low,조셉 데이비드 로우,로우
215998,I. Riahi,이마드 리아흐이,리아흐이
216185,A. Ghali,아흐마드 아부바카르 가리,가리
216247,J. Manev,지오바느 마네브,마네브
216545,E. Malashevich,에브게니 마라시에비치,마라시에비치
216553,Cadu,카르두,카르두
216756,O. Sivertsen,오스카 시이라 시버트센,오스카
216759,S. Nilsen,시멘 비드툰 닐센,닐센
216760,B. Skaret,브라게 스카레트,스카레트
216761,S. Jatta,시디 자타,자타
216762,C. Zafeiris,크리스토스 자페리스,자페리스
216776,Haron Ahmed Zubair,하론 아흐메드 주베이르,하론 주베이르
216805,J. Hollman,제이크 홀먼,홀먼
216812,N. Triantis,넥타리오스 트리안티스,트리안티스
221605,F. Wiegele,플로리안 비겔,비겔
224678,S. Simba,시르베스테르 시므바,시므바
225104,K. Tsunemoto,쓰네모토 게이고,게이고
226761,P. Nwadike,파트리크크 에메카 누아디케,누아디케
226772,D. Krasniqi,디오느 크라스니치이,크라스니치이
231029,N. Tella,네이선 텔러,텔러
231036,K. Spence,키아느 스페느케,스페느케
231039,F. Azaz,핀 아자즈,아자즈
231040,W. Forrester,우이르리아므 사무엘 포르레스테르,포르레스테르
231046,G. Harmon,조지 하몬,하몬
231051,C. Cooper,체이 쿠퍼,쿠퍼
231062,A. Okonkwo,아서 츄쿠에주고 오코쿠오,오코쿠오
231068,D. Dodds,다니엘 도즈,도즈
231073,J. Griffiths,조슈아 제임스 그리피스,그리피스
231078,T. Gardner-Hickman,테일러 가드너-힉만,가드너-힉만
231079,Z. Brown,자크 브라운,브라운
231081,Sidnei Tavares,시드네이 타바레스,타바레스
231089,Stefan Mols,스테판 모스,모스
231195,T. Olusanya,올루토요시 타주딘 올루산야,올루산야
231203,Tyler Lyttle,타일러 리틀,리틀
236367,N. Bilokapić,니치오라스 비로카피크,비로카피크
236377,Choi Ji-Mook,치오이 지이-무크,치오이
236678,S. Kwaku,스테페느 오다이 쿠아쿠,오다이
236685,Y. Mubarik,이우스시프 무바리크,무바리크
236710,D. Nkrumah-Korsah,데느니스 코두오 느크루마흐-코르사흐,느크루마흐-코르사흐
237047,Jeong Sang-Bin,지에오느그 사느그-비느,지에오느그
237050,Eom Ji-Sung,저성 엄,엄
237060,B. González,브란 알론소 곤살레스 올리반,곤살레스
237066,Rafa Marín,라파 마린,마린
237078,P. Vite,페드로 헤암피에르 비테 우카,비테
237080,M. Angulo,마르코 안토니오 앙구로 솔로르사노,앙구로
237087,E. Fernández,에스테반 페르난데스,페르난데스
237090,E. Zeballos,오스카르 에크세키에르 세바이오스,세바이오스
237115,M. Kosznovszky,마르크 코스노프스키,코스노프스키
237116,S. Tijani,사므소느 오키키오라 티지아니,티지아니
237122,J. Mercado,존 앤손니 메르카도 쿠에로,메르카도
237124,C. Watts,캘럽 카시우스 왓츠,왓츠
237129,P. Sarr,파프 마타르 사르,사르
237131,S. Mito,미토 슌스케,슌스케
237142,C. Sainté,칼 프레드 샹테,샹테
237143,S. Simón,산티아고 시모느,시모느
237179,F. Peralta,파브리시오 페랄타,페랄타
237186,C. Medina,크리스티아느 니코라스 메디나,메디나
237191,J. Chávez,조안너 스탈린 차베스 킨테로,차베스
237206,K. Lomónaco,케빈 조엘 로모나코,로모나코
237218,Lee Han-Beom,한범 리,리
237220,Lee Tae-Seok,태석 이,이
237229,Kim Joon-Hong,준홍 김,김
237247,C. Ndiaye,슈아이흐우 오마르 느디아이에,느디아이에
237289,Chituru Ethan Odunze,치이투루 에스아느 오두느즈에,오두느즈에
237292,D. Jean,다니 쟝,쟝
237819,Kevin,케빈,케빈
238028,Célio,프라느키스코 파즈,파즈
238343,Raí,하이,하이
239259,D. Al-Saed,다닐로 안드레스 알-샤에드,다닐로 알-샤에드
243817,F. Dulysse,프랑수아 안드레 뒤리스,뒤리스
257193,E. Ofori-Antwi,에리크 오포리-아느투이,오포리-아느투이
257273,M. Salifu,모로 사리푸,사리푸
257395,A. Acheampong,아모스 아치에아므포느그,아치에아므포느그
260865,M. Pašalić,마르코 파샬리치,파샬리치
262598,S. Auklend,손드레 아우클렌,아우클렌
262634,B. Lederman,벤자민 레더만,레더만
262677,J. Breum,야콥 브로엄 마르틴센,야콥 브로엄
262796,M. Klein,마르틴 크라이느 이오에느세느,크라이느
262797,S. á Brúnni,시그나르 아 브루느니,아
262799,O. Bárðarson,오라프 바라르소느,바라르소느
262845,Eduardo Quaresma,에두아르도 콰레스마,콰레스마
262847,A. Jensen,알렉산더 지에느세느,지에느세느
262960,N. Milanovic,니콜라스 밀라노비치,밀라노비치
263055,M. Sulzner,마르코 알레산드로 수르츠네르,수르츠네르
263228,P. Guiagon,파르페 기아곤,기아곤
263331,I. Lawrence,이아느 에리ㅎ아흐 라우레느케 에스코에,라우레느케
263410,Milson,펠리시우 밀송,밀송
263438,J. Moisio,이아크코 오느니 모이시오,모이시오
263476,N. Galešić,니코 가레시치,가레시치
263482,Nuno Mendes,누누 멘드스,멘드스
263530,Pau Victor,파우 빅토르 델가도,파우
263538,Y. Yarmolyuk,예호르 야르몰류크,야르몰류크
263676,A. Fayzullaev,아보스베크 파이줄라예프,파이줄라예프
263733,O. Hindrich,오트토 흐이느드리키,흐이느드리키
263734,R. Udrea,미하이 라즈반 우드레아,우드레아
263812,L. Romero,루카 로메로,로메로
263846,A. Todorović,아레크사 토도로비츠,토도로비츠
263853,M. Stjopin,마크시므 스티오피느,스티오피느
263895,K. Wallius,카르레 우아르리우스,우아르리우스
263910,A. Lötjönen,아르트투 미카에르 로티오네느,로티오네느
263970,J. Muzinga,이오나트흐아느 무즈이느가,무즈이느가
264094,B. Tahirović,벤자민 타히로비치,타히로비치
264134,J. Luyeye-Lutumba,주오스리느 루이에이에-루투므바,루이에이에-루투므바
264325,H. Muller,헤이든 카이 뮐러,뮐러
264408,A. Pantea,알렉산드루 그리고라스 판테아,판테아
264419,S. Ltaief,사이파르라흐 르타이에프,르타이에프
264437,B. Thomas,바비 크레이그 토마스,토마스
264470,Raul Moro,라파엘 모로,모로
264495,V. Lučić,블라디미르 루치치,루치치
264531,O. Jukkola,오이바 이우크코라,이우크코라
264539,T. Hytönen,테무 흐위토네느,흐위토네느
264600,V. Rahimov,발리존 라히모프,라히모프
264627,B. Kutlu,베르카느 이스마이르 쿠트루,쿠트루
264692,A. Klynge,알렉산더 클링게,클링게
264705,A. Jashari,아르돈 야샤리,야샤리
264857,L. Bernasconi,로렌조 베르나스코니,베르나스코니
265363,Tiago Tomás,티아고 바레이로스 데 멜로 토마스,티아고 토마스
265372,I. Schmidt,이사아크 오사스 슈미드트,슈미드트
265386,D. Javorček,도미니크 이아보르츠에크,이아보르츠에크
265444,S. Langås,손드레 클링엔 랑오스,랑오스
265448,M. Farji,마르코 후세인 파르지,마르코 파르지
265452,L. Nordås,라세 셀바그 노르도스,노르도스
265491,M. Lisica,마테오 리시카,리시카
265509,A. Sadiku,아고느 사디쿠,사디쿠
265528,A. Shirobokov,알렉산드르 시로보코프,시로보코프
265533,T. Anarbekov,테미를란 아나르베코프,아나르베코프
265546,M. Kvistgaarden,마티아스 담 콰이스트가르덴,콰이스트가르덴
265595,Gonçalo Inácio,곤살루 이나시우,이나시우
265710,Lee Soon-Min,순민 이,이
265722,Rafael Obrador,라파엘 오브라도르 부르게라,오브라도르
265733,C. Wiley,카레브 리아느 우이레이,우이레이
265741,G. Gocholeishvili,기오르기 고치오라이시비리,고치오라이시비리
265773,T. Kudlička,티모테이 쿠드리츠카,쿠드리츠카
265782,D. Møller Wolfe,다비드 뫼러 볼프,뫼러 볼프
265784,André,안드레,안드레
265785,Luiz Henrique,루이스 엔히키,엔히키
265820,Y. Ayari,와세드 아야리,아야리
265826,A. Kinský,안토닌 킨스키,킨스키
265865,K. Henry,코비 지오세프 흐에느리,흐에느리
265884,P. Aaronson,파크스테느 라이드 아아로느소느,아아로느소느
265954,L. Monzón,루카스 가브리엘 몬손,몬손
266188,J. Miņins,이에브게니이스 미니느스,미니느스
266203,J. Gordon,존-카이마니 린턴 마이클 고든,고든
266345,É. Lira,에릭 안토니오 리라 멘데즈,리라
266599,J. Che,지우스티느 이시아흐 치에,치에
266606,C. Brady,크리스토퍼 키스 브레이디,브레이디
266657,Sávio,사비뉴,사비뉴
266663,M. Riisnæs,마그누스 베흐 리스네스,리스네스
266719,Rildo,리르도 고느사르베스 아모리므 피류오,고느사르베스
266792,S. Hrstić,스르지아느 흐르스티츠,흐르스티츠
266798,N. Trifunović,네마니아 트리푸노비츠,트리푸노비츠
266814,Y. Cathline,요안 카슬린,카슬린
266839,Z. Rossi,제노 이브센 로시,로시
266927,A. Ito,이토 아쓰키,아쓰키
266949,L. Lima,루카스 리마,리마
267728,M. Balikwisha,미셸앙주 발리퀴샤,발리퀴샤
267885,M. Youla,모하메드 이우라,이우라
268087,Haitham Asiri,하이탐 아시리,아시리
268182,H. Teklab,흐에노크 테크라브,테크라브
268225,Léo Bolgado,레오나르도 코스타 보르가도,코스타
268341,F. Gatti,페데리코 가티,가티
268449,N. Hasa,노에르 흐아사,흐아사
268595,M. Johnston,막스 존스턴,존스턴
268710,J. Adams,제이든 오스윈 아담스,아담스
268846,B. Simon,바르나바스 시모느,시모느
268951,I. Kalachev,이리아 카라치에브,카라치에브
269163,W. Swedberg,빌리오트 스베드베리,스베드베리
269171,Awad Al Nashri,아우아드 나시리,나시리
269172,Ziyad Al Johani,지아드 무바락 에이드 알 마르와니 알 조하니,지아드 알 조하니
269174,Mostafa Shobeir,모스타파 쇼베이르,쇼베이르
269188,D. Hristov,다미안 희스토프 희스토프,희스토프
269240,A. Griger,애덤 그리게르,그리게르
269349,L. Horníček,루카스 호르니체크,호르니체크
269451,M. Moufid,모하메드 무피드,무피드
269453,H. Essaoubi,흐아티므 에스사우비,에스사우비
269469,K. Morrison,카일 모리슨,모리슨
269506,L. Morales,루카스 나우엘 모랄레스,모랄레스
269531,N. Collins,파렐 남디 콜린스,콜린스
269533,A. Serobyan,아르투르 세로비아느,세로비아느
269539,P. Yazbek,패트릭 야즈벡,야즈벡
269621,Hossam Abdelmaguid,호삼 압델마귀드,압델마귀드
269892,A. Kozubal,안토니 코주발,코주발
269936,M. de Brienne,마테오 카밀로 폴 드 브리엔,드 브리엔
270139,J. O&apos;Brien,제이크 오브라이언,오브라이언
270201,R. Florucz,라울 플로루츠,플로루츠
270498,W. Madrigal,우아르레느 스테베느 마드리가르 모리나,마드리가르
270508,L. Ugochukwu,치무안야 우고추쿠위,우고추쿠위
270509,A. Diouf,앙디 디우프,디우프
270510,M. Tel,마티스 텔,텔
270585,A. Mazari,아트데 마즈아리,마즈아리
270607,T. Vanhoutte,티모느 모리케 바누트테,바누트테
270648,J. Pérez,후안 루이스 페레스 로드리구에스,페레스
270697,L. Behluli,라우리트 베흐루리,베흐루리
270774,J. Rangel,호세 라울 랑헬 아귈라,랑헬
270776,D. Islami,드리로느 이스라미,이스라미
271067,A. Oreč,아느테 오레츠,오레츠
271276,R. Vermant,로메오 베르망,베르망
271287,A. Gattermayer,아느게로 가트테르마이에르,가트테르마이에르
271350,T. Muharemović,타리크 무하레모비치,무하레모비치
271444,Merchas Doski,메르카스 도스키,도스키
271468,S. Škrbo,스테파느 스크르보,스크르보
271539,J. Hadjam,자우엔 지미 하자므,자우엔 하자므
271572,A. Virginius,알란 비르지니우스,비르지니우스
271610,Y. Stevens,이아리 스테베느스,스테베느스
271794,J. Boula,지리 보울라,보울라
271833,I. Ben Hamo,이타이 벤 하모,벤 하모
271869,C. Kabongo,크리스토프 카봉고,카봉고
271875,L. Patris,루카스 패트리스,패트리스
271915,Octavian Popescu,옥타비안 조지 포페스쿠,옥타비안
271921,E. Krasniqi,에르마르 크라스니치이,크라스니치이
272421,D. Timber,딜란 팀버르,팀버르
272457,G. Manvelyan,고르 만벨리안,만벨리안
272543,C. Driouech,쿠하이브 드리우에흐,드리우에흐
272548,Max Cameron Metcalfe,마크스 카메로느 메트카르페,메트카르페
272553,J. Coburn,조슈아 가이 코번,코번
272555,S. Folarin,사무엘 올라티밀친 아데토쿤보 폴라,폴라
272558,C. Sykes,케인 사이크스,사이크스
272721,J. Oosterwolde,제이든 오스터펠더,오스터펠더
272730,M. Manhoef,밀리언 만호에프,만호에프
273263,A. Yusif,아브두르 라즈아크 이우시프,이우시프
273295,G. Mamageishvili,기즈오 마마가이시비리,마마가이시비리
273309,C. Gilligan,키아란 패트릭 길리건,길리건
273733,C. Antwi,캐머런 안트위,안트위
273757,A. Devine,알피 션 데바인,데바인
273762,Y. Çift,유누스 엠레 치프트,치프트
274199,T. Asante,티레즈 아산테,아산테
274224,J. Evans,잭 에반스,에반스
274225,J. Young,지아케 아라느 이우느그,이우느그
274296,Y. Lienard,얀 프랑수아 리에나르,리에나르
274300,M. Akliouche,마그네스 아클리우슈,아클리우슈
274312,M. Cho,모하메드-알리 초,초
274364,K. Pierre,카이데느 라이그토느 흐우그 피르레,흐우그
274371,P. Stanić,페타르 스타니치,스타니치
274550,H. Vale,하비 제임스 베일,베일
274894,N. Khorkheli,니카 흐오르흐에리,흐오르흐에리
274917,L. Khorkheli,루카 흐오르흐에리,흐오르흐에리
275090,E. Bilgin,에므레 비르기느,비르기느
275102,C. Barker,찰리 멜 바커,바커
275170,Danilo,다닐루,다닐루
275188,S. Miettinen,사무리 라스무스 미트티네느,미트티네느
275219,S. Farhud,사미르 파르흐우드,파르흐우드
275268,C. Nadje,슈리스 케빈 나드주에,나드주에
275291,A. Duville-Parsemain,아레크사느드레 두비르레-파르세메느,두비르레-파르세메느
275367,W. Paugain,윌겐스 파게인,파게인
275560,J. Wright,조셉 라이트,라이트
275561,R. Towler,라일리 벤 타울러,타울러
275565,S. Roughan,션 패트릭 루프안,루프안
275566,E. Bristow,이단 브리스토우,브리스토우
275567,N. Abbey,네르소느 이고다로 아브베이,이고다로
275570,M. Miranda,말리 마샬 미란다,미란다
275575,K. Evans,키런 토마스 에반스,에반스
275651,A. Bonny,앙제요안 보니,보니
275776,K. Asllani,크리스티안 아슬라니,아슬라니
275871,K. Hadji,카스시므 아드주이,아드주이
276184,M. Sarr,마마두 사르,사르
276553,A. Mbengue,아마두 살리프 엠벵게,엠벵게
276604,K. Crichlow,케인 크리클로우,크리클로우
276605,D. Agyakwa,데레크 아흐이아쿠아,아흐이아쿠아
276670,F. Chaïbi,파레스 샤이비,샤이비
276964,Amir Hassan,아미르 하산 카톨,아미르
276973,J. Mingi,제이드 제이 민지,민지
276980,S. Long,사무엘 제임스 롱,롱
276982,W. Blackmore,우이르리아므 오리베르 브라크크모레,브라크크모레
276989,S. Tickle,샘 티클,티클
276990,M. Chapman,마크케느즈이 치아프마느,치아프마느
276991,J. Luamba,주니어 루암바,루암바
277003,N. El Aynaoui,닐 엘 아이나위,아이나위
277046,M. Koné,모하메드 코네,코네
277056,O. Kamdem,우아보 오리베르 카므데므,카므데므
277159,Dani Bolt,다니엘 볼트,볼트
277191,A. Sima,압달라 시마,시마
277432,K. Hurst,카일 허스트,허스트
277435,W. Lancaster,윌 랭커스터,랭커스터
277557,I. Mustafa,일리르 무스타파,무스타파
277563,D. Látal,다비드 라타르,라타르
277715,Z. Brunt,작 리안 브런트,브런트
277716,A. Hackford,앤트완 해크포드,해크포드
277769,P. Ortíz,파브로 안토니오 오르티스 카베사스,오르티스
277862,Joël Monteiro,조엘 알마다 몬테이로,몬테이로
277922,C. Twigt,칼빈 트위흐트,트위흐트
277927,S. Tovide,샘슨 토비드,토비드
277930,T. Aasgaard,텔로 제라르드 아스가르드,아스가르드
278017,E. Morina,엔드리트 모리나,모리나
278041,M. Cox,마트스에우 아이다느 코크스,코크스
278063,M. Dennis,매튜 데니스,데니스
278064,T. Springett,앤써니 게리 스프링엇,스프링엇
278072,M. Faal,모두 라민 파알,파알
278073,T. Dyce,타이리즈 다이스,다이스
278076,M. Odubeko,아데미포 이브라흐이므 오두베코,오두베코
278079,A. Ramsey,에런 램지,램지
278085,S. Edozie,사무엘 이케추쿠 에도지에,에도지에
278086,I. Odutayo,이드리스 오두타요,오두타요
278087,O. O&apos;Neill,올리버 존 오닐,오닐
278088,C. Rushworth,칼 앤드류 러쉬워스,러쉬워스
278092,J. Tomkinson,조나단 톰킨슨,톰킨슨
278095,J. Rowe,조너선 로,로
278096,Jaden Warner,지아데느 우아르네르,우아르네르
278101,H. Williams,흐아르리 우이르리아므스,우이르리아므스
278102,S. Cox,소니 콕스,콕스
278106,T. Smith,톰 스미스,스미스
278107,R. Alebiosu,라이언 알레비오수,알레비오수
278112,H. Wood,흐아르리 우우드,우우드
278113,D. Robson,데이비드 레슬리 롭슨,롭슨
278118,B. Nelson,벤자민 하비 넬슨,넬슨
278123,S. Revan,세바스찬 레반,레반
278128,J. Wilson-Esbrand,조슈아 윌슨 에스브란드,윌슨 에스브란드
278133,Oscar Bobb,오스카 보브,보브
278154,E. Ring,에릭 칼 후고 링,링
278159,A. Kaplan,아흐메트지아느 카프라느,카프라느
278190,A. Álvarez,알바레즈,알바레즈
278196,S. Onyemaechi,소푸루츄쿠 브루노 오네마에치,오네마에치
278214,J. Varane,주오나타느 바라네,바라네
278232,P. Ekwah,피르레-에므마누에르 에쿠아 에리므비,에쿠아
278317,T. Morchiladze,토르니케 모르치이라즈에,모르치이라즈에
278339,F. Gomes Gerth,페데리코 고메스,고메스
278370,D. Gómez,디에고 고메스,고메스
278373,A. Sandez,곤살로 산데즈,산데즈
278375,A. Varela,알란 곤잘로 바렐라,바렐라
278387,R. Leaner,레날도 리너,리너
278391,O. Wallin,비욘 오스카타이거 발린,발린
278399,S. Korri,사카리 코르리,코르리
278450,A. Yoda,아브두르 세드 라즈아크크 이오다,이오다
278453,A. Hajdari,아르비아느 흐아요다리,흐아요다리
278454,M. Ellborg,메르케르 아케 에야보르그,에야보르그
278547,Júlio Romão,줄리오 로드리게스 로마우,로마우
278619,Luíz Júnior,루이즈 주니오르,주니오르
278783,Tiago Morais,티아고 포느투라 포느세카 모라이스,포느투라
278810,M. Avdyli,미로트 아브디리,아브디리
278882,M. Dyche,막스 다이치,다이치
278898,C. Riad,샤디 리아드,리아드
279049,Sean McGurk,션 맥거크,맥거크
279139,A. Raymond,아느드레 아우구스티네 아모스 라이모느드,라이모느드
279482,B. Cipenga,브라이언 키밤베 시펜가,시펜가
279792,Vinícius Tobias,비니키우스 아우구스토 토비아스 시르바,토비아스
279797,Caio Vidal,카이오 비달 로차,로차
279818,Heitor,헤이토르 마리뉴 두스 산토스,산토스
279993,A. Kade,안톤 카데,카데
280074,N. Brown,너새니얼 브라운,브라운
280091,T. Oermann,팀 오어만,오어만
280268,J. Nielsen,이외르게느 니르세느,니르세느
280305,R. Naderi,리아느 도느 나데리,나데리
280317,N. Ohio,노아흐 아니아누우,아니아누우
280334,G. Vidović,가브리엘 비도비치,비도비치
280335,F. Krätzig,프란스 크레치크,크레치크
280339,A. Sieb,아르민도 지에브,지에브
280358,J. Castrop,옌스 카스트로프,카스트로프
280463,S. Ostrzinski,실라스 오스트르진스키,오스트르진스키
280672,E. Turns,에드워드 제임스 턴스,턴스
280678,T. Bloxham,톰 블록셈,블록셈
280685,N. Lonwijk,나이절 체로 론위크,론위크
280687,Hugo Bueno,후고 부에노,부에노
280688,T. Corbeanu,스에오도르 알렉산더 코르베아누,코르베아누
280689,J. Smith,잭슨 스미스,스미스
280693,W. Sutton,윌 서튼,서튼
280695,A. Minda,알란 스티브 민다 가르시아,민다
280716,S. Xerri,스베느 시에르리,시에르리
280758,N. Siri,니콜라스 헤른난 시리 카뇨,시리
280972,J. Mcloughlin,잭 맥러플린,맥러플린
281035,Y. Karashima,카라시마 이우키이오시,카라시마
281323,I. Metsoko,이드주에스시 메트소코,메트소코
281324,J. Gnali,주에레미 시르바느구이 크로비스 뉴아리,뉴아리
281373,E. Prutsev,에고르 프루츠에브,프루츠에브
281795,Y. Asprilla,야세르 에스네이더 아스프리야 마르티네즈,아스프리야
281813,K. Tsepenkov,키리르르 츠에페느코브,츠에페느코브
281962,Marcel Mendes-Dudziński,마르케르 메느데스-두드즈이스키,메느데스-두드즈이스키
281989,D. Khudyakov,다니일 후디아코프,후디아코프
282060,C. Jander,카스파르 얀더,얀더
282065,Youssef Amyn,유세프 왈리 파에크 아민,아민
282124,D. Gyabi,다코 갸비,갸비
282125,R. Lavia,로메오 라비아,라비아
282126,Carlos Forbs,카를로스 포르브스,포르브스
282130,Logan Pye,로건 파이,파이
282132,Charlie Gerard Richard Wellens,찰리 제라드 리처드 웰렌스,웰렌스
282133,J. Hugill,조셉 브렌난 휴길,휴길
282134,H. Sayer,하비 스테판 세이어,세이어
282254,O. Offiah,오델루가 조슈아 오피아,오피아
282300,J. Elbel,이아쿠브 에르베르,에르베르
282356,Tameem Mansour,타민 먼수르 무프타 알 압둘라,알 압둘라
282546,T. Zoukrou,탕위 자비에르 반히 주크루,반히 주크루
282611,Youssef Mohamed Ali,요세프 모하메드 알리,알리
282637,O. Azeez,오루우아페미 지아비르 아즈에에즈,아즈에에즈
282705,A. Owolabi-Belewu,아브두르마리크 지우스티느 오우오라비-베레우우,오우오라비-베레우우
282706,D. Seck,데므바 세크크,세크크
282727,T. Brooks,티어난 브룩스,브룩스
282755,A. Oluwo,아데볼라 올우오,올우오
282767,T. Conway,토미 콘웨이,콘웨이
282770,Rodrigo Gomes,호드리구 고메스,고메스
282903,D. van den Heuvel,트리스탄 다니크 반 덴 흐벨,반 덴 흐벨
283023,M. Conway,막스 콘웨이,콘웨이
283026,M. Biereth,미카 마일스 비에레스,비에레스
283058,N. Jackson,노이어 잭슨,잭슨
283130,J. Arthurs,쥬드 아서스,아서스
283144,C. Sichenje,코르리느스 루사카 시치에느지에,루사카
283174,Mohamed Al Manai,모하메드 나쓰르 알 마나이,알 마나이
283216,B. Nadir,빌랄 나디르,나디르
283222,D. Waldron,댄니 월드런,월드런
283237,D. Lagumdžija,다느 라구므드즈이이아,라구므드즈이이아
283252,Z. El Ouahdi,자카리아 엘 와디,엘 와디
283265,E. Baggott,엘칸 윌리엄 티오 바고트,바고트
283272,A. Pond,알피 폰드,폰드
283273,C. Taylor,캘럽 호아킨 테일러,테일러
283274,J. Malcolm,조반 앤소니 말컴,말컴
283276,Z. Ashworth,자카리 애쉬워스,애쉬워스
283278,T. Fellows,톰 앨런 펠로우스,펠로우스
283287,Paul Nana Akwashi Appiah,폴 나나 아크와시 아피아,아피아
283290,K. McAteer,케이시 맥아티어,맥아티어
283323,Léo Scienza,레오나르도 웨셴펠더 시엔사,시엔사
283351,L. Woodhouse,루카 우드하우스,우드하우스
283480,B. Fall,부바카르 파르르,파르르
283523,V. Krstevski,바네 크르스테브스키,크르스테브스키
283563,J. McKiernan,존 조슈아 맥키어난,맥키어난
283566,V. Brazhko,보로디미르 브라즈흐코,브라즈흐코
283846,A. Akhrif,아브데르라티프 아흐리프,아흐리프
284061,M. Flores,마르셀로 플로레스 도렐,도렐
284071,O. Targhalline,우스사마 타르가르리네,타르가르리네
284072,B. Dieng,셰이크 아마다우 밤바 딩,셰이크 딩
284098,N. Stanković,니콜라 스탕코비치,스탕코비치
284174,M. Turner,매튜 다비드 터너,터너
284185,Charlie Jay Whitaker,찰리 제이 화이테이커,화이테이커
284187,S. Mills,스탠리 밀스,밀스
284191,H. Leonard,해리 폴 레오나드,레오나드
284199,C. Kavanagh,카루므 카바나그,카바나그
284204,D. Okagbue,데이비드 오카그부에,오카그부에
284206,E. Tezgel,엠레 테즈겔,테즈겔
284211,M. Mellon,마이클 지오르다느 도나르드 메르로느,도나르드
284212,D. Sassi,다니엘 사스시,사스시
284214,J. Rooney,제이크 리처드 루니,루니
284215,B. Woods,벤자민 우즈,우즈
284224,Francis Okoronkwo,프란시스 오코롱코,오코롱코
284229,Kane Taylor,카네 타이로르,타이로르
284230,R. Lewis,리코 루이스,루이스
284231,Micah Hamilton,마이카 해밀턴,해밀턴
284236,Temple Ojinnaka,템플 오진나카,오진나카
284237,D. Lembikisa,데크스테르 지오에느그 우우 레므비키사,레므비키사
284247,H. Blair,하비 블레어,블레어
284257,Filozofe Mabete,필로조페 마베테,마베테
284260,Dylan Williams,딜런 윌리엄스,윌리엄스
284266,L. Warrington,루이스 웨슬리 워링턴,워링턴
284267,I. Price,아이작 주드 프라이스,프라이스
284268,Mohamed Katia Kouyate,모하메드 카티아 쿠이아테,쿠이아테
284280,Luke Joseph Butterfield,루크 조셉 버터필드,버터필드
284286,Isaac Mabaya,아이작 마바야,마바야
284293,E. Taylor,엘리스 테일러,테일러
284295,Zidane Iqbal,지단 이크발,이크발
284297,O. Dodgson,오웬 조엘 도지슨,도지슨
284300,Álvaro Fernández,알바로 페르난데스,페르난데스
284302,Zak Gilsenan,즈아크 기르세나느,기르세나느
284306,Kristi Montgomery,크리스티 몽고메리,몽고메리
284307,Ethan Ennis,이선 에니스,에니스
284311,T. Small,티에리 스몰,스몰
284321,T. Nixon,토마스 닉슨,닉슨
284322,K. Mainoo,코비 메이누,메이누
284323,C. Savage,찰리 새비지,새비지
284324,A. Garnacho,알레한드로 가르나초,가르나초
284326,Žan-Luk Leban,즈아느-루크 레바느,레바느
284327,R. Welch,리스 벨필드 웰치,웰치
284328,George Christopher John Pratt,조지 크리스토퍼 존 프랫,프랫
284329,Lenni Rae Cirino,레니 레이 시리노,시리노
284335,William Michael Brook,윌리엄 마이클 브룩,브룩
284338,Sam William John Waller,샘 윌리엄 존 월러,월러
284355,Mikki Avelon Leander van Sas,미키 아벨론 렌더 반 사스,반 사스
284356,S. Charles,셰아 에마뉴엘 찰스,찰스
284361,R. Vítek,라덱 비텍,비텍
284363,R. Bennett,르흐이스 지오세프 우리그트 베느네트트,우리그트
284364,Felix Goddard,펠릭스 고드다르드,고드다르드
284366,L. Chambers,루크 체임버스,체임버스
284372,C. Doyle,캘럼 크레이그 도일,도일
284374,Max Thompson,막스 톰슨,톰슨
284377,Jack Joseph Barrett,지아크크 지오세프 바르레트트,바르레트트
284381,Oliver Bainbridge,올리버 베인브리지,베인브리지
284385,Elijah Xavier Campbell,일라이자 자비에 캠벨,캠벨
284390,J. Wright,제임스 라이트,라이트
284391,S. Murray,샘 머레이,머레이
284396,J. Wormleighton,조셉 올리버 웜리턴,웜리턴
284400,Tobias Christopher Collyer,토비 콜리어,콜리어
284403,Silko Amari Otieno Thomas,실코 아마리 오티에노 토마스,토마스
284405,B. Elliott,벤자민 종우 엘리엇,엘리엇
284406,A. Gilchrist,알피 길크리스트,길크리스트
284407,Jude Jacob Soonsup-Bell,주드 제이콥 순섭-벨,순섭-벨
284408,S. Perkins,소니 투파일 퍼킨스,퍼킨스
284409,D. Mubama,디빈 사쿠 무바마,무바마
284414,R. Mundle,로맹 리 멘들,멘들
284417,Dante Jamel Cassanova,다느테 지아메르 카스사노바,카스사노바
284418,K. Cesay,칼럼 제이비아 트레이시 세세이,세세이
284419,M. Forbes,마이클 포브스,포브스
284420,Zachariah Olumide Awe,자카리아 오루미데 아웨,아웨
284423,R. Finnigan,라이언 제임스 핀니건,핀니건
284428,O. Hutchinson,오디온 허친슨,허친슨
284429,Goran Babic,고란 바비치,바비치
284431,W. Tizzard,윌리엄 제임스 티자드,티자드
284432,S. Earley,사크소느 오우에느 에아르레이,에아르레이
284434,O. Thorn,오스카 손,손
284436,Lewis Shipley,루이스 쉽리,쉽리
284439,L. Sousa,리노 크루즈 수사,크루즈
284441,A. Kamara,아부 카마라,카마라
284442,C. Webster,찰스 클라이브 웹스터,웹스터
284444,Junior Robinson,주니어 로빈슨,로빈슨
284446,F. Potts,프레이저 포츠,포츠
284449,J. Rak-Sakyi,제수런 락-사키,락-사키
284455,M. Craig,마이클 제임스 크레이그,크레이그
284457,L. Bogarde,루케이스 보가르데,보가르데
284459,M. Mothersille,마리크 마이네 모스에르시르레,마이네
284463,Jack Henry-Francis,지아크크 흐에느리-프라느키스,흐에느리-프라느키스
284467,J. Fevrier,제이든 페브리에,페브리에
284468,Courtney Clarke,쿠르트네이 크라르케,크라르케
284470,M. Dibley-Dias,매튜 맥스 디블리-디아스,디블리-디아스
284473,I. Bowat,이반 보와트,보와트
284474,M. Olakigbe,마이클 올루와코레데 올라키그베,올라키그베
284475,L. Harris,루크 버나드 해리스,해리스
284487,Wanya Marçal,와냐 마르살,마르살
284491,Joshua Louis Tobin,지오슈우아 루이스 토비느,토비느
284492,L. Hall,루이스 홀,홀
284493,T. Adaramola,오모타요 다니엘 아다라몰라,아다라몰라
284500,T. Iroegbunam,티모스이 에메카 이로에그부나므,이로에그부나므
284506,Michael George Stickland,마이클 조지 스틱랜드,스틱랜드
284513,Jacob Borgnis,제이콥 보그니스,보그니스
284516,Jeremiah Okine-Peters,제레마이어 오킨-피터스,오킨-피터스
284517,K. Ehibhatiomhan,켈빈 오세무디아멘 에히바티오만,에히바티오만
284523,S. Swinkels,실 로랑티우스 스윙켈스,스윙켈스
284530,Brandon Ashley Cover,브라느도느 아슈레이 코베르,코베르
284532,Zak Norton Sturge,자크 노튼 스터지,스터지
284543,O. Ejeheri,오비 프리느케 에지에흐에리,에지에흐에리
284549,J. Whitworth,조셉 찰스 휘트워스,휘트워스
284554,O. Goodman,오웬 올라미데이오 굿맨,굿맨
284556,T. O&apos;Reilly,토미 딜런 오라일리,오라일리
284558,Harvey Araujo,흐아르베이 아라우지오,아라우지오
284561,K. Abrefa,켈빈 암포마 오포쿠 아브레파,아브레파
284563,Matthew Christopher Rowley,매튜 크리스토퍼 로우리,로우리
284564,B. Hills,브라드레이 흐이르르스,흐이르르스
284571,C. Sagoe,찰스 과메 사고에 주니어,사고에
284795,A. Bellaarouch,알라 벨라루치,벨라루치
284797,D. Ouattara,드라마니 와타라,와타라
284869,T. Fruk,토니 프루크,프루크
284935,M. Dorval,메디 에밀 도르발,도르발
286084,Sergi Altimira,세르지 알티미라 클라벨,알티미라
286349,A. Mehmeti,아니스 메헤티,메헤티
286458,J. Devenny,저스틴 데베니,데베니
286473,F. Carboni,프라느코 에세키에르 카르보니,카르보니
286475,E. Bove,에도아르도 보베,보베
286505,A. Adeyemo,아데 아데예모,아데예모
286551,K. Tobiasz,카크페르 토비아슈,토비아슈
286559,Carlos Domínguez,까를로스 도밍게스 카세레스,도밍게스
286564,Álex Cardero,아레ㅎ아느드로 수아레스 카르데로,수아레스
286593,Nico Serrano,니콜라스 세라노 갈데아노,세라노
286595,Facundo González,파쿤도 곤살레스,곤살레스
286616,F. Jörgensen,필립 요르겐센,요르겐센
286639,Bryan Zaragoza,브리안 사라고사,사라고사
286667,Meshal Khayrallah Al Sebyani,메샬 카이랄라 알 세비아니,알 세비아니
286671,B. Alhassan,바바 알하산,알하산
286710,D. Scherhant,데리 라이오넬 셔한트,셔한트
286760,J. Connolly,제임스 코널리,코널리
286764,Kaide Gordon,카이드 고든,고든
286771,Tyrell Dean Ashcroft,티레르르 데아느 아슈크로프트,아슈크로프트
286773,Leo Castledine,레오 캐슬딘,캐슬딘
286774,Ronnie Stutter,로느니 에두아르드 스투트테르,스투트테르
286777,Ruben Okemute Shakpoke,루벤 오케무테 샤크포케,샤크포케
286779,Brodi Hughes,브로디 흐우게스,흐우게스
286784,D. Redzic,다미르 레드즈이크,레드즈이크
286786,R. Glover,라이언 글로버,글로버
286796,Damián Rodríguez,다미안 로드리게스 소우사,로드리게스
286894,J. Bynoe-Gittens,제이미 기튼스,기튼스
286895,M. Biondic,마테오 비오느디크,비오느디크
286910,Aldair,아우다이르,아우다이르
287109,J. McConnell,제임스 맥커넬,맥커넬
287120,Cristian Makate Bokoya,크리스티아느 마카테 보코이아,마카테
287374,E. Ekong,에므마누에르 에코느그,에코느그
287377,R. De Jesús,로날도 나웰 데 헤수스 로페즈,로날도
287434,A. Tahif,아디르 타흐이프,타흐이프
287564,M. Vitík,마르틴 비티크,비티크
287565,A. Gabriel,아담 가브리엘,가브리엘
287583,João Marques,조아오 마르케스 비에이라 프라이타스 실바 마르케스,마르케스
287590,F. Mayulu,팔리 엔도펀수 마율루,마율루
287592,Manu,손흥민,손흥민
287680,Maroan Sannadi,마로안 산나디 하루치,산나디
287790,N. Sattlberger,니콜라스 살트르베르거,살트르베르거
287868,Max Merrick,막스 메릭,메릭
287916,R. van den Berg,라프 데느 베르흐,데느
287923,N. Tresoldi,니콜로 트레솔디,트레솔디
287927,J. Diehl,요우스티느 디흐르,디흐르
288006,R. Højlund,라스무스 호일룬,호일룬
288073,S. Kitano,기타노 소타,소타
288078,J. Erabi,유세프 에라비,유세프 에라비
288102,A. Wharton,애덤 워튼,워튼
288107,C. McNeill,찰리 마틴 맥닐,맥닐
288109,A. Robertson,알렉산더 션 파블로 로버트슨,로버트슨
288112,Willy Kambwala Ndengushi,우이르리 카므부아라 느데느구슈이,카므부아라
288116,K. Casey,케일런 케이시,케이시
288118,L. Orford,루이스 오퍼드,오퍼드
288125,R. Clayton,리건 클레이튼,클레이튼
288128,Tom Norcott,토므 노르코트트,노르코트트
288129,Alfie Shane McNally,알피 셰인 맥날리,맥날리
288132,Alex Williams,알렉스 윌리엄스,윌리엄스
288137,Harry French,흐아르리 프레느치,프레느치
288200,A. Lloyd,알피 로이드,로이드
288201,Ben Hughes,벤 휴즈,휴즈
288319,M. Valinčić,모리스 발린치치,발린치치
288699,M. Perrone,막시모 페로네,페로네
288704,L. Esquivel,루카스 에스키벨,에스키벨
288759,R. Rodríguez,란달 요나스 로드리게스,로드리게스
288769,T. Baldanzi,톰마소 발단치,발단치
289352,L. Asprilla,루이스 요한 아스프리야 카바예로,아스프리야
289510,H. McHugh,해리 맥휴,맥휴
289554,D. Bladi,다르리느그 브라디,브라디
289592,K. Castaño,케빈 두반 카스타뇨 힐,카스타뇨
289608,J. Snowdon,조셉 레오나드 스노든,스노든
289618,Alex Matos,알렉스 마토스,마토스
289624,S. Braybrooke,사무엘 찰스 브레이브룩,브레이브룩
289661,A. Gajdoš,아르투르 가이도스,가이도스
289761,G. Scalvini,조르조 스칼비니,스칼비니
289944,B. Katona,바리느트 라지오스 카토나,카토나
290045,Adrian Zeljković,에드리안 젤코비치,젤코비치
290046,A. Makoumbou,앙투안 마쿰부,마쿰부
290055,D. Ignatenko,데니스 이그나테느코,이그나테느코
290084,Jassem Al Sharshani,자셈 모하메드 알리 알 샤르샤니,알 샤르샤니
290211,T. Rigo,토마쉬 리고,리고
290212,D. Višinský,데니스 비신스키,비신스키
290213,H. Siquet,휴고 티에리 시케,시케
290215,Raúl Torrente,라우르 토르레느테 나바르로,토르레느테
290545,J. Seelt,젠슨 실트,실트
290546,F. Leysen,페데 레이센,레이센
290549,J. Bakayoko,세느트-키르 주오아느 바카이오코,바카이오코
290554,M. Mohebi,모함마드 모헤비,모헤비
290630,N. Makni,나비르 마크니,마크니
290635,C. Neghli,카미엘 네글리,네글리
290646,A. Sanches,알빈 안토니오 산체스,산체스
290700,N. Eliasi,니브 에리아시,에리아시
290707,Mohammad Mehdi Ahmadi,모흐아므마드 메흐디 아흐마디,아흐마디
290717,P. Lane,패트릭 존 레인,레인
290721,D. Brown,다존 브라운,브라운
290740,Ilias Akhomach,일리아스 아호마시,아호마시
291019,C. O&apos;Connell,찰리 오코넬,오코넬
291022,Joshua Keeley,조슈아 키리,키리
291024,Hélio Varela,에리오 산드로 올리베이라 알베스 바렐라,바렐라
291107,N. Kenneh,노한 케네,케네
291108,R. Apter,로버트 줄리안 압터,압터
291109,B. Kamwa,바비-에마뉴엘 캄와,캄와
291147,Miguel Brau,미겔 앙헬 브라우 블랑케스,브라우
291363,George Earthy,조지 어시,어시
291367,Sami Tlemcani,사미 트레므카니,트레므카니
291418,S. Jansen,스벤 얀센,얀센
291438,Kwadwo Amoako,쿠아두오 아모아코,아모아코
291439,C. Nettey,치리스토페르 나카이 네트테이,네트테이
291453,F. Oukiné,펠릭스 우키네 트슈에우데,우키네
291476,D. Fofana,다트로 포파나,포파나
291530,F. Catarozzi,카타로지,카타로지
291649,Vanderson,반데르송,반데르송
291713,A. González,아르만도 곤살레스 알바,곤살레스
291964,A. Güler,아르다 귈러,귈러
292077,A. Abdulla,아이바르 아브두르라,아브두르라
292101,A. Sakarias,아르투르 사카리아스,사카리아스
292111,Georgie Gent,조지 젠트,젠트
292116,R. Cleary,레예스 데마르 유리아 클리어리,클리어리
292118,O. Foyo,오스만 포요,포요
292253,Ahmed Hasan Al Reeshawee,아흐마드 하산 알 리샤위,알 리샤위
292350,W. Swan,윌 조나단 스완,스완
292363,E. Ortakaya,에미르 오르타카이아,오르타카이아
292396,A. Londoño,아자리아스 에마뉴엘 론도뇨 곤살레스,론도뇨
292695,Ahmed Koka,아흐메드 코카,코카
292924,A. Benbouali,아흐메드 나디르 벤부발리,벤부발리
292932,S. Soumah,살리푸 소우마,소우마
292942,B. Sambou,부리 주우니오르 사므부,사므부
293023,J. Bocandé,주에아느 레미 보카느데,보카느데
293163,J. Donley,제이미 돈리,돈리
293168,Max Alleyne,막스 알레인,알레인
293294,Y. Stoyanov,이오아느 스토이아노브,스토이아노브
293314,D. De Silva,딜론 세난 데 실바,데 실바
293450,D. Abagna,다비드 사느다느 아바그나,아바그나
293480,B. Dairou,부바카리 데루,데루
293550,G. Vodeb,가스페르 보데브,보데브
293638,I. Imoro,이브라흐이므 이모로,이모로
293642,K. Opoku,콰메 오포쿠,오포쿠
293643,I. Osman,이브라힘 오스만,오스만
293747,D. Legbo,크리스천 디미트리 레그보 우구에이,레그보
293985,M. Ndoye,마리크쿠 느도이에,느도이에
293986,M. Baldé,아드주이 무타루 바르데,바르데
294157,Tahir bin Amir,타흐이르 아미르,아미르
294262,I. Kingsley,이느노케느트 키느그스레이,키느그스레이
294285,P. Bassène,포르 바레레 바스세네,바스세네
294290,M. Harrar,메디 하라르,하라르
294298,I. Moutaraji,이스마이르 무타라지이,무타라지이
294299,O. Zemraoui,우스사마 즈에므라우이,즈에므라우이
294349,D. Sosah,다니엘 소사,소사
294552,J. Tchamadeu,주니어 바티스트 차마드우,차마드우
294638,Finley Munroe,핀리 먼로,먼로
294639,J. Sraha,제이슨 로버트 스라하 스라하,스라하
294684,Y. Baas,유리 바스,바스
294751,J. Leake,지아케 다비드 레아케,레아케
294756,G. O&apos;Donkor,갓린 오도코르,오도코르
294797,Ángel Alarcón,안헬 알라콘 가리오티,가리오티
294824,N. Saliba,네이슨-딜란 사리바,사리바
294904,S. Bell,샘 벨,벨
294948,M. Okafor,미라클 오카포,오카포
294978,T. Bany,타므메르 바니 오데흐,바니
295026,M. Baturina,마르틴 바투리나,바투리나
295214,D. Kramář,데니스 크라마르,크라마르
295362,C. Stead,칼럼 스테아드,스테아드
295394,Munaf Younus,무나프 유누스 하심 알 테크리티,무나프 유누스
295513,J. López,호세 마누엘 알베르토 로페스,로페스
295540,M. Živković,모레노 지브코비치,지브코비치
295661,H. Macadam,하비 맥아담,맥아담
295703,L. Bennett,리암 베넷트,베넷트
295724,T. Leigh,토미 리,리
295750,J. Hazlehurst,잭 해즐허스트,해즐허스트
295777,Vladislav Blănuță,브라디스라브 브라누타,브라누타
295793,Marc Pubill,마르크 푸빌,푸빌
295827,K. Smith,케르르 다비드 스미스,스미스
295836,Mikuláš Kubný,미쿠라스 쿠브니,쿠브니
295912,H. Burke,해리슨 버크,버크
295958,U. Adhamzoda,우마르 아드함조다,아드함조다
295977,T. Moremi,츠팡 모레미,모레미
296121,J. Hinchy,잭 사무엘 로렌스 힌치,힌치
296133,Masoud Faraj Al-Rubaie Al-Yami,마수드 파라지 아르-루바이에 아르-이아미,아르-루바이에
296149,T. Stoppen,타데아스 스토프페느,스토프페느
296314,Abdalla Yousif,압달라 시렐카팀 압달라 요우시프,압달라
296333,M. Bakrar,문세프 박라르,박라르
296373,Zayed Tahseen,자예드 타흐신,타흐신
296455,M. Stroeykens,마리오 스트로에이케느스,스트로에이케느스
296458,D. Jebbison,다니엘 제비슨,제비슨
296534,C. Taylor,코너 테일러,테일러
296560,J. Tchatchoua,주드 차추아,차추아
296642,M. Balard,막심리앵 발라르,발라르
296656,Abbas Al Hassan,아바스 사디크 나세르 알 하산,알 하산
296660,S. Fallah,사만 파랄라 바르나미,파랄라
296664,Isaac Heath,아이작 히스,히스
296665,C. Casper,찰리 캐스퍼,캐스퍼
296667,Gavi,파블로 가비,가비
296668,J. Currie,잭 커리,커리
296816,S. Attard,슈아이세느 아트타르드,아트타르드
296831,M. Rijks,메에스 레이크스,레이크스
296940,Saad Al Nasser,사아드 파하드 살레 알 나세르,사아드 알 나세르
296955,R. Galvin,라이언 갈빈,갈빈
296959,L. Ayina,로이크 들리스 헨리 아이나,아이나
297141,Isaac Andrew Fletcher,이사아크 아느드레우 프레트치에르,프레트치에르
297187,L. Hjelde,레오 옐데,옐데
297232,F. Draper,프레드릭 찰스 드레이퍼,드레이퍼
297268,O. Campos,오마르 안토니오 카므포스 치아고이아,카므포스
297297,J. Yfeko,지오흐느리 레비 이페코,이페코
297303,Gabri Martínez,가브리엘 마르티네스 아길레라,마르티네스
297343,A. Alcaraz,아드리안 알카라스 토라레스,알카라스
297397,A. Bran,아레ㅎ아느드로 ㅎ에수스 브라느 프로레스,브라느
297581,J. Steuckers,야르네 스토이커스,야르네 스토이커스
297583,J. Mitchell,제일랜드 미첼,미첼
297635,Devan Austin Tanton Pedraza,데반 오스틴 탄톤 페드라자,페드라자
297641,Jenson Metcalfe,젠슨 메트칼프,메트칼프
297690,N. Fernández,파블로 니콜라스 페르난데스,페르난데스
297749,L. Rodríguez,루시아노 로드리게스,로드리게스
297750,D. Romero,로메로,로메로
297818,K. Lolos,클라이디 로로스,로로스
298049,R. Street,로버트 니콜라스 스트리트,스트리트
298060,Z. Silcott-Duberry,즈아이느 리오 시르코트트-두베르리,시르코트트-두베르리
298061,Ted Curd,테드 커드,커드
298070,R. Salo,루페 사로,사로
298104,C. Barrett,코너 엘리스 배럿,배럿
298127,Mamadi Camará,마마디 카바 카마라,카마라
298128,K. Kesler-Hayden,케인 케슬러-헤이든,케슬러-헤이든
298129,M. Boateng,말라카이 보텡,보텡
298130,L. Macari,루이스 존 맥칸,맥칸
298143,N. Broome,네이단 리 브룸,브룸
299802,J. McGrath,존-앨런 맥그라스,맥그라스
299813,Ali Al Hamadi,알리 이브라힘 카림 알 하마디,알 하마디
299817,K. Gadellaa,케빈 가델라,가델라
299923,M. Belloumi,모하메드 에르바치이르 베르루미,베르루미
299925,Pedrinho,조제 페드루 산투스,산투스
300885,N. Deossa,넬슨 알렉산더 데오사 수아레즈,데오사
301184,R. Colwill,루빈 콜윌,콜윌
301187,Pablo,파블로,파블로
301281,A. Phillips,애슐리 필립스,필립스
301282,Benn David Ward,벤 데이비드 워드,워드
301285,P. Charles,피어스 찰스,찰스
301286,Tommy Pilling,토미 제임스 필링,필링
301295,K. Rodney,케이든 카이 로드니,로드니
301322,K. Sabbe,키리아니 사브베,사브베
301363,Edmilson,에드밀손 데 파울라 산토스 필료,파울라
301398,Yassin Sbai,이아스시느 스바이,스바이
301526,Abdullah Radif,압둘라 라디프,라디프
301528,A. Schjelderup,안드레아스 셸데루프,셸데루프
301642,Papa Mustapha Daniel,파파 무스타파 다니엘,다니엘
301657,Bader Munshi,바데르 모하메드 이우스세프 무느시이,무느시이
301658,J. Andrews,조슈아 매튜 앤드류스,앤드류스
301763,P. Ratkov,페타르 라트코브,라트코브
301771,S. Adingra,시몬 아딩그라,아딩그라
301772,M. Łęgowski,마테우슈 우고프스키,우고프스키
301867,G. Langston,조지 제임스 바르보사 랭스턴,랭스턴
302277,Rubén Gómez,루베느 고메스 페리스,고메스
302411,Luke Hewitson,루케 흐에우이트소느,흐에우이트소느
302432,A. Bianco,알레산드로 비앙코,비앙코
302622,K. Keben,케빈 케벤 비아콜로,케벤
302861,Sulaiman Hazazi,수라이마느 이아흐이아 사르마느 흐아즈아즈이,흐아즈아즈이
302868,D. Guindo,다우다 구이느도,구이느도
302869,N. Dorgeles,네네 도르젤레스,도르젤레스
302915,M. Diambou,마마디 디암부,디암부
303004,Daniel Dos Santos,다니엘 사느토스 코르라이아,사느토스
303010,Daniel Gore,다니엘 고어,고어
303020,F. Lissah,피리프 리스사흐,리스사흐
303118,S. Kotto,사무엘 주우니오르 코트토,코트토
303294,M. Djimet,무스타파 드주이메트,드주이메트
303322,N. Djiga,야쿠바 나세르 지가,지가
303362,R. Belghali,라피크 벨갈리,벨갈리
303378,Javi Serrano,ㅎ아비르 세르라노 마르티네스,세르라노
303460,D. Ballard,도미닉 발라드,발라드
303462,K. Doyle,카마리 도일,도일
303467,A. Fatawu,이사하쿠 압둘 파타우,파타우
303468,D. Afriyie,다니엘 아프리이,아프리이
303474,Philomon Baffour,피레모느 바프푸르,바프푸르
303512,A. Ramzi,아치라프 라므즈이,라므즈이
303560,H. Vaughan,흐아르리 파트리크크 바우가느,바우가느
303680,I. Pavlić,이파느 파프리크,파프리크
303749,F. Ramani,페라트 라마니,라마니
304003,A. Đurić,안드레아 듀리치,듀리치
304026,A. Forson,아만콰 포슨,포슨
304050,T. Oshima,타쿠토 오시마,오시마
304057,O. Davis,오르만 다비스,다비스
304161,B. Traoré,베니 트라오레,트라오레
304228,Z. Debast,제노 데바스트,데바스트
304229,M. Mastil,멜빈 페이살 마스틸,마스틸
304249,I. Varfolomeev,이반 바르폴로메에프,바르폴로메에프
304288,Declan Frith,덱란 프리스,프리스
304301,Jake Thomas Batty,지아케 토마스 바트티,바트티
304305,S. Finch,소니 핀치,핀치
304317,T. Dibling,톰 디블링,디블링
304318,Cameron Bragg,캐머런 브래그,브래그
304320,D. Ozoh,데이비드 이케추쿠 오조,오조
304373,D. De Roeve,덴젤 데 로에브,데 로에브
304467,Jehad Abdullatif Ahm,제하드 압둘라티프 아흐마,제하드
304769,A. Segecic,에이드리언 세게치치,세게치치
304782,T. Hayakawa,하야카와 도모키,도모키
304853,A. Scott,알렉스 스콧,스콧
304895,E. Essiam,에므마누에르 에스시아므,에스시아므
304918,A. Yokoyama,요코야마 아유무,아유무
304951,Lee Gi-Hyuk,기혁 이,이
304958,Yang Hyun-Jun,양현준,양현준
304965,Kim Bong-Soo,봉수 김,김
304984,J. Spileers,조르네 스필리어스,스필리어스
305450,E. Annan,에베네즈에르 아느나느,아느나느
305698,H. Hurtado,에크토르 우문베르토 우르타도 비스카니오,우르타도
305728,Jack Kingdon,지아크크 키느그도느,키느그도느
305730,J. Hinshelwood,잭 힌셜우드,힌셜우드
305732,T. Wilson-Brown,토마스 윌슨-브라운,윌슨-브라운
305733,W. Alves,윌리엄 토마스 알베스,알베스
305809,João Pedro,주앙 페드루,페드루
305816,Metinho,아벰리 메토 실루,메토
305832,M. Galarza,마티아스 가라르사,가라르사
305834,Andrey Santos,안드레이 산토스,산토스
305853,Fernando Neto,페르난도 에바느게리스타,에바느게리스타
306109,S. Abdollahi,시나 아브도르라흐이,아브도르라흐이
306190,A. Dzagania,아미라느 즈아가니아,즈아가니아
306192,L. Odisharia,라시아 오디시아리아,오디시아리아
306195,Z. Lataria,즈우라브 라타리아,라타리아
306317,Loay Al Ani,로아이 알 아니,로아이 알 아니
306368,Ricardinho,히카르지뉴,히카르지뉴
306380,Musab Al Juwayr,무사브 파하드 자이드 알 쥬와이르,무사브 알 쥬와이르
306578,K. Vargas,케느네트흐 헤라르도 바르가스 바르가스,바르가스
306618,Kang Seong-Jin,강성진,강성진
306652,V. Pigas,바디므 피가스,피가스
306706,A. Giay,아구스틴 기아이,기아이
306716,A. Rodríguez,알레한드로 로드리게스 바에나,바에나
306727,J. Solis,존 엘머 솔리스 로메로,솔리스
306826,R. Aan,로메오 아아느,아아느
306940,Y. Medina,야이마르 아벨 메디나 오르티스,메디나
306954,A. Henriksson,페르 악셀 닐스 헨릭손,헨릭손
306955,O. Rosengren,오토 에릭 로젠그렌,로젠그렌
306979,H. Igamane,함자 이가마네,이가마네
307117,D. Osorio,다리오 에스테반 오소리오 오소리오,오소리오
307123,N. O&apos;Reilly,니코 오라일리,오라일리
307244,H. Rahimi,흐우스시네 라흐이미,라흐이미
307333,R. Kurtanidze,레바즈 쿠르타니즈에,쿠르타니즈에
307381,A. Davronov,알리벡 다브로노프,다브로노프
307386,Z. Abdurahmatov,자파르무로드 압두라흐마토프,압두라흐마토프
307417,V. Kalinin,브라디스라브 카리니느,카리니느
307426,A. Nagalo,아다모 나갈로,나갈로
307605,Yevgeniy Sitdikov,이에브게니이 시트디코브,시트디코브
307835,Beraldo,루카스 베랄두,베랄두
307858,Emilio Lawrence,에미리오 라우레느케,라우레느케
307952,Paul Bismarck Tabinas,파우르 비스마르크크 타비나스,타비나스
308125,D. Kaïba,드주아우아르 카이바,카이바
308299,G. Breeze,가브리엘 브리즈,브리즈
308645,T. Róbertsson,토마스 오르리 로베르트스소느,로베르트스소느
308668,N. Moriah-Welsh,네이단 다니엘 모라이아-웰시,모라이아-웰시
308676,J. Ward,지에드 우아르드,우아르드
308678,Dário Essugo,다리우 이수구,이수구
308689,S. Lopes Cabral,신디 로페스 카브랄,로페스
308795,M. Chol,마촙 말루알 촐,촐
308798,L. Villalba,루카스 빌랄바,빌랄바
308814,L. Stojković,루카 스토이코비치,스토이코비치
308815,J. Kanga,지아르데르르 카느가,카느가
308839,X. Severina,잔더 세베리나,세베리나
308843,T. Patterson,트래비스 패터슨,패터슨
308844,Todd Alcock,토드 알콕,알콕
308847,R. Harbottle,라일리-제이 하버틀,하버틀
308864,J. Bauress,조셉 바우레스,바우레스
308867,S. Grehan,션 그레한,그레한
308868,J. Kenny,조니 케니,케니
308998,Ávaro Leiva,아르바로 라이바 아레마니,라이바
309011,R. Ibrahim,라슈 라흐이므 이브라흐이므,이브라흐이므
309155,Hevertton Santos,흐에베르트토느 키리아코 사느토스,키리아코
309364,Coba,코바 고메스 코스타,고메스
309501,A. Cozier-Duberry,아마리오 코지에르-두베리,코지에르-두베리
309503,M. Reindorf,마이클 라인도프,라인도프
309505,R. Walters,레우에르르 우아르테르스,우아르테르스
309506,J. Robinson,지오슈 노아흐 리느느포르드 로비느소느,리느느포르드
309507,B. Ibrahim,브래들리 이브라힘,이브라힘
309510,L. Shala,로렌스 샬라,샬라
309634,Gabriel Grando,가브리엘 흐아메스테르 그라느도,흐아메스테르
309763,L. Comenencia,리바노 코메넨시아,코메넨시아
309766,C. Setford,치아르리 테레느케 세트포르드,세트포르드
309778,M. Mitsuta,미쓰타 마코토,마코토
309792,Kaiki,카이키 브루노 다 실바,다 실바
309812,Alfie Marriott,알피 마리엇,알피 마리엇
309814,Mohammed Olabosun Lawal,모하메드 올라보순 라왈,라왈
309816,S. Forde,슈아카이 티레에케 스테베느 포르데,포르데
309935,D. Salčinović,디노 사르키노비크,사르키노비크
310029,J. Mendes,조사팟 우딩 멘데스,조사팟 멘데스
310075,I. Hjorteseth,이사크 토마르 흐지오르테세트흐,토마르
310076,N. Jensen Wassberg,니클라스 예른 바스베리,예른
310129,B. Thoresen,벤자민 트흐오레세느 파라아스,트흐오레세느
310186,C. Scanlon,카루므 스카느로느,스카느로느
310187,Stefan Bajčetić,스테판 바이체티치,바이체티치
310196,Ismaël Gharbi,이스마에르 사이파이아흐 가르비,가르비
310199,R. Huescas,로드리고 우에스카스,우에스카스
310200,G. Elien,구리 일리엔,일리엔
310305,G. Pereira,기에르모 페레이라,페레이라
310307,I. Sosa,이그나시오 소사,소사
310313,A. Micolta,노만 안드레스 미콜타 아로요,미콜타
310442,N. Athanasiou,니코라오스 아타나시우,아타나시우
310457,S. Negru,스테페느 네그루,네그루
310471,S. Skeide,시베르 스쿠느드베르그 스카이데,스쿠느드베르그
310502,M. Madjed,몬타더 마제드,몬타더 마제드
310529,G. Kodua,기드온 멘사 코두아,코두아
310531,Rio Kyerematen,리오 케레마텐,케레마텐
310561,Marvin Marvellous Kaleta,마빈 마벨러스 카레타,카레타
310562,Rico Browne,리코 브라운,브라운
310613,A. Haimoud,아브데르라흐 흐아이무드,흐아이무드
310700,A. Crnac,안테 크나크,크나크
310730,M. Ujlaky,마레크 우이라키,우이라키
310785,Mohannad Abu Taha,모하난드 아부 타하,아부 타하
310827,Abdulrahman Al Sanbi,압둘라만 세일렘 파델 알 산비,알 산비
310831,Rashid Al Abdulla,라시드 알 압둘라,압둘라
310835,Abdallah Naseeb,압달라 무사 무살람 나시브,나시브
310837,Mohannad Jehad Semreen,모하난드 제하드 세므린,세므린
310858,L. Morales,레로이 얀폴 모랄레스 나파,모랄레스
310943,Alisson Santos,알리송 산투스,알리송
311001,J. Jezierski,이아쿠브 이에즈이르스키,이에즈이르스키
311067,S. Castro,산티아고 카스트로,카스트로
311071,N. Valentini,니콜라스 발렌티니,발렌티니
311093,Tommy Simkin,토미 심킨,심킨
311095,D. Cox,다니엘 콕스,콕스
311096,L. Woolston,루크 제임스 울스턴,울스턴
311101,A. Mitchell,알렉산더 폴 미첼,미첼
311273,T. Sander,트흐에오 니코리니 사느데르,니코리니
311277,Rômulo,호물루 소우자 오레스테스 칼데라,칼데라
311279,Alexandre,알렉상드르 로페스,로페스
311334,F. Buonanotte,파쿤도 부오낫테,부오낫테
311360,T. Palacios,토마스 팔라시오스,팔라시오스
311384,Jefté,제프테 비탈 다 실바 디아스,비탈
311400,Atila,아티라 구이류에르메 사레스 프라이라,사레스
311404,Pedro Igor,페드루 수사,수사
311432,P. Bravo,페드로 안토니오 브라보 란다주리,페드로
311543,N. Angulo,노에르 앙구로,앙구로
311544,Sebastían González Baquero,세바스티아느 고느사레스 바케로,고느사레스
311773,S. Mouriño,알바로 산티아고 무리뉴 곤살레스,무리뉴
311785,K. Andrade,커빈 마리오 안드레이드 나바로,나바로
311817,A. Dorrington,알피 도링턴,도링턴
311820,D. Murray,데이인 머레이,머레이
311906,M. Khamraliev,무함마드코디르 캄랄리예프,캄랄리예프
312118,Joshua Feeney,조슈아 피니,피니
312164,J. Wynder,지오슈우아 리아므 우이느데르,우이느데르
312231,Ruslanbek Jiyanov,루슬란베크 지얀예프,지얀예프
312256,Sydie Peck,사이디 펙,펙
312260,K. Young,카단 영,영
312267,E. Pye,이단 파이,파이
312459,N. Velupillay,니샨 벨루필레이,벨루필레이
312468,Álex Padilla,알레한드로 파딜라 페레즈,파딜라
312615,Giovane,지오바니 (2003년),(2003년)
312634,P. Karhan,파트리츠크 카르흐아느,카르흐아느
312652,Waheb Saleh,와헙 살레,와헙 살레
312669,Abdurauf Bo'riyev,압두라우프 보리예프,보리예프
312840,E. Poku,에두아르도 포쿠,포쿠
312902,L. Cissé,모하메드 라민 시세,시세
312903,G. van Zwam,조반니 반 즈왐,즈왐
312964,N. Ngoy,네이단 노이,노이
312985,S. Vignato,사무에레 비니아토,비니아토
313025,Hugo Rincón,흐우고 리느코느 루므브레라스,리느코느
313078,I. Babadi,이사아크 코로마,코로마
313152,Z. Gruber,좀보르 그루버,그루버
313167,Manuel Ángel,엠 에이 모란,에이 모란
313217,Z. Williams,마이클 이스사크 우이르리아므스,이스사크
313222,A. Kalogeropoulos,알렉산드로스 칼로게로푸로스,칼로게로푸로스
313230,Mathaeus Roberts,마테우스 로버츠,로버츠
313235,Caylan Vickers,케일런 빅커스,빅커스
313236,E. Nwaneri,에단 은와네리,은와네리
313240,B. Smith,바스티안 스미스,스미스
313242,Abraham Kanu,에이브러햄 카누,카누
313245,M. Lewis-Skelly,마일스 루이스스켈리,루이스스켈리
313246,Boyd Beacroft,보이드 베아크로프트,베아크로프트
313247,H. Rhone,흐아르리소느 르흐오네,르흐오네
313248,M. Litherland,마트스에우 리스에르라느드,리스에르라느드
313249,C. Olson,치아르레스 카메르 오르소느,오르소느
313308,A. Kadlec,애덤 카드레츠,카드레츠
313353,P. David,프로미스 데이비드,데이비드
313383,O. Vargas,오베드 바르가스,바르가스
313637,B. Ilunga,브루클린 일룽가,일룽가
313638,J. Beck,율리우스 에스켈룬 벡,벡
313651,Hugo Sotelo,우고 소텔로 고메즈,소텔로
313732,Pablo Maia,파블로 마이아,마이아
313739,Osamah Al Tairi,오사마 압둘카림 아흐메드 알 타이리,알 타이리
313748,V. Gasc,바레느티느 로마느 가스크,가스크
313936,Patrik Vasiľ,파트리크 바시르,바시르
313937,A. Mendy,앙투안 멘디,멘디
313941,A. Gaaei,안톤 가에이,가에이
314145,Guilherme Henriques da Silva Carvalho,기우에르메 앙리케스 다 실바 카르발류,카르발류
314227,D. Tkáč,다비드 트카츠,트카츠
314231,A. Richardson,마이클 리차드슨,리차드슨
314254,A. Raimondo,안토니오 라이모느도,라이모느도
314265,B. Meijer,비오르느 토마스 마이이에르,마이이에르
314266,L. Valente,루치아노 발렌테,발렌테
314341,H. Skogvold,흐에느리크 라느가아스 스코그보르드,라느가아스
314368,J. Fiala,얀 피알라,피알라
314377,S. Baždar,사메드 바즈다르,바즈다르
314509,M. Epolo,마티우 루카 에폴로,에폴로
314511,A. Nusa,안토니오 누사,누사
314661,J. Danns,제이든 댄스,댄스
314849,A. Husic,아넬 카림 후시치,후시치
315099,Mohammad Abu Hasheesh,모하마드 아부 하시쉬,아부 하시쉬
315122,Husam Abudahab,후삼 알리 모하마드 아부다합,아부다합
315127,R. Revivo,로이 레비보,레비보
315237,W. Osula,윌리엄 오수라,오수라
315462,D. Dujmović,두이에 두이모비츠,두이모비츠
315569,J. Lavega,호아킨 라베가,라베가
315615,L. Hey,루카스 보에르 흐에이,보에르
315767,Patrick Kelly,패트릭 켈리,켈리
315769,D. Robinson,다렌 로버트 러셀 로빈슨,러셀
315785,M. Šetkus,마르티나스 세트쿠스,세트쿠스
315880,P. Andreev,프라메느 프라메노브 아느드레에브,프라메노브
315881,A. Mitkov,아세느 이바노브 미트코브,이바노브
316075,F. Uriča,피리프 우리츠아,우리츠아
316077,M. Hadaš,마테이 흐아다스,흐아다스
316161,A. Šuto,아느테 수토,수토
316517,A. Matturro,아라느 아구스티느 마트투르로 로메로,마트투르로
316519,F. Bernal,베르날,베르날
316904,J. Olaitan,주우니오르 오레타느 이슈오라,오레타느
316924,A. Amado,아마도,아마도
317018,R. Ovouka,라디 마첼 호켐바 오보우카,오보우카
317375,A. Bouras,아크라므 부라스,부라스
317380,G. Lindgren,구스타브 윌리 린드그렌,린드그렌
317447,Jamie Mullins,제이미 멀린스,멀린스
317617,H. Arngrímsson,흐아느스 이아쿠프 아르느그리므스소느,아르느그리므스소느
317825,S. Dweh,샘슨 카르거오 드웨 주니어,드웨
318053,S. Goglichidze,사바 고그리치이즈에,고그리치이즈에
318056,A. Murphy,알렉스 머피,머피
318083,O. Ruoppi,오트토 루오프피,루오프피
318084,L. Sahimaa,라우리 사흐이마,사흐이마
318119,J. Hanstad,지아코브 흐아느스타드,흐아느스타드
318198,S. Koistinen,사무 코이스티네느,코이스티네느
318416,M. Broholm,마리우스 시버트센 브로홀름,브로홀름
318595,A. Farah,아브데르라흐 파라흐,파라흐
318930,G. Métusala,가르벤미셰 메투살라,메투살라
318999,B. Andrésson,베노니 브레키 안드레손,안드레손
319130,M. Haaland,마르쿠스 할란드,할란드
319319,M. Brøndbo,마그누스 브롘보,브롘보
319385,A. Murphy,애덤 무르피,무르피
319388,F. Tebo Uchenna,프랭클린 데골 테보 우첸나,우첸나
319495,A. Sadybekov,아딜렛 사디베코프,사디베코프
319517,A. Milambo,알프론스 미람보,미람보
319572,V. Barco,발렌틴 바르코,바르코
319867,D. Owusu,데느니스 오부수,오부수
319919,O. El Azzouzi,우스사마 아즈즈우즈이,아즈즈우즈이
320017,Y. Salech,요세프 살레치,살레치
320335,J. Abankwah,제임스 브라이트 아두세이 아반쿠아,아반쿠아
320517,Pablo Durán,파블로 두란 페르난데스,파블로
320836,L. Ness,루카스 네스,네스
320843,C. Forino-Joseph,크리스 포리노-조셉,포리노-조셉
321517,G. Lehtmets,그레고르 레흐트메트스,레흐트메트스
321616,P. Djitte,파페 마스사르 드주이트테,드주이트테
321617,F. Fall,파리루 파르르,파르르
321622,M. Diallo,마흐무트 디아르로,디아르로
321623,D. Mendy,도미니크 멘디,멘디
321624,A. Seydi,아브두 세이디,세이디
321625,M. Ba,모하메드 라스수르 바,바
321627,S. Gueye,세리뉴에 사리우 구에이에,구에이에
321628,A. Mbaye,아리우네 므바이에,므바이에
321629,A. Ndoye,아브두르 느도이에,느도이에
321658,P. Mercado,파트리크 클라이버 메르카도 알타미라노,메르카도
321663,Rwan Cruz,루완 크루즈,크루즈
321669,E. Nevitt,엘리엇 로이드 네빗,네빗
321711,A. Assaf,아마드 아사프,아사프
321746,A. Engwanda,알론조 팀 엥완다-온게나,엥완다
321803,Á. Þorsteinsson,아구스트 오르리 토르스타이느스소느,토르스타이느스소느
321805,V. Gautason,비크토르 에르마르 가우타소느,가우타소느
321838,R. Chagas,로드리고 차가스,차가스
321839,B. Damiani,다미아니,다미아니
321860,J. Milne,지아크크 미르네,미르네
322050,D. Kasabulat,다미르 카사불라트,카사불라트
322069,Victor Hugo,빅토르 흐우고 시르바 코스타,시르바
322101,A. Memić,아마르 메미치,메미치
322147,A. Sfait,아느드레스 에미르 스파이트,스파이트
322179,M. Lixandru,미하이 다니엘 리산드루,리산드루
322304,Cathal Heffernan,카스아르 흐에프페르나느,흐에프페르나느
322305,J. O&apos;Brien-Whitmarsh,조셉 오브라이언-위트마쉬,위트마쉬
322506,E. Aydın,에윕 아이딘,아이딘
322560,L. Stassin,루카스 프레데릭 스타신,스타신
322561,S. Michez,셰스니,셰스니
322621,A. Papadopoulos,안토니 파파도폴로스,파파도폴로스
322626,M. Zanotti,마트티아 즈아노트티,즈아노트티
322628,Noah Phillips,노아흐 피르리프스,피르리프스
322630,G. Fabbian,조반니 파비안,파비안
322792,O. Langbråten,오레 라느그브라테느,라느그브라테느
322860,F. Pseftis,포티스 프세프티스,프세프티스
322863,J. Candelaria,제이든 캔델라리아,캔델라리아
322882,E. Fernandez,에마뉴엘 올루와세군 페르난데스,페르난데스
322884,F. Terry,프랭키 테리,테리
322929,I. Cissoko,이브라흐이므 키스소코,키스소코
322984,S. Baidoo,사므소느 바이두,바이두
323324,M. Söderbäck,마리우스 소데르바크크,소데르바크크
323375,T. Spycher,팀 스피커,스피커
323377,M. Hancock,메이슨 콜린 핸콕,핸콕
323449,A. Al Dakhil,아민 알 다킬,알 다킬
323543,Mohamad Al Naser,모하마드 알 나세르,알 나세르
323591,S. Nypan,스베레 니판,니판
323785,V. Taborda,비센테 타보르다,타보르다
323820,A. Mrynskiy,알렉산드르 미린스키,미린스키
323824,V. Sejk,바츠라브 세이크,세이크
323901,S. Ngabo,사느데르스 느가보,느가보
323933,A. Diop,아부 바크리 디오프,디오프
323934,A. Kanté,아라스사네 마오도 카느테,카느테
323935,G. Simeone,줄리아노 시메오네,시메오네
323936,M. Soulé,마티아스 소울레 말바노,소울레
323942,J. Alcócer,ㅎ오시마르 아느헤로 아르코케르 므크쿠크,아르코케르
323943,M. Jobe,마마두 조베,조베
324034,G. Puerta,구스타보 아돌포 푸에르타 몰라노,푸에르타
324097,D. De Neve,디온 데 네브,네브
324116,K. Balomenos,코느스타느티노스 바로메노스,바로메노스
324234,G. Szalai,가보르 샌도르 샬라이,샬라이
324247,R. Gal,라레스 프로리아느 가르,가르
324709,L. Kurgin,레브 쿠르긴,쿠르긴
324750,Carlos Martín,까를로스 마르틴 도밍게스,도밍게스
324933,C. Avram,코스테르 아브라므,아브라므
325030,K. Kouassi,킬리안 프린스-에마누엘 트레소르 쿠아시,쿠아시
325165,Roger Fernandes,로게르 페르나느데스,페르나느데스
325293,J. Bennette,헤위손 베네테,베네테
325317,S. Benjdida,수피아네 베느지디다,베느지디다
325343,J. Woods,조쉬 우즈,우즈
325365,L. Everink,루카 에페리느크,에페리느크
325384,A. Tutyškinas,아르테미이우스 투티스키나스,투티스키나스
325468,Á. Caicedo,엔헬 아브디엘 카이세도 바스케스,카이세도
325594,F. Lemaréchal,펠릭스 르마레샬,르마레샬
325717,André Luiz,안드레 실바,실바
325754,R. Howley,라이언 하울리,하울리
325757,N. Mawene,노아흐 베아우모느트 마우에네,마우에네
325781,D. Elerewe,아요데지 조슈아 올라펠루미 아키놀라 엘레레웨,엘레레웨
325787,D. Mazou-Sacko,데릭 마조우-사코,마조우-사코
325830,Vasco Sousa,바스코 호세 카르도소 수사,카르도소
325851,F. Back,핀리 백,백
325967,O. Hammond,올리버 잭 해몬드,해몬드
325968,B. Lloyd,벤 로이드,로이드
325969,A. Abdulai,아제임 케르 아브두라이,아브두라이
325975,T. Bischof,토므 비슈오프,비슈오프
326017,W. Pacius,우벤스 파시우스,파시우스
326067,A. Hadj-Moussa,아니스 하지 무사,하지 무사
326092,T. Allix,테오 아르리크스,아르리크스
326105,J. Makama,조본 마카마,마카마
326107,M. Dabre,모하마드 다브레,다브레
326110,K. N’Mai,켈리 하르마니 엔마이,엔마이
326144,M. Prunier,몬디 프루니에,프루니에
326176,S. Magassa,숑구투 마가사,마가사
326183,R. Halhal,레두안 할할,할할
326753,T. Davies,토마스 알프레드 데이비스,데이비스
326756,A. Chang,아르피 지아메스 치아느그,치아느그
326757,J. Bellingham,조브 벨링엄,벨링엄
326763,C. Humphreys,캐머런 험프리스,험프리스
326764,W. Jarvis,윌리엄 자비스,자비스
326767,J. Carragher,제임스 리 카라거,카라거
326844,T. Oluwayemi,오루우아토비로바 지오스페흐 이케느나 오루우아이에미,오루우아이에미
326869,Z. Obiero,제크 오비에로,오비에로
326871,B. Radcliffe,벤 래드클리프,래드클리프
326873,Jousha Johnson,지우슈아 지오흐느소느,지오흐느소느
326940,M. Johnson,무르라이 지오흐느소느,지오흐느소느
326957,R. Vata,로크코 바타,바타
326982,Saad Al Mosa,사아드 무함마드 미스퍼 알 모사,사아드 알 모사
326984,Mohammed Mater Mohsin Mahzari,모하메드 마터 모흐신 마즈아리,모하메드 마즈아리
327419,M. Ferdinan,마르세리노 페르디나느 피리푸스,페르디나느
327517,J. Yılmaz,지아느카트 이으르마즈,이으르마즈
327574,Rayane Hamidou,라야네 하미두,라야네 하미두
327599,Y. Titraoui,야신 티트라우이,티트라우이
327602,D. Osong,데트레프 에사파 오소느그,오소느그
327604,Joseph Charles Gardner,조셉 찰스 가드너,가드너
327607,Kyle James McAdam,카일 제임스 맥아담,맥아담
327609,Jamie Carson McDonnell,제이미 카슨 맥도넬,맥도넬
327631,H. Diarra,하비브 디아라,디아라
327635,Douglas Mendes,두그라스 메느데스 모라이라,메느데스
327726,R. Owen,라일리 오언,오언
327728,Delano McCoy-Splatt\t,델라노 맥코이-슈플랫,맥코이-슈플랫
327729,Jaden Williams,제이든 윌리엄스,윌리엄스
327730,O. Scarles,올리버 스칼스,스칼스
327731,Kyreece Lisbie,카이리스 리스비,리스비
327732,Louis Flower,루이스 크리스토퍼 플라워,플라워
327733,Sam Rak-Sakyi,사무엘 라크-사키이,라크-사키이
327734,A. Higgins,아킬 히긴스,히긴스
327738,L. De Fougerolles,루크 롤레 드 푸제롤,푸제롤
327745,Jackson Izquierdo,지아크크소느 이즈쿠이르도,이즈쿠이르도
327749,S. Boniface,솜토 츄크우 보니파스,보니파스
327861,T. Drexler,티므 드레크스레르,드레크스레르
327895,P. Wanner,폴 워너,워너
327897,A. Ibrahimović,아리요오느 이브라흐이모비크,이브라흐이모비크
327913,J. Kilo,이에스세 미카에르 키로,키로
328033,A. Pavlović,알렉산다르 파블로비치,파블로비치
328037,L. Morrison,리아므 모르리소느,모르리소느
328046,I. Koné,이스마엘 코네,코네
328069,G. Hall,조지 카디널 조셉 할,할
328074,J. James,조던 앤서니 제임스,제임스
328076,C. Tasker,찰리 태스커,태스커
328078,B. Khela,브랜든 싱 카일라,카일라
328081,W. Omoruyi,웰리티 럭키 오모루이,오모루이
328083,A. Hayder,알리 하이더 알리,하이더
328086,B. Middlemas,벤 미들마스,미들마스
328089,A. Gray,아치 그레이,그레이
328092,M. Apter,마트스에우 아프테르,아프테르
328093,I. Samuels-Smith,이셰 바링턴 새뮬스-스미스,새뮬스-스미스
328096,Joel Tshisanga Ndala,조엘 치상가 은달라,은달라
328098,H. Ogunneye,하비 오그네이,오그네이
328101,T. Fredricson,타일러 프레드릭슨,프레드릭슨
328105,L. Miley,루이스 마일리,마일리
328107,L. Koumas,루이스 쿠마스,쿠마스
328115,Martin Sherif,마틴 셰리프,셰리프
328125,B. Hobson,바이레이 흐오브소느,흐오브소느
328126,J. Amissah,조단 야모아 아미사,아미사
328127,T. Donaghy,토마스 도나히,도나히
328139,T. Abed,타이 아베드 카스수스,아베드
328141,T. Beelen,토마스 베에레느,베에레느
328148,E. Fariña,에드가르도 이사크 파리냐 윈터,파리냐
328193,N. Schiks,닉 스킥스,스킥스
328225,B. Gruda,브라얀 그루다,그루다
328258,M. Bignetti,마테오 비그네티,비그네티
328273,M. Weiß,막스 바이스,바이스
328308,I. Vidović,이비츠아 비도비츠,비도비츠
328403,Mohammed Al Qahtani,모하메드 하마드 드와이히 알 수와이드 알 카타니,모하메드 알 카타니
328421,H. Neal,해리슨 닐,닐
328428,M. Mahoney,머피 조셉 마호니,마호니
328464,M. Cissé,무사 시세,시세
328617,William Cole Campbell,윌리엄 콜 캠벨,캠벨
328621,Julian Larsson,줄리안 라르손,라르손
328622,T. Sajko,티느 사이코,사이코
328648,S. Babicka,슈아비 우아르레느 바비크카,우아르레느
328672,T. Wouter,타이레르르 우우테르,우우테르
328714,J. Williams,조슈아 아론 윌리엄스,윌리엄스
328808,M. Ebiowei,말콤 페레와리 에비오웨이,에비오웨이
328997,M. Kirk,마켄지 커크,커크
329163,A. Boulbina,아딜 불비나,불비나
329207,P. Yaldır,폴라트 야르더,폴라트
329265,L. Morgalla,레아느드로 모르가르라,모르가르라
329285,G. Rukavina,가브리엘 루카비나,루카비나
329327,A. Loupalo-Bi,애런 브라드레이 루파로-비,루파로-비
329339,B. Pendleton,바이런 펜들턴,펜들턴
329344,Ben Perry,벤자민 마샬 페리,페리
329345,Jack Ethan Thompson,잭 이단 톰슨,톰슨
329347,O. Kellyman,오마리 자미안 켈리맨,켈리맨
329348,L. Wheeldon,레논 휠든,휠든
329352,William Dickson,윌리엄 딕슨,딕슨
329355,G. McCormick,조지 마크 맥코믹,맥코믹
329357,Z. Abbott,자크 애보트,애보트
329358,Aaron Bott,아론 보트,보트
329361,B. Hammond,벤 해몬드,해몬드
329362,Joshua Alan Powell,조슈아 앨런 파웰,파웰
329363,Jack Perkins,잭 퍼킨스,퍼킨스
329366,N. Michalski,니콜라스 제이크 미칼스키,미칼스키
329369,T. Watson,토마스 왓슨,왓슨
329409,E. Bajraktarevic,에스미르 바이라크타레비치,바이라크타레비치
329626,K. Thompson-Sommers,카네 스오므프소느-소므메르스,스오므프소느-소므메르스
329715,O. Gloukh,오스카 글러흐,글러흐
329720,Hugo Álvarez,우고 알바레스 안투네스,알바레스
329722,Yoel Lago,요엘 라고 아밀,라고
329728,Marc Casadó,마르크 카사도,카사도
330174,T. Matuludi,톨로 타방 마툴루디,마툴루디
330206,Bradley Mayo,브래들리 메요,메요
330211,J. Jean,주아이로 에스테파노 주에아느,주에아느
330238,Lucas Pires,루카스 피레스,피레스
330296,Diego Callai,디에고 칼라이 실바,칼라이
330316,N. Bassette,노르마느 주아쿠이 바스세트테 아크케르,바스세트테
330412,Youssef Chermiti,유세프 라말루 쉐르미티,쉐르미티
330419,Alberto Baio,알베르토 올리베이라 바이오,바이오
330436,David Jiménez,다비드 히메네스 코레도르,히메네스
330437,Álex Jiménez,알렉스 히메네스,히메네스
330443,Isma Sierra,이스마에르 시르라 아르나르,시르라
330558,K. Peprah,쿠아메 페프라흐,페프라흐
330612,T. Buchmann,타레크 부흐마느느,부흐마느느
330636,Sonny Aljofree,소니 알조프리,알조프리
330640,Harrison Jones,해리슨 존스,존스
330722,Jean-Baptiste Gorby,장바티스트 고르비,고르비
330853,V. Đurđević,부카시느 지우르지에비츠,지우르지에비츠
330982,J. Morgan,지미 제이 모건,모건
330986,M. Golding,마이클 흐아이느즈 고르디느그,고르디느그
330988,A. Chaplin,아르치이 바프티스테,바프티스테
331548,C. O&apos;Riordan,코너 오리오덴,오리오덴
331551,C. Hughes,찰리 휴즈,휴즈
331552,B. Adeeko,바바지데 아디코,아디코
331554,C. Sze,치리스 스즈에,스즈에
331563,Mason Paul James Burstow,메이슨 폴 제임스 버스토우,버스토우
331564,Angel Waruih,엔젤 와루이,와루이
331566,Z. Baker,자크 베이커,베이커
331569,F. Issaka,프레드릭 하비브 야바푸 이사카,이사카
331581,J. Tomlinson,지오슈우아 토므리느소느,토므리느소느
331772,R. Attah,리치아르드 아트타흐,아트타흐
331832,António Silva,안토니우 실바,실바
331833,G. Gyurkits,게르고 지우르키트스,지우르키트스
331865,K. Konaté,카림 코나테,코나테
332305,Unai Eguíluz,우나이 에구이루스 아르로이오,에구이루스
332308,Unai Gómez,우나이 고메스 에체바리아,고메스
332309,Alejandro Rego,알레한드로 레고 모라,레고
332788,L. Kjerrumgaard,루카 탕게 크에르룸가르드,크에르룸가르드
333137,K. Ouattara,카쏘움 와타라,와타라
333502,Miguel Román,미겔 곤살레스,곤살레스
333667,T. Geralnik,티아고 호세 헤라르니크,헤라르니크
333682,Cristhian Mosquera,크리스티안 모스케라,모스케라
333683,L. Laine,라우리 라이네,라이네
334036,R. Russell-Denny,라이스스-알렉산더 루스세르르-데느니,루스세르르-데느니
334037,Tyrique George,타이릭 조지,조지
334045,B. Tuma,바시르 테니우아 투마,테니우아
334053,Mohamed Surag,모하메드 압델파타 알리 수라그,수라그
334055,Ahmed Al Rawi,아흐메드 알 라위,아흐메드
334178,Hendry Aron Blank,흐에느드리 아로느 브라느크,브라느크
334257,A. Ramazanov,아민 라마자노프,라마자노프
334353,J. Quarshie,조슈아 쿼시,쿼시
334359,Emmanuel Gyamfi,에므마누에르 기아므피,기아므피
334362,D. Downs,데이미언 라마르 다운스,다운스
334369,Justin Thomas Hanks,저스틴 톰스 핸크스,핸크스
334508,A. Faye,아라스사네 파이에,파이에
334521,M. Koïté,세리뉴에 모크타르 코이테,코이테
334574,Ángel Ortiz,앙헬 오르티스,오르티스
334597,A. Smith,앤드류 존 스미스,스미스
334725,D. Sadi,도미닉 사디,사디
334729,B. Clark,바비 람온트 클락,클락
334734,J. Debayo,지아메스 보루우아티페 데바이오,데바이오
334740,M. Diomande,무흐아메드 노르디 디오마느데,노르디
334878,U. Raghouber,우고 라구베르,우고 라구베르
334879,B. Bouanani,바드레디네 부아나니,부아나니
334914,S. Kumbedi,사에르 쿠므베디 느세케,쿠므베디
334915,F. Ghedjemis,파레스 게드제미스,게드제미스
335018,Fares Amer,파레스 사이드 아메르,아메르
335050,Nuno Félix,조앙 펠릭스,펠릭스
335051,João Neves,주앙 네베스,네베스
335069,R. Fosso,도느파크크 포스소,포스소
335078,A. Bajrami,아르디아느 바요라미,바요라미
335090,A. Pérez,아느드레 아르바레즈 페레즈,아르바레즈
335094,H. Larsson,후고 라르손,라르손
335095,H. Bolin,악셀 후고 볼린,볼린
335096,S. Burakovsky,사무엘 부라코브스키,부라코브스키
335098,M. Widell,빅토르 멜커 비델,비델
335099,S. Scaglia,시모네 스카글리아,스카글리아
335101,J. Rouhi,요나스 야코브 로히,로히
335102,L. Hasa,루이스 흐아사,흐아사
335106,E. Makolli,에리소느 마코르리,마코르리
335117,G. Daffara,조반니 다프파라,다프파라
335185,J. Markelo,이아흐노아흐 흐우에파라 마르케로,흐우에파라
335335,Julian Dean Rijkhoff,이우리아느 데아느 레이흐오프프,레이흐오프프
335490,Jon de Luis,존 데 루이스,데 루이스
335520,A. Gheorghiță,아느드라이 코스미느 기에오르기이타,기에오르기이타
335633,Weslley Patati,우에스르레이 피느토 바티스타,피느토
335708,Bruno Tavares,브루누 코스타,코스타
335770,D. Diop,드주이브리르 티아라우 디오프,디오프
335773,R. Ghanimi,라치이드 가니미,가니미
335813,A. Francis-Clarke,에이덴 프란시스-클라크,프란시스-클라크
336160,M. Zoungrana,모하메드 즈우느그라나,즈우느그라나
336526,K. Lenis,카히세르 레니스 나바로,레니스
336560,Álex Valle,알렉스 바예,바예
336563,D. Gassama,제이디 가사마,가사마
336564,W. Odobert,윌슨 오도베르,오도베르
336567,S. Kılıçsoy,세미 킬릭소이,킬릭소이
336570,E. Tıknaz,데미르 에게 틱나즈,틱나즈
336574,Martim Marques,마르티므 아레크사느드레 코스타 마르쿠에스,코스타
336575,Diogo Travassos,디오고 마르티느스 트라바스소스,마르티느스
336578,J. Banel,제이든 아모리 바넬,바넬
336581,J. Brandes,이우리아느 치리스티아아느 브라느데스,브라느데스
336582,T. Gooijer,트리스타느 흐우에이에르,흐우에이에르
336585,Mateus Fernandes,마테우스 페르난데스,페르난데스
336594,Pablo Barrios,파블로 바리오스,바리오스
336596,Martim Fernandes,마르팀 페르난데스,페르난데스
336599,Benicio Baker-Boaitey,베니키오 바케르-보아이테이,바케르-보아이테이
336626,A. Glushchenko,아느토느 그루시치에느코,그루시치에느코
336637,Espigares,안토니오 에스피가레스 모리이아스,에스피가레스
336652,Diego Almeida Crespo,디에고 아르마이다 크레스포,아르마이다
336654,J. Van Neck,옐러 반 넥,반 넥
336657,W. Zaïre-Emery,워렌 자이르에메리,자이르에메리
336658,S. Audoor,샘 아우도르,아우도르
336659,C. Talbi,헴스디네 탈비,탈비
336664,E. Terzi,에르킨 테르지,테르지
336666,G. Baytekin,그외크투 바이테키느,바이테키느
336671,Renato Veiga,헤나투 베이가,베이가
336673,M. Milovanović,마테이아 미로바노비츠,미로바노비츠
336678,O. Agougil,우아리드 아흐우흐이르,아흐우흐이르
336683,Gabriel Brás,가브리엘 코스타 브라스,브라스
336685,Javier Boñar,하비에르 보냐르,보냐르
336694,D. Forov,다니라 포로브,포로브
336695,Denys Tvardovskyi,데니스 트바르도브스키,트바르도브스키
336696,M. Farina,마리아느 파리나,파리나
336707,A. Calligaris,알레산드로 칼리가리스,칼리가리스
336711,Gonzalo García,곤살로 가르시아,가르시아
336924,D. Taylor,디아우이시 타이로르,타이로르
336998,A. Boiro,아다마 보이로 보이로,보이로
337359,E. Cedeño,에드워드 에디에르 세데뇨 게렐,세데뇨
337426,A. Boakye,어거스틴 부아치,부아치
337495,B. Powell,브랜든 파웰,파웰
337587,J. Bos,조던 보스,보스
337593,K. Takai,코타 타카이,타카이
337630,A. Jurič,아느테 마테이 이우리츠,이우리츠
337648,J. Pranjić,이아코브 프라니이츠,프라니이츠
337688,R. Ramadani,레시아트 라마다니,라마다니
337726,P. Jaroň,페트르 이아로느,이아로느
337740,Š. Chaloupek,슈테판 차루펙,차루펙
337825,O. Gallagher,오이시느 가르라게르,가르라게르
337858,L. Gordon,르마르 마크 고든,고든
337929,G. Abbott,조지 데이비드 애보트,애보트
337930,J. Umolu,제미아 우몰루,우몰루
337931,Princewill Ehibhatiomhan,프린스윌 에히바티오만,에히바티오만
337932,F. Herrick,파이널리 헤릭,헤릭
337933,Alexei Rojas Fedorushchenko,알렉세이 로하스 페도루셴코,페도루셴코
337934,L. Shahar,레오 샤하르,샤하르
337936,L. Samuel,라키레 사무엘,사무엘
338014,N. Irankunda,네스토리 이란쿤다,이란쿤다
338045,D. Castillo,데닐 다니엘 카스티요 프레시아도,카스티요
338046,Óscar Steven Zambrano Preciado,오스카르 스티븐 잠브라노 프레시아도,잠브라노
338367,D. Jean-Jacques,단리 쟝 자크,자크
338499,T. de Graaff,토므 흐라아프프,흐라아프프
338507,C. Nsiala-Makengo,크리느토느 느시아라-마케느고,느시아라-마케느고
338508,I. Kostis,이리아스 코스티스,코스티스
338677,Joe Thomas,조 토마스,토마스
338729,K. BiÄka,카이우스 비크카,비크카
338735,A. Khalaili,아난 칼라일리,칼라일리
338744,R. Wilson,로리 우이르소느,우이르소느
338751,Víctor Muñoz,빅토르 무뇨스,무뇨스
338758,P. Ademo,페테르 오루우아세우느 아데모,아데모
338789,D. Aleksa,드즈이우가스 아레크사,아레크사
338864,T. Paumgartner,티므 파우므가르트네르,파우므가르트네르
338910,J. Ellis,잭 엘리스,엘리스
338947,Olof Matteo Perez Vinlöf,올로프 마테오 페레즈 빈뢰프,올로프
338958,R. Bardghji,루니 바르다지,바르다지
338998,J. Paluska,얀 파루스카,파루스카
339138,D. Taylor,데일 테일러,테일러
339162,F. Topić,프란 토피치,토피치
339172,C. Osmand,캘럼 제임스 오스만드,오스만드
339174,W. Eastwood,윌리엄 이스트우드,이스트우드
339177,D. Addai,디르로느 아드다이,아드다이
339201,C. Rigg,크리스 리그,리그
339202,William Smith,윌리엄 스미스,스미스
339205,M. Laffey,마이클 마크 폴 라피,라피
339230,L. Raimund,루카 요오아흐이므 라이무느드,라이무느드
339259,Tom Tweedy,톰 트위디,트위디
339279,B. Bilongo,브라이언트 아코노 비롱고,비롱고
339346,D. Teah,디비네 루세베르트 테아흐,테아흐
339364,S. Ibrahim,살리푸 이브라힘,이브라힘
339381,R. Foning,로슈에 포니느그 타즈오느,포니느그
339416,A. Thiare,아리우 티아레,티아레
339419,E. Mané,아드주 바카리 마네,마네
339518,J. Stokes,조쉬 스토크스,스토크스
339620,L. Monteiro Alvarenga,로렌조 몬테이로 알바렝가,알바렝가
339741,J. Tabiner,지오에르 타비네르,타비네르
339757,J. Beadle,제임스 질스 비들,비들
339794,Nabil Irfan,나빌 이르판,이르판
339795,Al Hashmi Al Hussain,알 하쉬미 알 후세인 모히 알딘,알 하쉬미
339872,Vasilije Adžić,바실리예 아지치,아지치
339874,O. HÃ¸jlund,오스카 윈터 휘올룬드,휘올룬드
339883,K. Yıldız,케난 일디즈,일디즈
339887,C. Uzun,잔 우준,우준
339903,I. Arngrímsson,이느기 아르느그리므스소느,아르느그리므스소느
339920,B. Bjarkhamar,비외르느 바크크 비아르흐아마르,비아르흐아마르
339936,M. Roganović,미라느 로가노비츠,로가노비츠
339960,M. Özbaskıcı,무하메트 알리 어즈바스키치,어즈바스키치
340011,Youssef Hassan,요세프 후샴 하산,하산
340027,D. Lobban,디라느 로브바느,로브바느
340077,M. Fernandez-Pardo,마티아스 페르난데스-파르도,페르난데스-파르도
340080,V. Burlet,비느케느트 부르레트,부르레트
340109,J. Bartolo,자이든 카밀 바르톨로,바르톨로
340135,Mark O’Mahony,마크 오마니,오마니
340136,F. Umeh,프랑코 우메-치부에제,우메
340138,J. Ferizaj,지우스티느 페리즈아지,페리즈아지
340151,M. Penders,마이크 펜더르스,펜더르스
340152,S. Idumbo-Muzambo,스타니스 이듐보무잠보,이듐보무잠보
340153,M. Godts,미카 마르케르 고드트스,고드트스
340154,A. Vermeeren,아르투르 베르미렌,베르미렌
340184,N. Pozo,니치오라스 치아르레스 포즈오,포즈오
340208,Anes Meljichi,아네스 메르지이치이,메르지이치이
340230,L. Zuka,레아트 주카,주카
340235,L. Browne,루케 브로우네,브로우네
340242,D. Kelly,다니엘 켈리,켈리
340246,Trent Toure Kone Doherty,트렌트 투레 코네 도허티,도허티
340251,N. Holder,네이단 크리스토퍼 아담 홀더,홀더
340393,J. Torsvik,지오나스 트비베르그 토르스비크,트비베르그
340561,L. Kaba,로리크 카바 지아쿠피,카바
340572,D. Prpić,도미닉 프피치,프피치
340573,B. El Khannouss,빌랄 엘 카누스,카누스
340574,K. Van de Perre,카미엘 반 더 페레,반 더 페레
340625,Franculino Djú,프란쿨리노 글루다 주,글루다
340626,Fermín,페르민 로페스,로페스
340662,D. Kottas,디미트리오스 코트타스,코트타스
340663,D. Monastirlis,디미트리오스 모나스티를리스,모나스티를리스
340678,B. Stevens,브렌트 스티븐스,스티븐스
340726,S. Leković,스테판 레코비치,레코비치
340727,O. MimoviÄ,오그니에느 미모비츠,미모비츠
340815,C. Roberts,캘럽 로버츠,로버츠
340978,Hussain Al Sibyani,후세인 칼리드 알 시비아니,알 시비아니
341080,E. Addai,에마누엘 아다이,아다이
341226,R. Durosinmi,라피우 두로신미,두로신미
341233,Abdulmalik Al Oyayari,압둘말릭 아흐마드 압둘아지즈 알 오야야리,알 오야야리
341234,E. Jelert,엘리아스 예레르트 크리스텐센,크리스텐센
341279,L. Ateba,크리스천 레오네르 아테바 므비다,아테바
341290,C. Malone,슈에 포느도 마로네 주우니오르,포느도
341317,E. Archer,에톤 아처,아처
341326,B. Krauhaus,벤 크라우하우스,크라우하우스
341367,J. Šplíchal,이이리 스프리흐아르,스프리흐아르
341371,Rodrigo Mendoza,로드리고 멘도사 마르티네스 모야,멘도사
341461,Lalaina Cliver Rafanomezantsoa,라레나 크리베르 라파노메즈아느트소아,라파노메즈아느트소아
341640,Raúl Asencio,라울 아센시오,아센시오
341641,Rodrigo Ribeiro,로드리고 듀아르테 리베이로,리베이로
341642,J. Hato,요렐 하토,하토
341646,V. Carboni,발렌틴 카르보니,카르보니
341700,Iván Fresneda,이반 프레스네다,프레스네다
341822,S. Andersen,시라스 아느데르세느,아느데르세느
341838,G. Bonfanti,조반니 보느파느티,보느파느티
341839,F. Mané,필리포 칼릭스테 마네,마네
341844,M. Ghorbani,모하마드 고르바니,고르바니
341912,G. Ambrosino,주세페 암브로시노 디 브룃토피로,암브로시노
341914,C. Saco,코리 사코,사코
341969,H. Jurado,흐에리베르토 ㅎ에수스 ㅎ우라도 프로레스,ㅎ에수스
341974,T. Corazza,토므마소 코라즈즈아,코라즈즈아
342019,D. Ghilardi,다니엘레 길라르디,길라르디
342022,M. Kayode,마이클 카요데,카요데
342038,F. Afena-Gyan,펠릭스 오흐에네 아페나-기아느,아페나-기아느
342042,L. Cherubini,루이기 케루비니,케루비니
342054,R. Flamingo,라이언 플라밍고,플라밍고
342063,D. Coppola,디에고 코폴라,코폴라
342161,M. Holíček,마투스 흐오리츠에크,흐오리츠에크
342163,L. Sauer,레오 소어,소어
342170,M. Krattenmacher,마우리케 크라트테느마흐에르,크라트테느마흐에르
342217,F. Krivak,파비이아느 크리바크,크리바크
342226,J. Šljivić,요반 슐리비치,슐리비치
342230,A. Stanković,알렉산다르 스탄코비치,스탄코비치
342243,T. Setford,토미 호건 세트포드,세트포드
342304,R. Žiković,로코 지코비치,지코비치
342432,E. King,엘리 조셉 킹,킹
342442,K. Lisztes,리스테시 크리스티안,크리스티안
342456,G. Khachidze,기비 흐아치이즈에,흐아치이즈에
342459,G. Tabatadze,기오르기 타바타즈에,타바타즈에
342464,D. Guðjohnsen,다니엘 그뷔드욘센,그뷔드욘센
342467,Á. Pécsi,페치 아르민,아르민
342482,G. Sigua,가브리엘 시구아,시구아
342654,S. Egeli,신드레 발레 에겔리,에겔리
342660,O. Arblaster,올리버 루크 아블라스터,아블라스터
342665,A. Oluwabori,앤드루 호세 올루와보리,올루와보리
342683,F. Ghebreyohannes,파누에르 게브레이오흐아느네스 이르가-아레므,게브레이오흐아느네스
342740,A. Abada,아크레프 아바다,아바다
342818,J. Shepherd,잭 셰퍼드,셰퍼드
342918,A. Tetteh,앤드류스 테테,테테
342928,H. Addo,흐에느리 아드도,아드도
342970,L. Yoro,레니 요로,요로
343027,D. Doué,데지레 두에,두에
343086,M. Hazbavi,모하마드 아민 하즈바비,하즈바비
343127,C. McGuckin,키아란 리스 맥거킨,맥거킨
343132,J. Golding,제임스 골딩,골딩
343194,N. Botis,니콜라오스 네스토라스 보티스,보티스
343205,Mario Martín,마리오 마르틴 리르베스,마르틴
343209,Ruairi McConville,루에리 맥코넬,맥코넬
343211,E. Soglo,에므라느 소그로,소그로
343296,A. Sasu,아론 사수,사수
343311,S. Tzimas,스테파노스 치마스,치마스
343316,J. Belocian,자뉘엘 벨로시앙,벨로시앙
343319,L. Michal,루카 미셀,미셀
343320,E. Ben Seghir,엘리세 벤 세기르,세기르
343345,C. Alexiou,크리스토스 알렉시우,알렉시우
343405,A. Yousefi,아리아 요우세피,요우세피
343483,M. Koné,모하메드 코네,코네
343558,L. Miller,레넌 밀러,밀러
343566,E. Fikaj,엘턴 피카이,피카이
343576,B. Doak,브랜든 도악,도악
343577,B. Rice,바이레이 리케,리케
343583,B. Wales,바비 웨일스,웨일스
343648,T. Michel,테오 미셸,미셸
343684,T. Barry,톰 배리,배리
343894,J. Farrell,제이콥 브렛 패럴,패럴
344169,A. Benarous,아이먼 오마르 베나루스,베나루스
344223,K. Figueroa,케이롤 알렉시스 피게로아 노랄레스,피게로아
344229,J. Moorhouse,잭 리 모어하우스,모어하우스
344247,Luca Gunter,루카 군터,군터
344258,D. Kacuri,디온 카쿠리,카쿠리
344290,M. Schmitt,마크스 슈미트트,슈미트트
344458,M. Asamoah,말리스 아사모아,아사모아
344535,T. Papadoudis,타나시스 테오로고스 파파두디스,파파두디스
344707,C. Marshall,콜린 마샬,마샬
344773,A. Pietrelli,알레산드로 피트레르리,피트레르리
344816,A. Priske,아우구스트 프리스케 플리거,플리거
344858,J. Griffin,제이크 그리핀,그리핀
344865,M. Gaye,모르 타르라 가이에,가이에
344878,C. Tripp,캘럼 트립,트립
344909,Connor Barratt,코너 바렛,바렛
345260,J. Goodman,지아크크 구드마느,구드마느
345274,G. McConnell,글렌 맥코넬,맥코넬
345307,S. Moore,세아느 무레,무레
345322,T. Ouma,티모트흐이 누르 우마,우마
345326,M. Chaiwa,치아느가 미구에르 치아이우아,치아이우아
345387,Ivan Lima,이반 코레이아 포세르 리마,리마
345388,Afonso Moreira,아폰소 바스타르도 모레이라,모레이라
345390,João Veloso,조아오 빨로소,빨로소
345391,JoÃ£o Vasconcelos,조아오 바스콘셀루스 파리아 곤살베스,바스콘셀루스
345403,T. Nyakuhwa,타나츠와 냐쿠와,냐쿠와
345406,M. Derkach,마크시므 데르카치,데르카치
345416,Rafael LuÃ­s,라파에르 고느사르베스,고느사르베스
345422,O. Baybek,올자스 바이벡,바이벡
345426,Henrique Arreiol,흐에느리쿠에 미구에르 수사 아르라이오르,수사
345427,João Pedro Seno Luís Rêgo,제이 레고,레고
345435,C. Crew,찰리 크루,크루
345445,T. Perrett,트로이 페르레트트,페르레트트
345531,C. El Djebali,치아이므 드지에바리,드지에바리
345748,A. Gómez,카를로스 안드레스 고메스 히네스트로사,고메스
345776,J. Uchegbulam,제수런 우체그불람,우체그불람
345808,F. Esposito,프란체스코 피오 에스포지토,에스포지토
346138,J. Gbode,조셉 그보드,그보드
346273,I. Leguizamón,이반 레기사몬,레기사몬
346524,S. Gale,샘 게일,게일
346525,B. Faulkner,바비 포크너,포크너
346700,M. Luković,미로스 루코비츠,루코비츠
346887,K. Mfuamba,케빈 므푸아므바,므푸아므바
346893,J. Córdoba,후안 호세 코르도바 사파타,코르도바
346895,M. Dams,마트테오 다므스,다므스
346923,M. Ilić,미흐아이로 이리츠,이리츠
346978,D. Skura,덱런 스크라,스크라
346986,E. Pruti,에돈 프루티,프루티
347057,J. Pattenden,재스퍼 패텐덴,패텐덴
347128,L. Njoh,리리아느 느주오,느주오
347265,B. Domínguez,벤하민 도밍게즈,도밍게즈
347290,A. El Aouani,아이메느 아우아니,아우아니
347305,Jaden Heskey,제이든 헤스키,헤스키
347316,L. Bergvall,루카스 베리발,베리발
347395,A. Vergara,안토니오 베르가라,베르가라
347886,Félix Garreta,펠릭스 마르티 가레타,가레타
347928,T. Clark,테일러 클락,클락
347939,C. Warren,찰리 워렌,워렌
348010,S. Suraj,사이두 수라지,수라지
348014,Z. Jánó,츠에테니 요아노,요아노
348089,Hasan Abdulkareem,하산 압둘카림 자바르 사이드,하산 자바르
348143,E. Williams,에우아느 우이르리아므스,우이르리아므스
348205,P. Sučić,페타르 수치치,수치치
348206,M. Šakota,마테이 사코타,사코타
348262,J. Clarke,지오슈우아 크라르케,크라르케
348272,Á. Alaxai,아로느 아라크사이,아라크사이
348308,T. Magnin,테오 마그난,마그난
348568,A. Circati,알레산드로 치르카티,치르카티
348682,M. Limouchi,메디 리무치,리무치
348720,M. Abaldo,마티아스 아발도,아발도
348726,O. Mason,오웬 메이슨,메이슨
348800,Y. Hirakawa,히라카와 유,유
348815,L. McCabe,로 마크 맥케이브,맥케이브
348848,L. Kolar,루카 코라르,코라르
349001,Wesley,웨슬리 비니시우스 프란사 리마,웨슬리
349185,J. Enem,이아이 이페아니이-이우니오르 에네므,에네므
349212,W. Clem,윌리엄 클렘,클렘
349218,L. Anghelè,로레느즈오 아느게레,아느게레
349344,L. Jaquez,루카 안토니 자케즈,자케즈
349383,O. Irow,올리버 이로우,이로우
349384,T. Hall,타이리스 할,할
349420,M. Soldo,마르코 솔도,솔도
349670,M. Eslami,모흐아므마드흐오스사이느 에스라미,에스라미
349685,M. Jollife,마크스 지오르리페,지오르리페
349755,K. Fisher,켈런 피셔,피셔
349756,T. Holtam,타이테 흐오르타므,흐오르타므
349758,S. German,샘 제르만,제르만
349759,S. Kader,솔 카더,카더
349793,Mohammed Al Absi,모하메드 살림 하마드 알 압시,모하메드 알 압시
349799,Eliezer Mayenda,엘리에저 마옌다 도쑤,도쑤
349987,G. Kuol,가랑 쿠올,쿠올
350037,N. Paz,니코 파스,파스
350083,C. Lennon,칼럼 레논,레논
350318,K. Conteh,카밀 아마두 콘테,콘테
350323,Z. Lovelace,즈아카리이아 로베라케,로베라케
350337,André Gomes,루이스 안드리 고메스,고메스
350352,H. Gray,흐에느리 메르소느 레오나르드 그라이,그라이
350370,J. Russell,지오나스아느 루스세르르,루스세르르
350492,A. Faty,아리우네 바다라 파티,파티
350512,M. Quaye,마크수에르르 니이 아브베이 쿠아이에,아브베이
350586,T. McDermott,토미 맥더못,맥더못
350590,T. Gidaree,타릭 지다리,지다리
350625,J. Meghoma,제이든 메고마,메고마
350641,I. Jenner,이바르 제너,제너
350693,Eduino Vaz,에두이노 바즈,바즈
350799,Jeremy Arévalo,제레미 알베르토 아레발로 메라,아레발로
350850,B. Zeneli,베스포르트 즈에네리,즈에네리
350854,R. Amané,아쿠아 로메오 아마네,아마네
350856,E. Nuamah,어니스트 누아마,누아마
350876,D. Polvara,다느테 포르바라,포르바라
350927,Henry Mosquera,헨리 다비드 모스케라 산체스,모스케라
351013,K. Matsuki,마쓰키 구류,구류
351014,J. Suzuki,스즈키 준노스케,준노스케
351131,Dani Pérez,다니엘 페레즈 게레로,페레즈
351146,F. Etim,프라이데이 우비 에팀,에팀
351317,P. Ambrose,페테르 아므브로세,아므브로세
351338,N. Lowe,네이단 로우,로우
351341,Travis Akomeah,트라비스 아코메아흐,아코메아흐
351344,S. Chambers,사무엘 니콜라스 챔버스,챔버스
351483,F. Sjøvold,프레드릭 쇼볼,쇼볼
351566,T. Showunmi,아비오라 슈오우우느미,슈오우우느미
351571,R. Celentano,로마느 케레느타노,케레느타노
351582,L. Gavran,루카 로버트 가브란,가브란
351587,T. Oluwaseyi,타니 올루와세이,올루와세이
351796,S. Berradi,수라이마네 베라디,베라디
351834,Tosin Olopade,토시느 오로파데,오로파데
351888,O. Touré,우스마네 투레,투레
351913,J. El Abdellaoui,존스 엘 압델라우이,존스 엘 압델라우이
351914,Abdulaziz Al Elewai,압둘아지즈 사우드 압둘아지즈 알 엘레와이,알 엘레와이
351923,Ó. Cortés,오스카르 코르테스,코르테스
352205,Arthur Parker,아서 파커,파커
352225,N. Verdoni,난도 베르도니,난도
352310,Z. Bradshaw,작 브래드쇼,브래드쇼
352350,G. Taylor,헤라르드 히스ㅎ이르 타이로르 도스마느,타이로르
352375,Arthur,아르투르 아우구스토 데 마토스 소아레스,아르투르
352524,B. Tambedou,부바카르르 타므베두,타므베두
352778,J. Perea,후안 에스테바느 페레아 사느치에스,페레아
352856,M. Spellman,마이클 스펠먼,스펠먼
352879,F. Fawunmi,패버 파우니,파우니
353128,K. Whitmore,카이 윗모어,윗모어
353433,W. Stanway,윌 스탠웨이,스탠웨이
353482,T. Barišić,테오 바리시치,바리시치
353609,I. Sulemana,이브라힘 수레마나,수레마나
353610,L. Vorlický,루카스 보르리츠키,보르리츠키
353732,Jan Faberski,이아느 파베르스키,파베르스키
353771,S. Faye,쏠레마네 파예,파예
353808,Deveron Fonville,데버론 폰빌,폰빌
353898,M. Šín,마테이 신,신
353968,A. Whitehall,아치 토마스 화이트홀,화이트홀
354027,J. Ordoñez,조엘 레안드로 오르도네스 게레로,오르도네스
354201,I. Strzałek,이고르 스트주아우에크,스트주아우에크
354267,M. Garananga,무나슈에 페테르 가라나느가,가라나느가
354298,T. Nnadi,토비 니아디,니아디
354305,S. Hamzić,살코 함지치,함지치
354318,L. Loor,라얀 마누엘 루르 레켈메,루르
354506,K. Sano,사노 고다이,고다이
354531,C. Cassano,크라우디오 카스사노,카스사노
354753,O. Diomande,우스망 디오망데,디오망데
354754,Jonathan Asp Jensen,지오나트흐아느 아스프 지에느세느,아스프
354831,T. Maseko,타펠로 마세코,마세코
354867,M. Szekszárdi,미라느 세크사르디,세크사르디
355004,V. Gómez,디에고 고메스,고메스
355007,A. Yazıcı,아르다 야지치,야지치
355011,D. Kanu,다니엘 말랑가 카누,카누
355171,Lee Hyun-Ju,이현주,이현주
355226,Harry Whitwell,해리 휘트웰,휘트웰
355246,S. Camara,시디키 프라느크크 카마라,프라느크크
355318,S. Pasanen,사무엘 파사네느,파사네느
355463,P. Wassou,파티느트 구에구에 우아스수,우아스수
355796,C. Olmedo,세사르 올메도,올메도
355829,D. Ťapaj,도미니크 타파이,타파이
355994,A. Freeman,알렉산더 마이클 프리먼,프리먼
356041,C. Baleba,카를로스 발레바,발레바
356104,Hwang Jae-Won,황재원,황재원
356120,Jeong Ho-Yeon,호연 정,정
356237,Kim Ji-Soo,김지수,김지수
356370,S. Miura,미우라 소타,소타
356382,David Aziaya,데이비드 아지아야,아지아야
356419,T. Campbell,티레에케 카므프베르르,카므프베르르
356456,Bryan Josías Ramírez León,브란 호시아스 라미레스 레온,라미레스
356507,D. Letherby,다니엘 레트흐에르비,레트흐에르비
356518,S. Velásquez,사무엘 벨라스케즈 우리베,벨라스케즈
356678,S. Sandal,스베르레 흐아카미 사느다르,흐아카미
356690,Owen Oseni,오웬 오세니,오세니
356888,N. Pisilli,니콜로 피실리,피실리
356904,Jamie Jellis,제이미 젤리스,젤리스
356998,K. Assoumou,쿠아두 주오레스 아스수무,주오레스
357029,M. Hashemnejad,메디 하셤네자드,하셤네자드
357227,I. Diomandé,이스마옐 디오망데,디오망데
357237,Kamari Antonio Grant,카마리 안토니오 그랜트,그랜트
357238,Keehan Willows,키한 윌로우스,윌로우스
357276,Christy Grogan,크리스티 그로건,그로건
357282,A. Gning,아브다르라 뉴이느그,뉴이느그
357286,Bae Jun-Ho,배 준호,배
357424,B. Beganović,베르미느 베가노비츠,베가노비츠
357663,M. Laskov,마크시므 라스코브,라스코브
357700,Mohamed Yasser,모하메드 이아스세르 누르,이아스세르
357771,O. Samuelsson,오르레 사무에르스소느,사무에르스소느
358156,N. Kujasalo,니이로 쿠이아사로,쿠이아사로
358431,N. Mendy,노벨 멘디,노벨 멘디
358560,C. Congreve,캐머런 마크 콘그리브,콘그리브
358615,K. Vardanyan,카레느 바르다니아느,바르다니아느
358628,Samu,사무엘 오모로디온 아게호와,사무엘
358645,Á. Nóa Atlason,아르니 노아 아트라소느,아트라소느
358666,R. Akachukwu,로미오 아카추쿠,아카추쿠
358719,K. Adamson,키리 애덤슨,애덤슨
358969,K. Lamadrid,케이버 알베르토 라마드리드 브리세뇨,라마드리드
359006,M. Fuseini,무하메드 후세이니,후세이니
359082,G. Larrazábal,곤살로 라라사발,라라사발
359117,Shumaira Mheuka,슈마이라 메우카,메우카
359312,S. Thioune,세리니에 사리우 므바크케 트흐이우네,트흐이우네
359315,R. El Arguioui,라피크 엘 아르기우이,라피크
359330,E. Müller,에리아스 므위르레르,므위르레르
359386,M. Godo,베킷 파브리스-마르셜 고도,고도
359390,G. Read,지바이로 리드,리드
359464,R. Rosario,라이비엔 로사리오,로사리오
359491,G. Žaleiko,그레브스 즈아라이코,즈아라이코
359603,L. Koleosho,루카 우아르리크크 다에오비 코레오슈오,우아르리크크
359608,C. Finney,찰리 핀니,핀니
359835,D. García,덴젤 아르투로 가르시아 보호르케스,가르시아
359842,Joe Knight,조 나이트,나이트
360010,Taylan Harris,타일란 해리스,해리스
360013,C. Chibueze,치논소 치부에제,치부에제
360014,Joseph Barough,지오세프 바루그,바루그
360114,A. Khusanov,아브두코디르 후사노프,후사노프
360150,O. Melika,오펙 멜리카 아하론,오펙
360202,Ajay Matthews,아제이 매튜스,매튜스
360268,J. Jimoh,자말딘 지모-알로바,알로바
360269,Triston Rowe,트리스턴 로우,로우
361348,M. Fofana,포파나 말릭,말릭
361352,N. Nartey,노아 테예 나르테이,나르테이
361355,M. Deme,마리크 크라우스 모두 데메,데메
361371,Diego Rodrigues,디에고 로드리게스,로드리게스
361372,Tiago Andrade,티아고 알베스 핀토 안드라데,안드라데
361384,Yusi,이우스세프 에느리쿠에즈 레흐에디므,에느리쿠에즈
361385,Yarek Gasiorowski,야렉 가시오로프스키,가시오로프스키
361388,E. Agyei,에녹 아타 아지,아지
361393,I. Ogbus,브루노 이페추쿠 오그부스,오그부스
361396,S. Bukinac,스테파느 부키나츠,부키나츠
361397,Fahri Kerem Ay,파리 케렘 아이,아이
361402,Daniel Watts,다니엘 왓츠,왓츠
361417,Francisco Silva,프란시스코 실바,실바
361433,João Carvalho,조아오 카르발류 카르라핀야 카르발류,카르발류
361472,T. Waddingham,토마스 와딩햄,와딩햄
361484,Z. Pesti,즈오르타느 페스티,페스티
361485,A. Tóth,안드라스 토트,토트
361487,J. Slory,제이든 페르난도 슬로리,슬로리
361497,D. Huijsen,딘 하위선,하위선
361504,Ruben Curly,루벤 컬리,컬리
361734,D. Ajayi,오인다몰라 아자이,아자이
361735,James Rowswell,제임스 로스웰,로스웰
361966,K. Rodríguez,케빈 호세 로드리게스 코르테스,로드리게스
361981,A. Chase,체이스 안리,안리
362107,K. Hiebert,카일 히버트,히버트
362145,A. Ahmed,알리 아흐메드,아흐메드
362270,E. Wheatley,에단 위틀리,위틀리
362400,M. Arfsten,막심리안 아프스텐,아프스텐
362461,Marco Sulzner,마르코 술츠너,술츠너
362470,Z. Diallo,즈우마나 디아르로,디아르로
362494,N. Bodetić,노에르 보데티츠,보데티츠
362564,A. Daghim,아담 다기임,다기임
362568,M. Smit,밀란 스미트,스미트
362612,T. Gruber,토비아스 그루베르,그루베르
362711,Jair,자이르,자이르
362755,G. Prestianni,잔루카 프레스티아니,프레스티아니
362766,J. Whittaker,잭 위타커,위타커
362767,M. Young,매튜 영,영
362768,Jayden Jones,제이든 존스,존스
362815,E. López,에베라르도 로페즈 델 빌라르,로페즈
362835,Á. Magnussen,아키 마그누스세느,마그누스세느
362884,Kauã Santos,카우안 산토스,산토스
362899,A. Doumbouya,아마두 두므부이아,두므부이아
363023,L. Billington,루이스 빌링턴,빌링턴
363041,L. Vlăsceanu,라우레느티우 코느스타느티느 브라스체아누,브라스체아누
363117,L. Romero,루카스 로메로,로메로
363122,A. Scarone,아우구스토 세바스티아느 스카로네 세고비아,스카로네
363134,G. Aguayo,가브리엘 아과요,아과요
363333,J. Soler,훌리오 솔레르,솔레르
363474,Amin Al Hamawi,아민 라파트 알 하마위,아민 알 하마위
363695,Murillo,무릴료,릴료
363746,J. Hjalmar,지오에르 흐지아르마르,흐지아르마르
363974,Z. Marsh,자크 마쉬,마쉬
364047,Donnell McNeilly,도넬 오카리엘 맥닐리,맥닐리
364155,P. Djurhuus,파르르 아이리크 디우르흐우우스,디우르흐우우스
364254,F. Slavíček,피리프 스라비츠에크,스라비츠에크
364303,J. Engvall,지오흐아느네스 에느그바르르,에느그바르르
364320,V. Sulzbacher,발렌틴 술츠바허,술츠바허
364513,L. Scipioni,로렌조 시피오니,시피오니
364566,George Hemmings,조지 헤밍스,헤밍스
364594,Y. Demir,이이트 에페 데미르,데미르
364809,M. Jonathans,밀리아노 조나탄스,조나탄스
364811,Diogo Ferreira Prioste,디오고 페레이라 프리오스테,페레이라
364814,D. Bassi,다니엘 조슈아 바시 야코브센,바시
364816,É. Ricardo,에드윈 리카르도,리카르도
364980,Conor McManus,코너 맥매너스,맥매너스
365018,R. van Bommel,루벤 반 보멜,반 보멜
365251,M. Gyetván,마르크 지에트바느,지에트바느
365331,N. Sadiki,노아 사디키,사디키
365371,L. Väyrynen,루카스 흐우고 바위르위네느,바위르위네느
365372,J. Riissanen,이에레 리이스사네느,리이스사네느
365490,F. Tamba,파브리케 타므바,타므바
365518,J. Cotterill,지오에르 아르레느 코트테리르르,코트테리르르
365664,Ethan Williams,에단 윌리엄스,윌리엄스
365832,N. Abiam,네르소느 아비아므,아비아므
365913,Kieren Flavell,키런 플래벨,플래벨
365986,R. Chadwick-Chaplin,레에케 치아두이크크,치아두이크크
365988,Aidan Harris,에이단 해리스,해리스
366341,E. Lorenz,엘리아스 로렌츠,로렌츠
366579,F. van Breemen,핀 반 브레멘,브레멘
366630,T. Sellars-Fleming,테릴 셀러스-플레밍,셀러스-플레밍
366631,B. Ihionvien,브라드레이 이흐이오느비느,이흐이오느비느
366735,Joshua Kofi Acheampong,조슈아 코피 아체암퐁,아체암퐁
366736,S. Spencer,셰이 스펜서,스펜서
367472,A. Blake,에드리안 블레이크,블레이크
367473,J. Grieves,잭 그리브스,그리브스
367511,M. Pitkänen,미이로 피트카네느,피트카네느
367528,Maicon,마이콩 산투스,산투스
367574,A. Pazar,알퍼 에페 파자르,파자르
367609,Alai Ghasem,알라이 파델 알리 후세인 가셈,가셈
367878,L. Topalović,루카 토파로비츠,토파로비츠
368030,E. Kroupi,엘리 주니어 크루피,크루피
368065,Y. Lachaab,유네스 라샵,라샵
368103,B. Çetin,베디르한 체틴,체틴
368230,J. Duranville,쥘리앵 듀렁빌,듀렁빌
368234,V. Kun,비크토르 기오르기 쿠느,쿠느
368659,M. Ivanović,미하일로 이바노비치,이바노비치
368851,Pedrão,페드루 흐에느리쿠에 프라느크리므 시르바,흐에느리쿠에
369030,F. Etouga,프라느크크 므베르라 티르리 에투가,므베르라
369281,H. Matthews,헤이든 매튜스,매튜스
369408,Z. Ibrahim,즈우바이루 이브라흐이므,이브라흐이므
369413,Mohammed Bakor,모하메드 수라이만 모하메드 바코르,모하메드 바코르
369425,J. Adjetey,조나스 아제이 아제이,아제이
369429,A. Agyapong,아우구스티네 아기아포느그,아기아포느그
369544,Gessime Yassine,제심 야신,야신
369674,J. Bahoya,장마테오 바호야 네고세,바호야
369868,P. Kiedl,페테르 키드르,키드르
370010,L. Cosentino,루치아노 코센티노,코센티노
370014,K. Clinton,키레 크리느토느,크리느토느
370733,A. Puukko,아크세리 푸우크코,푸우크코
370753,D. Ciubăncan,다비드-보그다느 치우바느카느,치우바느카느
370914,L. Temple,레우이스 테므프레,테므프레
370936,N. Abatneh,노아 아브라함 세오넷 아바트네,아바트네
370938,T. Coimbra,티아고 드 프레이타스 귀마란스 코임브라,코임브라
370974,Jamie Knight-Lebel,지아미 크니그트-레베르,크니그트-레베르
371027,C. Nwaiwu,치부이케 고드프리 나이우,나이우
371029,M. Pålsson,말테 빌헬름 프레이드 폴손,폴손
371050,W. Pierre,올리비에 우드렌스키 피에르,피에르
371192,D. Berdibek,다르흐아느 베르디베크,베르디베크
371228,T. Kraaijeveld,테이스 크라이젤트,크라이젤트
371230,Z. Redmond,제피케노 레드몬드,레드몬드
371233,K. Tawaratsumida,다와라쓰미다 고타,고타
371254,M. Siltanen,마티아스 시르타네느,시르타네느
371510,S. Yamada,야마다 신,신
371523,T. Smolenaars,테인 스몰레나르스,스몰레나르스
371547,A. Karatay,아르테므 카라타이,카라타이
371649,S. Kastaneer,시드니 토마스 빅토리노 카스타니어,카스타니어
371660,N. Fancito,딜란 니노 판시토,판시토
371839,I. Camara,이라이 카마라,카마라
371909,V. Byskov,발데마르 비스코프 안드레아센,비스코프
371910,J. Šimić,이아느-츠아르로 시미츠,시미츠
371911,J. Milošević,이오바느 미로세비츠,미로세비츠
371912,Dani Rodríguez,다니 로드리게스 크레스포,로드리게스
371913,Pol Fortuny,폴 포르투니 아우바레다,포르투니
371914,Vivaldo Semedo,비발도 세메도,세메도
371916,C. Mawissa Elebi,크리스찬 마위사 엘레비,엘레비
371920,N. Ben Harush,노암 벤 하루시 샤니,벤 하루시
371929,E. Akman,에페 아크마느,아크마느
371957,B. Barański,바르틀로미에 바란스키,바란스키
372159,D. Folan,다이스이 포라느,포라느
372365,M. Ljungkull,쿠르트 마르테 르지우느그쿠르르,르지우느그쿠르르
372585,L. Grgić,레온 그르지치,그르지치
373297,K. Kjartansson,키아르타느 마르 키아르타느스소느,키아르타느스소느
373418,L. Emërllahu,리느도느 에메르르라흐우,에메르르라흐우
373420,B. Kirkman,빌리 네일러 커크먼,커크먼
373423,G. Þórðarson,기스리 고트트스카르크 토르다르소느,토르다르소느
373596,M. Polendakov,미흐아이르 이오르다노브 포레느다코브,이오르다노브
373615,R. Oné,라이언 오네,오네
373668,F. Pagel,피아크라 파겔,파겔
373718,K. Mikuļskis,카르리스 미쿠르스키스,미쿠르스키스
373858,G. Robesten,조지 로베스텐,로베스텐
374052,O. Sow,우스마네 소우,소우
374053,L. Diadhiou,라미네 디아디우 주아르주우,디아디우
374054,E. Ndiaye,아드주이 라티르 느디아이에,느디아이에
374055,Moussa Ndiaye,무스사 느디아이에,느디아이에
374056,E. Tendeng,에타네 주우니오르 에메 테느데느그,테느데느그
374057,N. Fall,느가뉴에 파르르,파르르
374058,L. Camara,라민 카마라,카마라
374059,Mélo Ndiaye,메로 느디아이에,느디아이에
374068,A. Ndiaye,아마두 느디아이에,느디아이에
374070,A. Diédhiou,아브두라이에 디에디우,디에디우
374071,L. Badji,라느디느그 바드주이,바드주이
374094,Eguinaldo,에구이나르도 수사 레모스,수사
374124,N. Huygevelde,네이단 가우티에르 후이헤벨데,후이헤벨데
374141,O. Schwartau,오스카 슈바르타우,슈바르타우
374356,Marlon Gomes,마르로느 고메스 크라우디노,고메스
374500,M. Berger,마누 베르거,베르거
374525,M. Ugboh,마크 나만디 우보,우보
374581,A. Palacios,아드리안 호세 파라시오스 에르난데스,파라시오스
374959,G. Karakasidis,예오리오스 카라카시디스,카라카시디스
375000,I. Salah,이브라힘 살라,살라
375012,A. Hernández,안토니 윌리엄 에르난데스 곤살레스,에르난데스
375290,M. Šotiček,마린 쇼티체크,쇼티체크
375467,D. Kelly,다니엘 켈리,켈리
375571,H. Warren,흐아르베이 우아르레느,우아르레느
375586,E. Águila,에두아르도 아구일라 카스트로,아구일라
375598,N. Mukau,응갈라옐 무카우,무카우
375601,R. Holten,라스무스 홀텐,홀텐
375618,F. Hajdini,프로레느트 흐아요디니,흐아요디니
375751,Mohammad Hassan,모하메드 하산 아마드 모하마드,모하메드 하산
375811,N. Axundzadə,네리만 아훈즈다더,아훈즈다더
375868,L. Gillion,윌리엄 브루스 길리언,길리언
375876,T. Eweka,테미토페 에웨카,에웨카
375881,A. James,아론 제임스,제임스
375889,D. Matthews,데본 매튜스,매튜스
375915,Q. Hartman,퀼린치 하트만,하트만
375930,K. Goto,고토 게이스케,게이스케
375933,I. Shimakovich,이바느 시이마코비치,시이마코비치
375974,J. Seys,호아킨 세이스,세이스
375985,M. El Fanis,무아드 파니스,파니스
376039,Y. Özcan,이아시느 외즈지아느,외즈지아느
376298,M. Hrubý,마르틴 흐루비,흐루비
376315,O. Kričfaluši,오느드레이 크리츠파루시,크리츠파루시
377009,M. Smets,마테 스메츠,스메츠
377043,M. Leaburn,마일스 리번,리번
377110,I. Ogundere,아이작 오건데레,오건데레
377114,T. Booth,톰 부스,부스
377116,S. Taylor,사므 타이로르,타이로르
377117,R. Maher,로난 마허,마허
377122,Endrick,엔드리키 펠리피,펠리피
377153,V. Osuagwu,빅토르 우슈에슈우쿠우 오수아구우,우슈에슈우쿠우
377168,K. Busuladžić,케난 부술라지치,부술라지치
377174,R. Lezcano,루벤 다리오 레스카노 포르티요,루벤
377257,Endika Bujan,에느디카 부ㅎ아느 루에다,부ㅎ아느
377313,F. Fall,파르루 파르르,파르르
377326,K. Amaro,케빈 아마로,아마로
377795,O. Lunt,오웬 앨런 런트,런트
377796,C. O&apos;Brien,코너 오브라이언,오브라이언
377799,E. Ahui,에리치아 사르-슈아로므 아흐우이,아흐우이
377808,J. Plant,제임스 존 플랜트,플랜트
377927,M. Nagasawa,나가사우아 미카즈에,나가사우아
377930,Ayoub Al Oui,아유브 알 오이,아유브
378284,Etta Eyong,카르르 에트타,에트타
378388,Tumi Fannar Gunnarsson,투미 파느나르 구느나르스소느,구느나르스소느
378815,I. Hermansen,이므레 베치 흐에르마느세느,흐에르마느세느
378951,S. Remy,실로 레미,레미
378963,R. Weijenberg,로빈 베이엔베르흐,베이엔베르흐
378966,A. Adelgaard,아스케 에밀 베르그 아델가르드,아델가르드
378981,Elyh Harrison,엘리 해리슨,해리슨
379017,M. Mikulenka,마테이 미쿠레느카,미쿠레느카
379039,Islam Abilkasov,이스라므 아비르카소브,아비르카소브
379045,J. Clarke,제이든 클라크,클라크
379046,S. Palmer-Houlden,세바스티아느 파르메르-흐우르데느,파르메르-흐우르데느
379048,Tommy George Backwell,토미 조지 백웰,백웰
379150,A. Brooks,앤드레 찬스 브룩스,브룩스
379207,G. Kukalia,기오르기 쿠카리아,쿠카리아
379329,Tiago Santos,티아구 산토스,산토스
379505,A. Obando,알렌 알다이르 오반도 아요비,오반도
379610,Fábio Jaló,파비오 루벤 소아레스 할로,할로
379618,J. Slater,지아코브 바우가느 스라테르,스라테르
379621,J. Colwill,조엘 윌리엄 콜윌,콜윌
379627,Z. Nelson,작 넬슨,넬슨
379676,M. Campbell,머레 캠벨,캠벨
379678,Ethan Sutherland,이단 서덜랜드,서덜랜드
379686,L. Agbaire,레니 아그바이레,아그바이레
379865,S. Touranian,사마느 투라니아느,투라니아느
379967,K. Megwa,카나이오치우쿠우 메구아,메구아
379968,J. MacIntyre,지아코브 마키느티레,마키느티레
380276,C. Ashia,캐머런 아시아,아시아
380434,M. Dorgeles,마호 예피 도르젤레스 가이-마리오 보차,도르젤레스
380492,Eric Emanuel da Silva Moreira,에다 실바 모레이라,실바 모레이라
380587,I. Maza,아이 마자,마자
380647,Noah Adedeji-Sternberg,노아 아데데지-스턴베르그,노아
380657,R. Young,라네르 지에르바 이우느그,이우느그
380659,R. Patterson-Powell,리오 파트테르소느-포우에르르,파트테르소느-포우에르르
380663,J. Sinclair,지미 싱클레어,싱클레어
380666,C. Pinnington,카터 핀잉턴,핀잉턴
380669,C. Allen,크루즈 아르레느,아르레느
380677,S. Bashir,사흐이르 바슈이르,바슈이르
380680,H. Mustapha,흐이느도로 토마스 에 무스타파,무스타파
380681,D. Mukasa,다비드 무카사,무카사
380683,E. Myles,에르리오트 지오슈 미레스,미레스
380685,R. Evans,레에케 에바느스,에바느스
380688,Y. Akhamrich,유수프 아침리치,아침리치
380689,C. Olusesi,콜린 오루세시,오루세시
380690,M. Moore,마이키 무어,무어
380691,Jay Robinson,제이 로빈슨,로빈슨
380696,Joshua Nichols,조슈아 니콜스,니콜스
380697,M. Kacurri,말디니 카추리,카추리
380703,Rio Cardines,리오 카디네스,카디네스
380713,A. Stepien-Iwumene,알렉스 스테피엔-이우메네,스테피엔-이우메네
380715,B. Broggio,벤자민 토마소 브로지오,브로지오
380752,E. Tanninen,에미르 타느니네느,타느니네느
380780,I. Bangoura,이브라히마 소리 반구라,반구라
381014,Jenson Jones,젠슨 존스,존스
381176,Marwan Al Sahafi,마르완 사이드 마수드 알 사하피,알 사하피
381495,D. Kelvin,다미아느 케르비느,케르비느
381797,H. Goudarzi,호세인 구다르지,구다르지
381805,S. Saharkhizan,사에이드 사하르키잔 겐디쉬민,사하르키잔
381810,M. Yeo,무사 쿤폴로 여오,여오
381854,M. Mbeng,미라느 베르나르드 므베느그,므베느그
382160,D. Adu-Adjei,다니엘 아두-아드지아이,아두-아드지아이
382340,G. Forsyth,가브리엘 포르시스,포르시스
382345,Alfie Harrison,알피 해리슨,해리슨
382354,Sebastian Naylor,세바스찬 네일러,네일러
382355,Jacob Wright,제이콥 라이트,라이트
382358,S. Mfuni,스티븐 엠푸니,엠푸니
382369,Jayden Joseph,지아이데느 지오세프,지오세프
382452,P. Dorgu,파트리크 도르구,도르구
382491,Fousseny Doumbia,푸센이 돔비아,돔비아
382492,Elias Baum,엘리아스 바움,바움
382925,R. Trevitt,라이언 트레빗,트레빗
382928,A. Mayor,아담 메이어,메이어
382947,H. Cuenca,우고 쿠에카,쿠에카
383000,I. Kamate,이스시아카 카마테,카마테
383017,D. Vavassori,도미닉 바바소리,바바소리
383023,A. El Wafi,아이마느 우아피,우아피
383041,N. Marcelli,니노 마르첼리,마르첼리
383063,M. Jumankin,미흐흐아이르 이우마느키느,이우마느키느
383120,S. Patton,션 패튼,패튼
383175,Zakaria Al Hawsawi,자카리아 시라지 아흐메드 알 하우사위,자카리아 알 하우사위
383523,V. Ulundu,비느케느트 우루느두,우루느두
383647,D. Kochen,디에고 코첸,코첸
383685,Y. Minteh,얀쿠바 민테,민테
383770,J. Fletcher,잭 앤드류 데이비슨 플레처,플레처
383771,Z. Blake,자이언 블레이크,블레이크
383773,L. Mahovo,루시앙 마호보,마호보
383780,Mikel Jauregizar,미켈 하우레기사르 알보니가,하우레기사르
383815,Cian Ashford,시안 애쉬포드,애쉬포드
383817,J. Crole,지아메스 우이르리아므 토마스 크로레,크로레
383826,James Dornelly,제임스 도넬리,도넬리
384129,D. Mina,디에고 미나,미나
384135,Javi Rodríguez,하비에르 로드리게스 갈리아노,로드리게스
384262,Aimar Duñabeitia,아이마르 두니아바이티아 마다리아가,두니아바이티아
384267,Ibon Sánchez,이본 이그나시오 산체스 오센,산체스
384485,Karoy Anderson,카로이 지단 러브본 앤더슨,앤더슨
384543,J. Ziółkowski,얀 지우코프스키,지우코프스키
384585,T. Hernes,트레비스 엔리케 에르난데스,에르난데스
384599,A. Henderson,아르피 흐에느데르소느,흐에느데르소느
384601,J. Dadge,지아메스 다드게,다드게
384800,R. Andrews,라이언 앤드류스,라이언
384828,A. Kanté,아브둘라예 라슬란 칸테,칸테
384981,S. Amissah,사무엘 아미사,아미사
385027,T. Mykhavko,타라스 미흐아브코,미흐아브코
385063,F. Abdullahi,파우아즈 아브두르라흐이,아브두르라흐이
385108,F. Delap,핀 델랍,델랍
385110,H. Griffiths,해리 그리피스,그리피스
385192,M. Diagne,마마두 우스마네 디아뉴에,디아뉴에
385260,J. Paulina,요르디 폴리나,폴리나
385467,A. Nakach,아크라므 나카치,나카치
385468,A. Zouhzouh,아미네 즈우흐즈우흐,즈우흐즈우흐
385481,Donay O'Brien-Brady,도네이 오브라이언-브레이디,오브라이언-브레이디
385483,Neo Eccleston,네오 에클스턴,에클스턴
385674,Mauro Couto,마우로 메이렐레스 쿠토,메이렐레스
385726,E. González,에드가르 곤잘레스,곤잘레스
386271,V. Čaić,비토 츠아이츠,츠아이츠
386276,Paris Josua Brunner,파리스 요오수아 브루느네르,브루느네르
386284,Mahamadou Diawara,마아마두 디아우아라,디아우아라
386285,Yoram\t Zague,와이 자구에,자구에
386287,E. Mbappé,에단 엠바페 로띵,엠바페
386296,T. Trummer,팀 트루머,트루머
386300,V. Tsukanov,비크토르 츠우카노브,츠우카노브
386305,Jacobo Ramón Naveros,ㅎ아코보 라모느 나베로스,나베로스
386306,César Palacios,세사르 파라시오스 페레스,페레스
386314,Diogo Ferreira,디오고 페레이라,페레이라
386481,M. Diakhon,마마두 디아콘,디아콘
386498,N. Asiimwe,네이단 아시임웨,아시임웨
386501,Z. Mitchell,작 조셉 미첼,미첼
386756,Y. Agnero,메르 이아느니크크 주오에르 아뉴에로,아뉴에로
386820,Rafael Ferreira Nel,라파엘 페레이라 넬,넬
386823,N. Viereck,네아르 루르르 피레크크,피레크크
386827,Ángel Alarcón,앙헬 아라르코느 가리오트,아라르코느
386828,Lamine Yamal,라민 야말,야말
386837,A. Sojka,알렉산드르 소이카,소이카
386852,J. Agbonifo,제레미 노사카레 아그보니포,아그보니포
386859,Héctor Fort,엑토르 포트,포트
386869,Dani MartÃ­nez,다니 마르티네스 모레노,마르티네스
386870,Julio Díaz del Romo,후리오 디아스 델 로모,델 로모
386872,Sergio Mestre,세르히오 메스트레 사느치에스,메스트레
387106,F. Cavegn,파브리치오 카벤,카벤
387129,I. Alemayehu,이사크 알렉산더 아레마이에흐우 무루게타,아레마이에흐우
387521,L. Vušković,루카 부슈코비치,부슈코비치
387534,Noah Dávid Gabriel Fenyö,노아흐 다비드 가브리엘 페니외,페니외
387607,R. Ndour,라이모느드 디에메 느두르,느두르
387643,B. Touré,바조마나 투레,투레
388013,Andrés García,안드레스 가르시아,가르시아
388461,A. Abdullahi,아메드 아브둘라히,아브둘라히
388536,B. Pointon,바비 포인턴,포인턴
388547,Luca Marianucci,루카 마리아누치,마리아누치
388570,D. Gül,데니즈 다니엘 글,글
388753,Boris Matić,보리스 마티츠,마티츠
388763,J. Lüthi,야니스 뤼티,야니스 뤼티
388769,D. Toula,다니엘 툴라,툴라
388771,T. Jelínek,토마스 예리넥,예리넥
388786,K. Smit,키스 스밋,스밋
388814,Gustas Mikelaitis,구스타스 미케라이티스,미케라이티스
388815,N. Klimavičius,네다스 크리마비키우스,크리마비키우스
388871,José María Andrés Baixauli,호세 마리아 안드레스 바이샤우리,바이샤우리
388872,Victor Mow Froholdt,빅토르 모우 프로홀트,프로홀트
388888,J. Kongolo,조수에 콩골로,조수에 콩골로
388890,D. Planka,다비드 프라느카,프라느카
388892,Brad Ryan Manguelle,브라드 리아느 마느구에르레,마느구에르레
388925,Rudi Allan Molotnikov,루디 아르라느 모로트니코브,모로트니코브
388931,F. Owens,프레드디 오우에느스,오우에느스
388944,Joris Aliukonis,이오리스 아리우코니스,아리우코니스
388945,Patrik Matyžonok,파트리크 마티즈오노크,마티즈오노크
389032,K. Morrison,키런 모리슨,모리슨
389033,Kian Ben Noble,키안 벤 노블,노블
389034,Charlie Gray,찰리 그레이,그레이
389035,Farid Alfa-Ruprecht,파리드 아르파-루프레흐트,아르파-루프레흐트
389036,Joseph Andrews,조셉 앤드류스,앤드류스
389037,D. Moody,딜런 무디,무디
389040,M. Baker,매튜 베이커,베이커
389302,T. Edozie,톰 에도지,에도지
389306,Roman Dixon,로마느 디크소느,디크소느
389309,O. Martin,치도 오비 마틴,마틴
389315,Joshua King,조슈아 킹,킹
389579,J. Eyestone,줄리언 아이스톤,아이스톤
390051,J. Shorrock,잭 쇼록,쇼록
390307,A. Lapu,아느도르 라푸,라푸
390567,T. Slončík,톰 슬론치크,슬론치크
390573,B. Rupanov,보리스라브 이바노브 루파노브,이바노브
390607,S. Muradyan,세르게이 무라디안,무라디안
390770,J. Stuttle,존니 스투틀,스투틀
391000,D. Bonsu,데릭 본수,본수
391133,Derin Adewale,데리느 아데우아레,아데우아레
391240,Joseph Sabobo Banda,지오세프 사보보 바느다,사보보
391283,E. Demircan,에미르흐아느 데미르지아느,데미르지아느
391779,M. Salamon,마테오 사라몬,사라몬
391822,Fer López,페르 로페스,로페스
392108,S. Orias,스테베느 ㅎ아페트 오리아스 코레이아,오리아스
392146,Danylo Krevsun,다닐로 크레브순,크레브순
392147,Zoumana Keita,츠우마나 카이타,카이타
392252,André Oliveira,아느드레 루이스 로치아 오리바이라,로치아
392258,P. Reverson,폴 피터스 레버슨,레버슨
392270,Marc Guiu,마르크 기우,기우
392271,Ivan Vasiljevic Djorjevic,이바느 바시르ㅎ에비크 드ㅎ오르ㅎ에비크,바시르ㅎ에비크
392279,P. Pardel,피오트르 파르데르,파르데르
392407,C. Dillon,시안 딜런,딜런
392412,R. Mirisola,로빈 미리솔라,미리솔라
392431,E. James,에드워드 제임스,제임스
392434,T. Adeyemo,에므마누에르 아데이에모,아데이에모
392455,Germán García,헤르만 가르시아 페르난데스,가르시아
392481,A. Bregou,아드리아노 브레구,브레구
392482,C. Kostoulas,코스툴라스,코스툴라스
392493,M. Cocchi,마테오 코치,코치
392506,Mattia Mannini,마트티아 마느니니,마느니니
392507,J. Viitala,이오흐아느네스 비이타라,비이타라
392514,C. Mouzakitis,크리스토스 무자키티스,무자키티스
392556,Georgios Marios Katris,게오르기오스 마리오스 카트리스,카트리스
392565,U. Simonavičius,우그니우스 시모나비키우스,시모나비키우스
392610,H. Howell,해리 하울,하울
392652,Aleksandre Gaprindashvili,아레크사느드레 가프리느다시비리,가프리느다시비리
392654,E. Adegboyega,에므마누에르 아데그보이에가,아데그보이에가
392671,L. Diarra,라신 디아라,디아라
392935,K. Yiadom,코나두 이이아도므,이이아도므
393073,Amin Chiakha,아민 치아카,치아카
393131,J. Berisha,지오느 베리슈아,베리슈아
393191,Gerald Alders,제랄드 알더스,알더스
393193,Kaye Iyowuna Furo,케이 푸로,푸로
393195,W. Lankshear,윌리엄 랭크셔,랭크셔
393198,Salvador Esquivel,살바도르 에스키벨 가메스,에스키벨
393349,Brandon Edward Bak,브랜든 에드워드 백,백
393358,H. Chamberlain,흐아르리소느 치아므베르라이느,치아므베르라이느
393937,A. Ganah,아미르 흐아이므 가나흐,가나흐
394150,Frankie Edwards,프랭키 에드워즈,에드워즈
394157,Adrian Moyosoreoluwa Ameer Akande,에드리안 모요소레올루와 아칸데,아칸데
394159,M. Oni,미르토느 지에레미아흐 오니,오니
394165,S. Neave,션 톰스 네이브,네이브
394167,O. Harrison,올리 해리슨,해리슨
394174,F. Gigov,필립 르비넨 고이고프,고이고프
394182,J. Parente,요아소느-레에 파레느테,파레느테
394183,A. Romano,알레산드로 지아니 로마노,로마노
394184,Junior Arlet Zé,주니어 아를레트 제,제
394200,S. Shishkov,시메온 디미트로프 시슈코프,시슈코프
394211,L. Srdanovic,룬 스르다노비치,스르다노비치
394216,Emirhan Arkutcu,에미르흐아느 아르쿠트지우,아르쿠트지우
394221,Emir Yaşar,에미르 야샤르,야샤르
394222,Gökdeniz Gürpüz,그루푸즈,그루푸즈
394294,Tyreece Anthony Tupac Shakur Campbell,타이리스 앤써니 투팍 샤쿠르 캠벨,캠벨
394336,Ceti Junior Taty Tchibinda,케티 주우니오르 타티 트슈이비느다,타티
394384,Erick Marcus,에릭 마르쿠스,마르쿠스
394388,R. Donfack,라므세스 카브레르 도느파크크 느구이므즈에우,도느파크크
394583,R. Shipston,리오 쉽스턴,쉽스턴
394585,B. Cadamarteri,베일리-타이 카다마르테리,카다마르테리
394586,C. Walters,카메로느 우아르테르스,우아르테르스
394588,R. Walters,리스 월터스,월터스
394595,S. Fusire,션 셔네수 후시레,후시레
394597,F. Willcox,프레디 윌콕스,윌콕스
394600,A. Mee,애슈턴 미,미
394663,Taylan Bulut,타이라느 부루트,부루트
394665,Jarzinho Ataide Adriano de Nascimento Malanga,요아르츠이느흐오 나스키메느토,나스키메느토
394667,Almugera Raouf Mohammed Kabar,알무게라 라우프 모하메드 카바르,카바르
394682,O. Lukic,올리버 루킥,올리버
394683,J. Hatch,조셉 해치,해치
394698,D. Pech,도미닉 페흐,페흐
394700,J. Heerkens,요에리 예세 헤르켄스,헤르켄스
394703,M. Frame,미트치에르 프라메,프라메
394712,Alexander Hutton,알렉산더 허튼,허튼
394734,Finn Jeltsch,핀 엘치,엘치
394736,S. Obîscalov,세르기아이 오비스카로브,오비스카로브
394819,E. Albak,에네스 아르바크,아르바크
394871,L. Pino,루카스 가르시아,가르시아
394884,P. Verhounig,피르리프 베르흐우니그,베르흐우니그
394898,C. Twose,코디 투오세,투오세
394899,Gabriele Biancheri,가브리레 비아느치에리,비아느치에리
394902,R. Kpakio,로난 크파키오,크파키오
394912,Ante Sušak,아느테 수사크,수사크
394915,V. Jeppsson,비그고 지에프프스소느,지에프프스소느
394916,Z. Loukili,자카리아 루키리,루키리
394929,V. Chernyavskiy,바시리 치에르니아브스키이,치에르니아브스키이
394947,B. Tomašević,보디느 토마세비츠,토마세비츠
394955,F. Rózga,피리프 로즈가,로즈가
394956,M. Gurgul,미치아 구르구르,구르구르
394973,D. Lawlor,딜런 로울러,로울러
394974,L. Giles,루이 지아일스,지아일스
394978,T. Majić,토니 마이이츠,마이이츠
394980,D. Mafico,다카라이 마피코,마피코
394986,J. Mellberg,요한 올로프 멜베리,멜베리
394996,A. Gashi,아르비느 가슈이,가슈이
395010,A. Sokolovskiy,아르테므 소코로브스키이,소코로브스키이
395025,S. Ashbee,스타느레이 아슈베에,아슈베에
395040,G. Ilenikhena,조르주 일레니케나,일레니케나
395051,I. Laghzali,이스마이르 라그즈아리,라그즈아리
395544,M. Korobov,마크시므 코로보브,코로보브
395550,M. Ponomarenko,마트비이 포노마레느코,포노마레느코
395559,Kerim-Sam Alajbegović,케림-삼 알라이베고비치,알라이베고비치
395573,V. Zakharchenko,브라디스라브 즈아흐아르치에느코,즈아흐아르치에느코
395602,Oliver Højer,오이호어,오이호어
395628,Abdulrazzaq Qasim,아브둘라자크 카심 카다 스바이하위,카심
395631,N. Zečević,니코라 즈에츠에비츠,즈에츠에비츠
395743,K. Bilalovic,케나느 비라로비크,비라로비크
395753,N. Ajetovikj,누마느 아지에토비키,아지에토비키
395762,M. Amougou,마티스 아무구,아무구
395777,S. Farhi,사이에드 아부 파르치,파르치
395809,J. Sanda,주오아슈이므 카이이 사느다,카이이
395823,A. Amisulashvili,아레크사느드레 아미수라시비리,아미수라시비리
395826,S. Geguchadze,사바 게구치아즈에,게구치아즈에
395841,I. Hemi,헤미,헤미
395849,Thomas Berenbruch,토마스 베레느브루치,베레느브루치
395891,A. De Corte,악셀 데 코르트,데 코르트
396198,I. Baouf,이스마엘 바우프,바우프
396202,Rayane Bounida,레얀 부니다,부니다
396205,I. Cercel,이오누트 다리우스 체르체르,체르체르
396255,Max Dickov,막스 디코브,디코브
396380,Z. Athekame,자카리 아테카메,아테카메
396389,A. Stoian,아레크사느드루-코느스타느티느 스토이아느,스토이아느
396475,Fran González,프란 곤살레스,곤살레스
396481,F. Cartwright,피느레이 카르투리그트,카르투리그트
396623,Pau Cubarsí Paredes,파우 쿠바르시,쿠바르시
396624,Sergi Domínguez,세르지 도밍게즈 비로리아,도밍게즈
396628,Kieran Morgan,키런 모건,모건
396720,C. LoukaÃ¯dis,루카이디스,루카이디스
396728,J. Peacock,지아바느 지오세프 페아코크크,페아코크크
396732,L. Chipolina,레에 치이포리나,치이포리나
397067,J. Wallis,지오세프 브리느레이 우아르리스,우아르리스
397438,M. Gonzalez,마트흐이아스 에느리케 고느사레스 리바스,고느사레스
397454,H. Rylah,헨리 라일라,라일라
397737,A. Chemong,아수완 케몽,케몽
397740,K. WÃ¤tjen,크요에르르-아리크 베트요에느,베트요에느
397929,João Carvalho Fonseca,주오앙 카르바류오 포느세카,카르바류오
397935,Mats Seiler,마트스 사이레르,사이레르
397997,T. Nyoni,티나이 뇨니,뇨니
397999,S. Olagunju,샤히드 올라군주,올라군주
398000,G. Antwi,게네시스 아느투이,아느투이
398004,S. Proctor,샘 프록터,프록터
398188,D. Janković,디미트리이에 이아느코비츠,이아느코비츠
398190,M. CvetkoviÄ,미흐아이로 츠베트코비츠,츠베트코비츠
398194,L. JovanoviÄ,라자르 요바노비치,요바노비치
398205,David Đurić,다비드 지우리츠,지우리츠
398206,N. Simić,니콜라 시미치,시미치
398858,G. Morrison,조지 모리슨,모리슨
398859,A. Marriott,아르피 마르리오트트,마르리오트트
398865,B. McCann,바이레이 므크카느느,므크카느느
398869,J. Oram,지아케 오라므,오라므
398870,W. Flint,윌 플린트,플린트
398933,F. Holman,프레트치에르 흐오르마느,흐오르마느
399054,K. Dixon,카흐아이므 디크소느,디크소느
399550,S. Solomon,솔 솔로몬,솔로몬
399568,K. Adom,케인 아돔,아돔
399607,E. Morrison,일라이자 모리슨,모리슨
399609,H. Douglas,흐아미슈 두그라스,두그라스
399719,M. Abu Rumi,모흐아마드 아부 루미,아부
399825,J. Iyendjock,주오세프 이이에느드주오크크,이이에느드주오크크
399830,Y. Noah,노아 이아느니크크,이아느니크크
399893,B. Kiwa,브라데르 키우아,키우아
399906,O. Maamma,오토만 마마,마마
399970,G. Hoddle,조지 호들,호들
400033,Timur Tuterov,티무르 투테로프,투테로프
400336,Arkelle Nicholas Cecil Jude-Boyd,아켈 니콜라스 세실 주드-보이드,주드-보이드
400339,Owen Hampson,오우에느 흐아므프소느,흐아므프소느
400340,L. Marsh,루이 마쉬,마쉬
400349,F. Potter,핀리 포터,포터
400488,S. Askarov,수르타느 아스카로브,아스카로브
400496,E. Madmon,엘라드 매드몬,매드몬
400509,João Simões,조아우 페드로 아르나우트 바로카스 시모에스,시모에스
400513,Gonçalo Carvalho Moreira,고느사로 카르바류오 모라이라,카르바류오
400516,A. Baydauletov,아이아느 바이다우레토브,바이다우레토브
400525,Gonçalo Oliveira,곤살로 올리베이라,올리베이라
400530,R. ObriÄ,렐야 오브리치,오브리치
400544,João Pedro Moreira Teixeira,조아오 페드로 모레이라 테이셰이라,테이셰이라
400545,I. Mendygaliev,이르다르 메느디가리브,메느디가리브
400550,Gonçalo Santos Sousa,곤살로 산토스 소우사,소우사
400679,D. Moses,데이비드 모세스,모세스
400693,Sean Etaluku,션 에탈루쿠,에탈루쿠
400694,Tom Iorpenda,톰 이오르펜다,이오르펜다
400700,J. Mullins,조슈아 머린스,머린스
400702,J. Taylor,잭 테일러,테일러
400739,T. Ogunsuyi,트레이 사무엘-오군수이,사무엘-오군수이
400740,Cole Deeming,콜 딤밍,딤밍
400750,Christopher Olivier,크리스토퍼 올리비에,올리비에
400751,Eliot Bujupi,에리오트 부요우피,부요우피
400844,T. Degreef,트리스타느 데그레에프,데그레에프
400938,Iwan Morgan,이완 모건,모건
400948,Assane Diao,아산 디아오,디아오
401081,J. Curran-Nichols,지아이 쿠르라느-니치오르스,쿠르라느-니치오르스
401091,A. Doherty,아오단 도허티,도허티
401098,L. Rawlings,루크 롤링스,롤링스
401103,F. Vare,프라느크 바레,바레
401227,Lorent Talla,로렌트 탈라,탈라
401229,T. Anderson,타이네 아느데르소느,아느데르소느
401233,Billy Blacker,빌리 블래커,블래커
401237,Ben Drake,벤 드레이크,드레이크
401239,Ollie Hobden,올리 호브덴,호브덴
401240,J. Loughran,잭 로프란,로프란
401241,M. Sesay,모세 세세이,세세이
401278,M. Kanté,모하마두 칸테,칸테
401333,L. Baret,릴리앙 바레,바레
401367,A. Maamar,아리 마아마르,마아마르
401380,Sam Parker,샘 파커,파커
401394,I. Gordon,아이작 고든,고든
401398,Owen Eames,오웬 이임스,이임스
401493,B. Żelazowski,바르토시 젤라조프스키,젤라조프스키
401862,M. Toma,미하이 블라두트 토마,토마
402265,A. Avom,아르투르 에보느그 아보므,에보느그
402266,P. Sime,프리느케 주우니오르 시메,시메
402268,G. Eyike,구이 크로데 에이이케,에이이케
402272,T. Land,티흐오 라느드,라느드
402317,R. Donovan,로멜 도노반,도노반
402329,A. Heaven,에이든 헤븐,헤븐
402331,R. Munro,리스 먼로,먼로
402374,J. Pearman,제이란 페어만,페어만
402432,Ben Winterburn,벤 윈터번,윈터번
402434,Remy Rees-Dottin,레미 리스-도틴,리스-도틴
402467,Albert Eames,아르베르트 에아메스,에아메스
402495,Muath Faqeehi,무아트 압둘아지즈 파키히,무아트 파키히
402503,Keenan Gough,키넌 고프,고프
402524,A. Harrison,아담 앨런 해리슨,해리슨
402633,C. Cook,코느노르 쿠크,쿠크
402640,R. Esse,라이언 에세,에세
402832,T. Anderson,타이로르 아느데르소느,아느데르소느
403062,K. Kamara,카에디느 카마라,카마라
403063,M. Adu-Poku,마이클 아두-포쿠,아두-포쿠
403064,H. Amass,에이마스,에이마스
403065,J. Luker,제이든 루커,루커
403086,Naif Masoud,나이프 칼리드 라시드 마수드,나이프 마수드
403218,O. Thomas,오리베르 토마스,토마스
403221,K. Ranson,카리 란슨,란슨
403232,Tom Atcheson,톰 애치슨,애치슨
403326,S. Diabaté,수마일라 디아바테,디아바테
403340,Choi Woo-Jin,우진 최,최
403554,Christantus Uche,크리스탄투스 우체,우체
403878,P. Sy,파페 마마두 시,시
403879,M. Sané,마마두 사네,사네
403880,O. Diouf,우스마네 디우프,디우프
403881,O. Kané,우스마네 마루프 카네,카네
403882,M. Kanté,무스사 카느테,카느테
403883,M. Mbaye,마리크크 므바이에,므바이에
403884,C. Diouf,슈아이흐 이브라 디우프,디우프
403889,P. Diallo,파페 아마두 디알로,디알로
403891,L. Ngom,마메 리바스세 라이에 느고므,느고므
404026,O. Diao,우스마네 디아오,우스마네
404062,K. Otu,쿠아메 오투,오투
404064,D. Nsobila,도미니크 느소비라,느소비라
404069,J. Attuquaye,지오나흐 아트투쿠아이에,아트투쿠아이에
404073,B. Abaidoo,벤자민 아바이두,아바이두
404097,Rodrigo Mora,로드리고 모라,모라
404141,C. Gill,치아르리 기르르,기르르
404168,M. Hellan,마르틴 흐에르라느,흐에르라느
404169,P. Dahbo,포느투스 브로르 흐아르리 다흐보,다흐보
404172,K. Peprah Oppong,코조 페프라 오퐁,오퐁
404175,Vinícius Nogueira,비니시우스 노게이라 데 올리베이라,노게이라
404243,Bruno Ramos,브루누 카르발류,카르발류
404443,A. Ünyay,아르다 위니아이,위니아이
404574,Luis Guilherme,루이스 길헤르메,길헤르메
404656,Jahmai Simpson-Pusey,제이 심슨-푸시,심슨-푸시
404769,Bendito Mantato,벤디토 만타토,만타토
404884,S. Jansson,시그게 스코르파느 지아느스소느,스코르파느
404891,K. Karetsas,콘스탄디노스 카레차스,카레차스
405124,K. Martínez,케빈 마르티네스,마르티네스
405237,K. Boudache,카이 보다쉬,보다쉬
405298,N. Rizzo,니콜로 리초,리초
405300,K. Lisbie,카이렐 제레마이아 리스비,리스비
405302,K. Horváth,케빈 흐오르바트흐,흐오르바트흐
405330,M. Pető,미라느 페토,페토
405333,M. Kern,마르틴 케르느,케르느
405358,L. Mullarkey-Matthews,로레느즈에 무르라르케이-마트스에우스,무르라르케이-마트스에우스
405360,H. Armstrong,에이치 암스트롱,암스트롱
405530,Ezra Mayers,에즈라 메이어스,메이어스
405905,N. Opoku,나타니엘 오포쿠 오니나,오포쿠
406175,Ephrahim Yeboah,에프라힘 예보아,예보아
406244,J. Manzambi,요한 만잠비,요한 만잠비
406275,A. Gjoni,아마리르도 쟈오니,쟈오니
406303,K. Páez,켄드리 파에스,파에스
406399,Matheus Machado,마테우스 마차도,마차도
406480,M. Børsheim,마틴 뇌르셰임,뇌르셰임
406481,M. Klausen,마티아스 엔게비크 클라우센,클라우센
406507,J. Johnson,지오세프 지오흐느소느,지오흐느소느
406526,L. Agazzi,루카스 아가지,아가지
406528,E. Cuello,쿠에요,쿠에요
406752,I. Okon,이메 오콘,오콘
406846,T. Noslin,타이리스 노슬린,노슬린
406848,Yanis da Rocha,야니스 다 로차,다 로차
407017,M. Lumpungu,모이세 봄비토 룸풍구,룸풍구
407032,A. Nallo,아마라 날로,날로
407033,Ismeal Kabia,이스마엘 카비아,카비아
407365,S. Carrillo,스테파노 에므마누에르 카르리이오 카르데로느,카르리이오
407583,J. Badwal,지반 싱 배드월,배드월
407597,M. Krug,마르틴 빌헬름 크루그,크루그
407652,P. Agyemang,패트릭 아게만,아게만
407659,I. Sjong,이삭 아론 슈옹,슈옹
407677,Iker Monreal,이케르 모느레아르 아구느데스,모느레아르
407806,Rayan,라얀 비토르 심플리시오 로차,로차
407900,K. Sandoval,카이메르 아느드레스 사느도바르 로드리구에스,사느도바르
407958,Rayan,라얀 루카스 마르케스 데 소우자,소우자
408085,Jaden Mears,제이든 미어스,미어스
408127,Emeka Adeile,에메카 아다이레,아다이레
408128,Ellis Lehane,에르리스 레흐아네,레흐아네
408129,S. Tabares,샘엘 타바레스,타바레스
408302,A. Thibaut,아드리앙 티보,티보
408319,M. Fuscaldo,마트테오 푸스카르도,푸스카르도
408381,J. Dembe,지오흐느 파우르 데므베,데므베
408507,J. Haruna,지아마르 데에느 흐아루나,흐아루나
408543,M. Bajo,마흐무두 바조,바조
408544,H. Njie,흐아루나 라시드 느지이,느지이
408635,E. Akinsanmiro,에베네즈에르 아키느사느미로,아키느사느미로
408675,M. Eppink,메스 에핀크,에핀크
409011,A. Tajaouart,아나스 타주아우아르트,타주아우아르트
409047,G. Leoni,조반니 레오니,레오니
409189,M. Lane,미케이 라네,라네
409190,Y. Ebnoutalib,이우네스 에브누타리브,에브누타리브
409215,Kouakou Joane Gadou,코아쿠 조안 가두,가두
409216,Senny Mayulu,세니 마율루,마율루
409303,E. Diouf,아드주이 마리크크 디우프,디우프
409306,E. Bille,에릭 이브 빌레,빌레
409345,W. Johnson,윌 존슨,존슨
409411,Ali Jasim,알리 자심,자심
409416,Mohamed Gouda,모하메드 칼리드 아흐메드 가말 알 구다,알 구다
409419,M. Hosseinnezhad,모하마드 자바드 호세인네자드 마할레콜라에이,호세인네자드
409455,Hussein Hasan,훈세인 하산 아모예드 라세티므,훈세인 하산
409457,Adam Talib,아담 탈리브 압둘칼렉 라시드,탈리브
409458,Charbel Shamoon,샤르벨 샤문,샤르벨 샤문
409484,Ibrahim Al Hassan,이브라힘 모하메드 알 하산 이브르 알리,알 하산
409490,Mahdi Salem,마디 살렘 알 메자바,알 메자바
409492,D. Iri,다니알 이리,이리
409495,M. Khalifeh,모하마드 할리페,할리페
409515,Ali Ahmad Hajabi,알리 아마드 아사드 하자비,하자비
409546,A. Maroš,아레크세이 마로스,마로스
409607,C. Wiener-Pucher,크리스토프 비너르 푸쳐,푸쳐
409670,A. Malic,아르얀 말리치,말리치
409750,Florian Hellstern,플로리안 헬스턴,헬스턴
409794,Alejandro Gomes Rodriguez,알레한드로 고메스 로드리게스,로드리게스
409797,Eseosa Sule,에세오사 수레,수레
409798,Louie George Copley,루이 조지 코플리,코플리
409875,A. Dohnálek,애덤 도흐나레크,도흐나레크
410016,P. Adu,프린스 과베나 아두,아두
410096,E. Kojzek,에리크 코이즈에크,코이즈에크
410125,M. Yalcouyé,말릭 준니어 알쿠예,알쿠예
410192,D. Bulgakov,다니라 부르가코브,부르가코브
410304,N. Dadiani,니코로즈 다디아니,다디아니
410531,A. Wogan,아느드레우 우오가느,우오가느
410604,O. Kapskarmo,오스카르 포르스모 카프스카르모,카프스카르모
410640,M. Pruchniewski,마테우시 프루흐니에프스키,프루흐니에프스키
410840,R. Sato,사토 류노스케,류노스케
410916,M. Skvortsov,마크시미리아느 스크보르트소브,스크보르트소브
411098,S. Cummins,세아느 쿠므미느스,쿠므미느스
411621,H. Liiv,흐우베르트 리이브,리이브
411693,David Moreira,다비드 모레이라,모레이라
411702,Pau Cabanes,파우 카바네스 토르레,카바네스
411751,Hugo de Llanos García,흐우고 이아노스 가르키아,이아노스
411800,C. Bonsu Baah,크리스토퍼 본수 바,바
411808,D. Richards,두후안 오딜 리처즈,리처즈
411962,N. Akoto,니콜라스 아코토,아코토
412021,A. Popoola,안졸라 포푸라,포푸라
412079,P. Fearon,프레스토느 페아로느,페아로느
412086,F. Simmonds,프레디 시몬즈,시몬즈
412139,M. Bah,마마두 바,바
412166,Z. Kholodov,즈아흐아르 흐오로도브,흐오로도브
412286,A. Ennakouss,아브데르라즈아크 에느나쿠스스,에느나쿠스스
412683,M. Aleksandrov,미흐아이르 아레크사느드로브,아레크사느드로브
412685,P. Apetenok,파베르 아페테노크,아페테노크
412692,Alfie Tuck,알피 턱,턱
412695,Albert Navarro,아르베르트 나바르로 에스크리치에,나바르로
412703,Yusuf Akçiçek,유수프 압치체크,압치체크
412704,Noah Darvich,노아 다르위시,다르위시
412710,Kristjan Bendra,크리스티안 벤드라,벤드라
412711,Saïmon Bouabré,사이모느 부아브레,부아브레
412719,Veljko Milosavljević,벨코 미로사블리비치,미로사블리비치
412759,J. Canvot,주드 캔보트,캔보트
412762,Rhodri Smith,로드리 스미스,스미스
412869,E. Waayers,유스 바아예르스,바아예르스
412871,W. Kuhn,우에스세르 쿠흐느,쿠흐느
412872,D. Janse,디스 이아느세,이아느세
412873,A. Sliti,아이멘 슬리티,슬리티
412882,P. Ugwu,프레키우스 이우르 우치에-치우쿠우 우흐우우,우흐우우
412891,M. ZebiÄ,마르코 제비치,제비치
412893,S. Levak,세르게이 레바크,레바크
412926,C. Makosso,크리스 멜릭 마코소,마코소
412946,L. Biliboc,로레느즈오 비리보크,비리보크
413034,B. Graham,브레이든 그레이엄,그레이엄
413136,A. Elliott-Wheeler,에이덴 엘리엇-휠러,엘리엇-휠러
413237,A. Bibout,아론 바닌드 비바우트,비바우트
413499,Oliver Bostock,올리버 보스톡,보스톡
414149,R. Mofokeng,렐레보힐 모포켕,모포켕
414188,M. Jeng,말콤 존 마타르 젱,젱
414212,N. Trifunović,네마니아 트리푸노비츠,트리푸노비츠
414358,Kauã Elias,카우아 에리아스 노구아이라,노구아이라
414359,Vitor Nunes,비토르 레이스,레이스
414384,A. Sarco,아레ㅎ오 우리르 사르코,사르코
414385,C. Echeverri,카를로스 에체베리,에체베리
414405,K. Arroyo,케니 알렉산더 아로요 알바라도,아로요
414430,B. Caicedo,브라이아느 마테오 카이케도 라모스,카이케도
414432,P. Calione,파올로 파브리지오 칼리오네,칼리오네
414433,P. PacÃ­fico,파트리시오 파시피코,파시피코
414455,Souza,수자,수자
414474,F. Chávez,펠리페 마를론 차베스,차베스
414544,T. Pérez,토마스 페레즈,페레즈
414662,J. Arroyo,제퍼슨 가브리엘 아로요 카이세도,아로요
414870,A. Chidi,아노므나치이 치이나사 치이디,치이디
415064,Pedro Felipe,페드루 페리페 주에수스 고메스,주에수스
415075,João Henrique,조아우 엔리케 멘데스 다 실바,멘데스
415089,Gabriel Moscardo,가브리에우 모스카르두,모스카르두
415116,Alisson Santana,아리스소느 사느타나 로페스 포느세카,사느타나
415151,Newertton,네우에르트토느 마르티느스 시르바,마르티느스
415155,J. Rodríguez,후안 마르틴 로드리게스,로드리게스
415243,B. Peart,브로디 페아르트,페아르트
415392,O. Elding,오우에느 에르디느그,에르디느그
415431,S. El Mourabet,사미르 엘 무라베트,엘 무라베트
415517,Lamine Dabo,무하메드 라민 판네 다보,다보
415871,S. Laghzaoui,사리므 라그즈아우이,라그즈아우이
415992,K. Miściur,코넬 아르투르 미시우르,미시우르
415995,G. Brown,조지 브라운,브라운
416062,E. Helland,에이빈드 파우스케 헬란드,헬란드
416063,J. Eikrem,예스퍼 네르후스 에이크렘,예스퍼 에이크렘
416088,L. West,루카스 웨스트,웨스트
416097,Á. Orrason,아스가이르 흐에르기 오르라소느,오르라소느
416098,D. Fjeldsted,다구르 오르느 피에르드스테드,피에르드스테드
416119,T. Engebakken,토르지우스 에므베르그스루드 에느게바크케느,에므베르그스루드
416143,V. Hagen,베가르드 흐아우게루드 흐아게느,흐아우게루드
416190,P. Brown,파렐 브라운,브라운
416191,M. Naskos,마렉 나스코스,나스코스
416250,T. Carroll,테오도어 캐롤,캐롤
416252,L. Awesu,오라느레우아지우 아우에수,아우에수
416256,Marley Leuluai,말리 를루아이,를루아이
416315,N. Kaján,노르베르트 가볼 카얀,카얀
416518,U. Happonen,우크코 흐아프포네느,흐아프포네느
416697,J. Porter,잭 포터,포터
416862,Lucas Rodrigues Carvalho Anjos,루카스 로드리게스 카르발류 안조스,안조스
416898,J. Brown,지아크소느 브로우느,브로우느
416899,M. Evans,마키세 에바느스,에바느스
416901,N. Sigur,니코 크리스티안 시구르,시구르
416994,C. Axede,치아르리 지오에르 아크세데,아크세데
417063,I. Talvitie,이이로 타르비티,타르비티
417202,R. Väisänen,라스무스 바이사네느,바이사네느
417204,A. Tulehmo,아르트투 투레흐모,투레흐모
417310,O. Aluko,올라바데 알루코,알루코
417314,P. Andersen,파트리크 아느데르세느,아느데르세느
417558,G. Nevett,조지 네벳,네벳
417606,M. Akahomen,마빈 아카호멘,아카호멘
417653,J. Derry,제시 데리,데리
417860,A. Fall,아브두 아즈이즈 파르르,파르르
417914,H. Koutoune,함자 쿠투네,쿠투네
418188,M. Barry,마아무드 바르리,바르리
418189,I. Kanate,이브라이므 카나테,카나테
418204,M. Doumbia,마마두 둠비아,둠비아
418210,S. Koné,세쿠 코네,코네
418214,L. Traoré,라시나 트라오레,트라오레
418403,Jaden Dixon,제이든 딕슨,딕슨
418570,T. Watson,톰 왓슨,왓슨
418942,J. Wilson,제임스 안토니 윌슨,윌슨
419004,A. Bužek,아레크사느드르 부즈에크,부즈에크
419035,M. Coulibaly,마마두 쿨리발리,쿨리발리
419242,L. Remmem,라스 비욘루드 렘멤,렘멤
419515,I. Azut,이타이 아즈우트,아즈우트
419576,Szilárd Szabó,실라드 사보,사보
419582,Geovany Tcherno Quenda,지오바니 켄다,켄다
419587,Hunor Vajk Németh,흐우노르 바지크 네메트흐,네메트흐
419610,A. AvdiÄ,아뎀 아브딕,아브딕
419616,Z. AliloviÄ,즈오라느 아리로비츠,아리로비츠
419620,G. De Pieri,기아코모 피리,피리
419621,B. PaviÄ,브라느코 파비츠,파비츠
419622,N. Mikic,노아 미키치,미키치
419629,R. Duiven,로빈 반 다이번,반 다이번
419688,Joshua Laqueretabua,조슈아 라케레타부아,라케레타부아
419916,C. Harder,코느라드 흐아르데르 우아이베르 슈아느도르프,흐아르데르
420292,H. Sekine,세키네 히로키,히로키
420351,Elias Benkara,엘리아스 벤카라,벤카라
420353,Maximilian Tobias Herwerth,막심리안 토비아스 헤르베르트,헤르베르트
420359,M. Emmanuel,모세스 에므마누에르 아마시,에므마누에르
420685,Filip Rozga,필립 로즈가,로즈가
420686,D. Popa,다비드 아느드로니크 포파,포파
420688,Rodrigo Silva,로드리고 실바,실바
420934,A. Svanbäck,아드리아느 라르스 프레드리크 스바느바크크,스바느바크크
421227,C. Clarke,코트니 클라크,클라크
421875,S. Cherif,시디키 쉐리프,쉐리프
421937,B. Konteh Krubally,빌랄 콘테 크발리,크발리
422380,H. Inamura,이나무라 하야토,하야토
422572,K. Shiogai,시오가이 겐토,겐토
422779,Robert,로버트 실바,실바
422780,A. Anselmino,아론 안셀미노,안셀미노
422929,D. Bennie,다니엘 베니,베니
423188,Enes Emre Büyük,에네스 엠레 비윅,비윅
423210,A. RajiÄ,안토니오 라지치,라지치
423227,G. Gogsadze,기오르기 고그사즈에,고그사즈에
423228,D. Kvartskhava,다니엘 크바르츠흐아바,크바르츠흐아바
423561,Mohammad Al Emwasi,모하마드 알 엠와시,알 엠와시
423690,Talal Haji,탈랄 아부박르 압둘라 하지,탈랄 하지
423708,Yang Min-Hyeok,양민혁,양
423714,Park Seung-Soo,승수 박,박
423737,Tahsin Jamshid,타흐신 모하메드 잼시드,잼시드
423739,A. Shakouri,아르샤 샤쿠리,샤쿠리
423753,A. Razzaghinia,아미르 모하마드 라자기니아,라자기니아
423789,K. Kosugi,코스기 케이타,케이타
424310,S. Suvanne,세바스티아느 수바느네,수바느네
424375,A. Papakanellos,아느토니스 파파카네르로스,파파카네르로스
424461,Dániel István Radnóti,다니엘 이스티반 라드노티,라드노티
424463,A. Gunnarsson,아트리 토르 구느나르스소느,구느나르스소느
424506,E. Matouti,에드리느 라느디 에스사느그 마투티,에스사느그
424637,A. Skogmar,에드리안 시암 스코그마르,스코그마르
425020,A. Maidana,알렉산드로 마이다나,마이다나
425197,I. Brusberg,이사크 오리베르 브루스베르그,브루스베르그
425199,B. Lawal,모하메드 보수느 라우아르,라우아르
425200,T. Ouattara,티에모코 와타라,와타라
425255,K. Lisman,코넬 리스만,리스만
425317,O. Øhlenschlæger,오스카르 ø흐레느슈르æ게르,ø흐레느슈르æ게르
425733,Estêvão,에스테방,에스테방
425770,Jan Koutný,이아느 쿠트니,쿠트니
425819,G. Zechiël,히바이 제키엘,제키엘
425848,D. Arroyo,디에고 아르로이오,아르로이오
425969,F. Sass,프레디 샤스,샤스
426130,Karel Spáčil,카렐 스파치르,스파치르
426197,A. Arnarsson,아르나르 스마리 아르나르스소느,아르나르스소느
426287,I. Soumah,이브라이마 테르나 수마,수마
426288,V. Dadason,빅토르 다다손,다다손
426512,Iker Jareth Fimbres Ochoa,이커 하레스 피브레스 오크로아,피브레스
426668,Argus Vanden Driessche,아르구스 반덴 드리셰,드리셰
426797,Tai Žnuderl,타이 즈누데르르,즈누데르르
426799,Francisco Chissumba,프라느키스코 로드리구에스,로드리구에스
426810,F. Conte,파키네트 코느테,코느테
427056,K. Bos,케이시 보스,보스
427187,Mustafa Saadoun,무스타파 사아둔 알 코르지,무스타파 사아둔
427257,P. Kloosterboer,페르 크루스테르부르,크루스테르부르
427260,A. Kayombo,악셀 카용보,카용보
427436,R. Ndjiki,로스타느드 느드주이키,느드주이키
427446,Z. Stoimenov,즐라토미르 아르센옵 스토이메노프,스토이메노프
427736,Gustavo Gomes,구스타보 누네스,누네스
427865,A. VoitinoviÄius,아르나스 보이티노비키우스,보이티노비키우스
428023,El Hadji Djibril Soumaré,엘 하지 지브릴 수마레,수마레
428076,M. AleksiÄ,밀란 알렉시치,알렉시치
428081,I. Maslarov,이리요아 마스라로브,마스라로브
428137,P. Obah,프로스페르 소포루치이 오바흐,오바흐
428192,T. Pfeiffer,팀 프라이퍼,프라이퍼
428279,Artúr Musák,아르투르 무사크,무사크
428304,Nikola Šarčević,니콜라 샤르체비치,샤르체비치
428369,Ahmed Yahia,아흐마드 야히아,야히아
428391,A. Ayias,아니스 포라트 아이이아스,아이이아스
428504,A. Camara,아마디 카마라,카마라
428599,Paris Lock,파리스 락,락
428606,C. Waller,찰리 월러,월러
428628,J. Thomas,조던 토마스,토마스
428629,W. Davies,윌 데이비스,데이비스
428799,A. Puric,아레크사 푸리츠,푸리츠
428981,T. Hukkanen,타투 흐우크카네느,흐우크카네느
429408,W. Mońka,보이체흐 몬카,몬카
429613,M. Baradji,무사 바라지,바라지
429927,S. Nioule,세베리느 니우레,니우레
430026,Joseph McGrath,지오세프 므크그라스,므크그라스
430030,R. Vītols,로드리고 비크토르스 비토르스,비토르스
430077,S. Campbell,샨드레 캠벨,캠벨
430078,S. Kabini,사무켈로 카비니,카비니
430234,Justin Patrick Nnamdi Obikwu,저스틴 패트릭 남디 오비쿠,오비쿠
430239,Josh Ayres,조쉬 에이어스,에이어스
430318,S. Rakić,스트라흐이니아 라키츠,라키츠
430352,D. Ogbonna,데이비드 옥본나,옥본나
430369,T. King,토므 키느그,키느그
430456,Matthew Corran,마트스에우 코르라느,코르라느
430459,Kai Payne,카이 파이네,파이네
430734,Y. Konak,유누스 엠레 코낙,코낙
430742,Lovre Kulušić,로브레 쿠루시츠,쿠루시츠
430816,N. Edjouma,노아 에쥬마,에쥬마
430827,Benjamin Arthur,벤자민 아서,아서
430829,Vimal Yoganathan,비말 요가나단,요가나단
430830,Jonathan Bland,조나단 블랜드,블랜드
430831,J. Richards,제이크 리처즈,리처즈
430835,Tyler Bindon,타일러 빈던,빈던
431118,M. Aubert,마르완 오베르,오베르
431119,L. Ayinde,레온 아인데,아인데
431121,Callum Perry,캘럼 페리,페리
431123,D. Matthews,다니엘 마트스에우스,마트스에우스
431149,Cyriaque Kalou Irié,시리아크 칼루 이리에,이리에
431387,J. Gracey,조쉬 그레이시,그레이시
431425,E. Kauppinen,에메리 카우프피네느,카우프피네느
431884,Kai Andrews,카이 앤드류스,앤드류스
431885,Rayan Jawad Kolli,라얀 자와드 콜리,자와드 콜리
431891,Abdulelah,압둘렐라 무함마드 사이드,압둘렐라
431921,Adam Aznou Ben Cheikh,아담 아즈누,아즈누
431984,N. Engwanda,누느즈이오 에느구아느다-오느게나,에느구아느다-오느게나
432033,Eid Al Muwallad,에이드 모함마드 사이드 알 무왈라드,알 무왈라드
432065,E. Otoo,에노크크 코피 오투,오투
432377,Jonas Wolf,요나스 볼프,볼프
432395,E. Osho,에므마누에르 오슈오,오슈오
432397,T. Sackey,티레르 사크케이,사크케이
432401,Pele Arganese-McDermott,페레 아르가네세-므크데르모트트,아르가네세-므크데르모트트
432404,J. Ajala,조슈아 아자라,아자라
432436,F. Anderson,프레드디 아느데르소느,아느데르소느
432451,A. Allen,아르레느,아르레느
432555,Efe Korkut Martin,에페 코르쿠트 마르틴,코르쿠트
432595,Jannis Bärtl,야니스 베르틀,베르틀
432835,P. Pantelidis,파브로스 파느테리디스,파느테리디스
432838,Sam Straughan Brown,사므 에르리스 스트라우가느-브로우느,스트라우가느-브로우느
432841,Ibrahim Sabra,이브라힘 모하마드 아브달라 사브라,사브라
433272,Findlay Curtis,핀들레이 커티스,커티스
433395,Álvaro Cortés Moyano,알바로 코르테스 모야노,모야노
433396,Marc Bernal,마르크 베르날,베르날
434004,D. Ellison,단 엘리슨,엘리슨
434012,Harley Mills,할리 밀스,밀스
434028,N. Verschuren,니크크 페르슈우레느,페르슈우레느
434046,B. Armah,보브 니이 아르마흐,아르마흐
434174,P. Duah,필립 두아,두아
434177,E. Mundle-Smith,에럴 문들-스미스,문들-스미스
434180,Aidan Borland,에이단 제랄드 보를랜드,보를랜드
434183,J. Evans,제이크 에반스,에반스
434409,P. Gadio,파파 아마디 가디오,가디오
434421,H. Fatawu,하미두 압둘 파타우,파타우
434428,R. Tochukwu,라이모느드 마이클 토치우쿠우,마이클
434623,J. van den Berg,조엘 반 덴 베르흐,반 덴 베르흐
434710,G. Snaer,가브리엘 스나에르,스나에르
434727,E. Fully,에므마누에르 파보르 푸르리,푸르리
434757,N. Swen,나투스 지아메르 수에느,수에느
435058,H. Hunt,흐아르레이 흐우느트,흐우느트
435061,Mikel Johan Gogorza Krüger-Johnsen,미켈 요한 고고르자 크리거-존센,고고르자
435089,Leon Klanac,레온 클라낙,클라낙
435390,Cheikh Mamadou Diabaté,슈아이흐 마마두 디아바테,디아바테
435482,R. Vaz,로비니오 바즈,바즈
435552,Pau Navarro,파우 나바로 바데네스,나바로
436179,M. Hekimoğlu,메흐메트 헤키모울루,헤키모울루
436238,M. Spinaccè,마트테오 스피나크체,스피나크체
436251,P. Comi,피트로 코미,코미
436443,J. Kusi-Asare,요나 쿠시-아사레,쿠시-아사레
436872,Calum Agius,칼럼 아지우스,아지우스
436877,J. Kruszynski,야쿱 알렉산더 크루신스키,크루신스키
436925,Javier Gil,하비에르 힐,힐
436967,Kristófer Máni Pálsson,크리스토페르 마니 파르스소느,마니
436968,J. Solvi Simonarson,이오느 소르비 시모나르소느,소르비
436976,Kai Jennings,카이 제닝스,제닝스
437099,Renato Bellucci,레나토 벨루치 마린,벨루치
437112,J. Lægreid,율리안 레그레이드,율리안 레그레이드
437334,C. Ndiaye,흐아이흐 느디아이에,느디아이에
437498,A. Doumbouya,아미두 두므부이아,두므부이아
437558,P. Chinedu,필립 치네두,치네두
437566,A. Ahmed,애쉬카르 아흐메드,아흐메드
437569,L. Page,루이 페이지,페이지
437637,Mikel Santos,미켈 산토스 리나레스,산토스
437678,M. Mosconi,마트티아 모스코니,모스코니
437692,L. Kiaba Mounganga,루카 브루그만스,브루그만스
437767,M. Costarelli,모르간 코스타렐리,코스타렐리
437776,A. Faye,압둘라이 파이,파이
437783,T. Bramel,톰 브라멜,브라멜
437930,M. Dia,마디오디오 디아,디아
438093,Cameron Gardner,캐머런 가드너,가드너
438097,Kwaku Poku Agyeman Donkor,콰쿠 포쿠 아게만 돈코르,돈코르
438099,Matthew Ireland,매튜 존 아일랜드,아일랜드
438525,Mustafa Eid,무스타파 에이드,에이드
438688,A. Bouaddi,아유브 부아디,부아디
438692,M. de Carvalho,마티스 드 카르발료 소아레스,소아레스
438694,Y. Konan,이반 비라마 코난,코난
438717,Alamara Djabi,알라마라 비리아토 자비,자비
439217,M. Dosso,미크카에르 세베디아느 도스소,도스소
439579,S. Gomez van Hoogen,사무엘 고메즈 반 후겐,고메즈
439829,Jordy Bawuah,주오르디 바우우아,바우우아
439942,Omari Mrisho,오마리 므리슈오,므리슈오
439986,Muhannad Al Saad,무한나드 야히야 사이드 알 사아드,무한나드 알 사아드
439994,Pablo Busto,파블로 부스토,부스토
440035,Kayden Hughes,케이덴 휴즈,휴즈
440043,C. McLean,크리스핀 맥린,맥린
440070,J. Stawiecki,줄 스타비에키,스타비에키
440159,G. Kukonki,갓윌 쿠콘키,쿠콘키
440229,Shola Jimoh,쇨라 지모,지모
440428,Ander Izagirre,안데르 이사기레 세스토나,이사기레
440696,Thamer Al Khaibri,타메르 파티 알 카이브리,타메르 알 카이브리
440955,Aref Al-Haj,아레프 하이탐 아레프 알 하지 모하마드,알 하지
440956,Reziq Bani Hani,레지크 바니 하니,바니 하니
440958,Yousef Abu Jalboush,요세프 아부 잘부쉬,아부 잘부쉬
441034,J. Mažionis,요쿠바스 마지오니스,마지오니스
441035,Finley Frank Barbrook,핀리 프랭크 바브룩,바브룩
441047,N. Verkooijen,니콜라스 베르코이엔,베르코이엔
441190,Liam Oakes,리암 앤드류 오크스,오크스
441199,J. Phillips,조슈아 필립스,필립스
441200,C. Chigozie,크리스찬 치고지,치고지
441221,J. Plug,얀 플러흐,플러흐
441229,L. Dalipi,루프티 다리피,다리피
441232,Guille Fernández,구이이에르모 페르나느데스 카시노,페르나느데스
441252,Oscar Gadeberg-Buur,오스카 가데베르그-부어,가데베르그-부어
441268,Rodrigo Miguel Ferreira Rêgo,로드리고 미겔 페레이라 레고,페레이라
441271,Jannik Schuster,얀닉 슈스터,슈스터
441274,I. Ka,이스마이르 카,카
441280,G. Spina,헤로니모 스피나,스피나
441284,Naoufel El Hannach,나우펠 엘 한나치,엘 한나치
441289,Vuk Draškić,부크 드라시키치,드라시키치
441295,R. Bahlai,바흘라이,바흘라이
441497,Daniel Yañez,다니엘 이아니에스 바르라,이아니에스
441512,Jonatás Noro,요나타스 자비에르 자미스 올리베이라 노로,노로
441522,Nuno Matos,누노 미게르 페레이라 마토스,누노
441958,Clement Bischoff,클레멘트 비쇼프,비쇼프
442041,I. Tyjon,이고르 타이존,타이존
442044,M. Dowman,맥스 다우먼,다우먼
442048,R. McAidoo,라이언 맥아이두,맥아이두
442322,Ayman Fallatah\t,아이만 유세프 팔라타,팔라타
442327,S. Saadia,샬레브 사아디아,사아디아
442334,Finn Flanagan,핀 프랭크 플래너건,플래너건
442335,N. Dobson,네오 이사이아흐 도브소느,도브소느
442343,Murad Al Hawsawi,무라드 빈 오스만 빈 하룬 알 하우사위,무라드 알 하우사위
442379,G. Otegbayo,가브리엘 오테바요,오테바요
442493,S. Inwood,새뮤얼 로렌스 인우드,인우드
442520,H. Hilvenius,흐아르리 지오아치이므 흐이르베니우스,흐이르베니우스
442537,D. Sarapata,도미닉 사라파타,사라파타
442540,O. Pietuszewski,오스카르 피투슈에프스키,피투슈에프스키
442557,J. Persson,요아킴 페르손,페르손
442866,E. Pereira,에버턴 페레이라 다 실바,페레이라
442926,Nathan Tinsdale,네이단 틴스데일,틴스데일
443163,Pablo García,파블로 가르시아 페르난데스,파블로
443188,W. Banasik,포이키치 바나시크,바나시크
443501,F. Cassa,페데리코 카사,카사
443595,Jesús Fortea,헤수스 포르테아,포르테아
443628,K. Nelson,키트트 에두아르드 네르소느,네르소느
443629,Jarell Njike Simo,자렐 니제크 시모,시모
443634,H. Gray,해리 그레이,그레이
443668,Rayane Belid,라얀 벨리드,벨리드
443670,S. McArdle,션 맥아들,맥아들
443672,K. Jakóbczyk,카미르 이아코브치이크,이아코브치이크
443673,S. Dudek,사므미 두데크,두데크
443712,D. Jovanović,두사느 이오바노비츠,이오바노비츠
443714,T. Bakoulas,테오파니스 바쿠라스,바쿠라스
443716,A. Liatsikouras,리아츠쿠라스,리아츠쿠라스
443719,S. Pnevmonidis,프네브모니디스,프네브모니디스
443734,E. Senaya,세나야,세나야
443748,Taufik Seidu,타우픽 세이두 잔지 아우두,세이두
443765,P. Petrou,페트로스 페트루,페트루
443779,N. Zätterström,닐스 에릭 울프 즈터스트롬,즈터스트롬
443780,W. Åkesson,우이르리아므 아케스소느,아케스소느
443781,G. Lajqi,게느티아느 라지키,라지키
443784,William Nieroth Lundgren,우이르리아므 니로트흐 루느드그레느,니로트흐
443802,V. Dragojević,바니아 드라고이에비츠,드라고이에비츠
443803,O. Ugresić,오그니에느 우그레시츠,우그레시츠
443810,A. Exarchos,엑사르코스,엑사르코스
443829,J. Mokio,주오르티 모키오,모키오
443986,Corey Evans,코리 엔리코 에반스,에반스
444077,F. Reale,피리프포 레아레,레아레
444288,Fletcher Hubbard,플레처 허버드,허버드
444291,Harry Gray,해리 그레이,그레이
444292,Harry Ashfield,해리 애쉬필드,애쉬필드
444295,Kyrell Malcolm,카이렐 리 엘리자 셰이 말컴,말컴
444296,Joe Hillary,조 힐러리,힐러리
444299,Alex Henderson,알렉스 헨더슨,헨더슨
444303,T. Dean,톰 딘,딘
444355,E. Turkki,에투 투르크키,투르크키
444382,C. Edwards,칼럼 스테베느 에두아르드스,에두아르드스
444418,Jonathan Moalem,조나단 모알렘,모알렘
444437,Valentin Zabransky,바레느티느 츠아브라느스키,츠아브라느스키
444438,M. Dalpiaz,마그누스 다르피아츠,다르피아츠
444468,E. Aguilar,엔리케 마를론 아귈라,아귈라
444481,G. Kavelashvili,기오르기 카베라시비리,카베라시비리
444501,James Roche,지아메스 로치에,로치에
444502,L. Cailloce,루카 카이르로케,카이르로케
444509,T. McCarthy,타이로르 므크카르스이,므크카르스이
444562,M. Youssouf,무슬림 유수프,유수프
444598,T. Adelusi,스에오도레 오라키타느 아데미데 아데루시,오라키타느
444856,C. Edwards,코레이 프라느키스 에두아르드스,에두아르드스
444891,Marcus Wyllie,마커스 윌리,윌리
444921,Kiki Oshilaja,키키 오실라자,오실라자
444961,M. Culbreath,몬트렐 아마레 쿨브리스,쿨브리스
444973,O. Multala,오스카리 무르타라,무르타라
445033,K. Drummond,케인 드럼몬드,드럼몬드
445431,H. Cəbrayılzadə,히크메트 제브라일자데,제브라일자데
445439,B. Kostić,보그다느 코스티츠,코스티츠
445472,D. Satpaev,다스탄 삿파에프,삿파에프
445473,D. Tashpulatov,다니이아르 타시푸라토브,타시푸라토브
445489,A. Bačanin,안드레 바차닌,바차닌
445524,S. Kalmurza,셰르칸 칼무르자,칼무르자
445536,S. Kusayynov,사이아트흐아느 쿠사이이노브,쿠사이이노브
445566,Christian Zawieschitzky,크리스티안 자비에시츠키,자비에시츠키
445633,G. Herrera,구스타보 엘로이 에레라 프레스코트,에레라
445659,C. Cummins,찰리 제임스 커민스,커민스
445675,Naba Mensah,나바 멘사,멘사
445918,D. Sasnauskas,도비다스 사스나우스카스,사스나우스카스
445919,Kai Enslin,카이 엔슬린,엔슬린
445920,I. Fullah,이브라힘 풀라,풀라
445921,Micah Mbick,마이카 엠빅,엠빅
445922,A. Mwamba,앨런 이삭 뭄바,뭄바
445923,P. Aderoju,오루우아로페미우아 아데두느모라 아데로지우,아데로지우
445925,Luke Faxon,루크 팩슨,팩슨
445943,P. Croker,필 크로커,크로커
445973,Toni Fernández,안토니오 페르난데스 카시노,카시노
445994,D. Bukovský,다비드 부코브스키,부코브스키
446029,A. Mythou,아네스티스 뮈투,뮈투
446067,Buba Sangaré,아부바카르 사느가레 트라오레,사느가레
446070,M. Camilleri,카밀레리,카밀레리
446073,G. Ristovski,고라즈드 리스토브스키,리스토브스키
446080,F. Trello,피리프 트레르로,트레르로
446087,J. Pira,이아쿠브 피라,피라
446089,M. Pessina,마시모 페시나,페시나
446107,D. Bataoulas,디미트리스 바타우라스,바타우라스
446117,Á. Madarász,아담 마다라쉬,마다라쉬
446249,I. Mbaye,이브라힘 음바예,음바예
446871,Tyrique Mercera,티리크 크리스토퍼 메르세라,메르세라
446948,B. Pouri-Siewe,브랜든 포우리-시웨,포우리-시웨
446958,K. Loukou,코나느 주오레스-우르리슈 루쿠,루쿠
447324,Jacob Lara,제이콥 라라,라라
447405,W. Urbański,포이키치 우르바스키,우르바스키
448452,J. Ólavsson,이오세프 오라브스소느 그레이슈에이그그,오라브스소느
448475,A. Brandsson,아르노르 브라느드스소느,브라느드스소느
448490,L. Kitin,로브로 키티느,키티느
448498,O. Dewsbury,올리 디즈베리,디즈베리
448500,J. Sheik,재스퍼 쉬크,쉬크
448964,Gbolahan Okewoye,그볼라한 오케워예,오케워예
448969,Reigan Heskey,레이건 헤스키,헤스키
449043,R. Nkeng,로버트 주니어 응켕,응켕
449046,L. Snowden,레오 스노든,스노든
449047,S. Obieri,소푸루추쿠 오비에리,오비에리
449050,O. Taylor,오리베르 로베르트 타이로르,타이로르
449051,J.J. Briggs,지지 브리그그스,브리그그스
449052,Ty Ewens-Findlay,타이 유언스-핀들레이,유언스-핀들레이
449054,Makai Welch,마카이 우에르치,우에르치
449056,Ben Lomax,벤 로맥스,로맥스
449057,J. Gentles,조슈아 젠틀스,젠틀스
449076,Nils Ramming,닐스 람밍,람밍
449102,Afonso Patrão,아포느소 크루즈 파트르앙,크루즈
449158,K. Abdallah,칼리드 압달라,압달라
449187,Nelson Sanca,넬슨 산카,산카
449224,Archie Harris,아치 해리스,해리스
449226,Liam Roberts,리암 로버츠,로버츠
449227,R. Cirino,라파엘 치리노,치리노
449232,Daniel Vost,다니엘 보스트,보스트
449243,William,윌리암 고메스 카르발류 산토스,윌리암
449245,Pedro Lima,페드로 리마,리마
449247,M. Carrizo,마흐에르 마우리키오 카르리소,카르리소
449249,Franco Mastantuono,프랑코 마스탄투오노,마스탄투오노
449466,Owen Devonport,오웬 데본포트,데본포트
449509,Abdulay Bah,아브둘라이 주마 바,바
449526,M. Woodford,마크스 우우드포르드,우우드포르드
449527,S. Sharples,소느니 슈아르프레스-아흐메드,슈아르프레스-아흐메드
449535,C. Wragg,치아르레스 지오시아흐 우라그그,우라그그
449540,Noah Wadsworth,노아 왓츠워스,왓츠워스
449592,V. Nielsen,빌라즈 슈미트 니엘슨,니엘슨
449603,S. Kontouris,소티리스 코느투리스,코느투리스
449626,Eduardo Felicíssimo,에두아르도 펠리시시모,펠리시시모
449628,Cardoso Varela,카르도소 바렐라 바렐라,바렐라
449642,A. Kostić,아느드레이 코스티츠,코스티츠
449656,Jiří Maxim Panoš,지리 마심 파노쉬,파노쉬
449669,E. Doucouré,에밀 두쿠레,두쿠레
449676,S. Nibombé,사무엘 콘디 니봄베,니봄베
449683,A. Taho,알랭 타호,타호
449689,David Daiber,다비드 다이버,다이버
449706,Š. Slončík,시몬 슬론치크,슬론치크
449712,J. Míček,이이리 미츠에크,미츠에크
449713,M. Šilhavý,마티아시 스일하비,스일하비
449714,M. Angely,마티스 아느게리,아느게리
449783,P. Siegl,파트리크 시그르,시그르
449963,B. Krubally,버바 크루발리,크루발리
450674,Hamed Abdullah Yousef,하메드 압둘라 모함마드 유세프,유세프
450679,Keon Lewis-Burgess,케오느 니코 레우이스-부르게스스,레우이스-부르게스스
450683,Rian Silver,리아느 시르베르,시르베르
450686,Chase Medwynter,치아세 카라리스 메두이느테르,메두이느테르
450687,Joel McGregor,조엘 데이비드 맥그리거,맥그리거
450694,Charlie Parks,치아르리 파르크스,파르크스
450697,Stan Dancey,스탠 댄시,댄시
450714,Ivan Corralejo,이반 코랄레호 마냐테로,이반 코랄레호
451051,E. Boateng,에리크 다느소 보아테느그,보아테느그
451314,Colby Donovan,콜비 도노반,도노반
451355,Diego Aguado,디에고 아과도,아과도
451359,A. Zhechko,아레크세이 즈흐에치코,즈흐에치코
451425,Jacob Peter Hödl,야콥 피터 허들,허들
451437,A. Doubal,아니스 두발,두발
451498,Jack Blower,지아크크 브로우에르,브로우에르
451564,Jed Meerholz,지에드 메에르흐오르즈,메에르흐오르즈
451570,Derrick Agyei,데르리크크 아트타 아기아이,아기아이
451583,K. Braithwaite,케이든 브레이스웨이트,브레이스웨이트
451587,A. Golambeckis,아이리다스 고라므베크키스,고라므베크키스
451594,Alejandro Monserrate,아레ㅎ아느드로 모느세르라테 푸에이오,모느세르라테
451828,H. Tan,할룩 무스타파 탄,탄
451997,G. Kouraklis,요르기아스 코우라클리스,코우라클리스
452033,L. Venturino,로레느즈오 베느투리노,베느투리노
452381,Thomas Hatton,토마스 해튼,해튼
452423,R. Żelezny,라도수아프 도미니크 에레즈니,에레즈니
452427,R. Oakley,러스 오클리,오클리
452659,Yousef Marel,요세프 마렐,마렐
452685,R. Ngumoha,리오 은구모하,은구모하
452815,Guilherme Leal Siqueira,길례르미 시케이라,시케이라
453043,R. Kone,리차드 코네,코네
453071,Ahmed Al-Hajjaj,아흐마드 알-하짜지,알-하짜지
453073,Akam Rahman,아캄 라흐만,라흐만
453101,B. Burrows,브래들리-폴 버로우스,버로우스
453425,Waseem Al Riyalat,와심 알 리얄라트,알 리얄라트
453431,Kamil Saad,쿠멜 사아디 라티프 알 레카베,쿠멜 사아디
453651,Z. Žužek,즈아느 루카 즈우즈에크,즈우즈에크
453664,D. Reymov,디아스 레이모프,레이모프
453670,I. Bekbolat,이스마일 벡볼라트,벡볼라트
453684,R. Magor,로에 마고르,마고르
453702,A. Hani,아이메아느 흐아니,흐아니
453706,A. Bouwman,아론 바우만,바우만
453708,L. Jetten,루카스 이에트테느,이에트테느
453711,M. van der Lans,마일로 반 데르 란스,반 데르 란스
453712,J. Koller,이이므 코르레르,코르레르
453725,R. Bagdat,라마잔 바그닛,바그닛
453792,A. Bamba,알라지 바바,바바
453903,Nathan De Cat,나단 데 카트,데 카트
453906,H. Ahanor,호네스트 아하노르,아하노르
453964,Guido Della Rovere,구이도 로베레,로베레
454013,H. Evers,해리 에버스,에버스
454017,A. Garcia,앤드레 가르시아,가르시아
454142,KauÃ£,카우아 다비 페르나느데스 브라가,페르나느데스
454294,L. Jakirović,레온 자키로비치,자키로비치
454439,J. Smith-Sway,지아이 스미스-수아이,스미스-수아이
454456,João Victor Schlickmann Carbone,주오앙 빅토르 슈리크크마느느 카르보네,슈리크크마느느
454698,E. Ukaki,에히제 석세스 우카키,우카키
454935,L. Emenalo,랜던 에메나로,에메나로
454968,C. Durán,카밀로 두란,두란
455009,Tom Taylor,톰 테일러,테일러
455193,H. Mochizuki,모치즈키 헨리 히로키,히로키
455195,K. Kumasaka,구마사카 고키,고키
455245,D. Bakola,다릴 바콜라,바콜라
455356,Daniel Budesca,다니엘 부데스카 로페스,부데스카
455438,M. Giger,마이클 기거,기거
455756,Zachariah Hadi,자카리아 하디,하디
456025,Adama Sidibeh,아다마 시디베흐,시디베흐
456206,M. Mane,마테우스 마네,마네
456518,A. Ploshchadny,알렉세이 플로슈차드니,플로슈차드니
456584,Mackenzie Maltby,마크케느즈이 마르트비,마르트비
456585,Amin Nabizada,아미느 나비즈아다,나비즈아다
456619,Manu González,마누 곤살레스,곤살레스
456637,O. Pimlott,올리버 핌롯,핌롯
456652,J. Żewłakow,이아쿠브 에푸아코프,에푸아코프
456688,L. Sanabria,루카스 아구스틴 사나브리아,사나브리아
456777,A. Drame,아다마 드라메,드라메
457023,G. Diakité,가우스수 디아키테,디아키테
457033,P. Matejko,파트리크크 마테지코,마테지코
457039,Kacper Pasiek,카크페르 파시크,파시크
457101,M. Zabiri,모하메드 야시르 자비리,자비리
457116,Vakaris Berenta,바카리스 베레느타,베레느타
457339,A. Yirajang,알라사나 이라장,이라장
457731,A. Annous,안드레 아누스,아누스
457754,S. Merheg,삼이 주니어 메르헤그 엔시소,메르헤그
457771,Kaio Eduardo,카이오 에드와르도 나시멘토 페레이라 도스 산토스,나시멘토
458180,E. Pihlström,에리크 에리아스 피흐르스트로므,피흐르스트로므
458409,H. Camara,헨리 나비 주니어 카마라,카마라
458411,Jacopo Mirra,이아코포 미르라,미르라
458540,G. Diarra,가우수 디아라,디아라
458555,O. Bellizia,오리베르 베르리즈이아,베르리즈이아
458701,L. Beqiri,리오느 베키리,베키리
458846,JD Gunn,존 데이비드 건 컬린,건
459167,S. Kendall,셸든 켄달,켄달
459170,Jack Howland,잭 하울랜드,하울랜드
459174,B. Ameen,보타느 아메에느,아메에느
459175,D. Gonzalez-Birchall,다니 곤잘레스-버첼,버첼
459191,H. Hedges,흐아르리 흐에드게스,흐에드게스
459202,J. Newall,잭 뉴얼,뉴얼
459203,M. Hardy,말라카이 하디,하디
459210,R. Woodcock,롭슨 우드콕,우드콕
459211,K. Graham,키런 그레이엄,그레이엄
459213,L. Alker,알커,알커
459219,J. Putman,제이든 푸트먼,푸트먼
459228,C. Beszant,베즌트,베즌트
459240,H. Brown,헨리 브라운,브라운
459251,M. Etherington,마르쿠스 에스에리느그토느,에스에리느그토느
459258,C. Carlisle,치아르리 카르리스레,카르리스레
459261,D. Vanderpuye,다니얼 반더푸예,반더푸예
459262,F. Onoh,포츈 오노,오노
459266,F. Taylor,프레디 테일러,테일러
459282,K. Connelly,키느 코느네르리,코느네르리
459283,M. Wilson,마크스 우이르소느,우이르소느
459284,Theo Carroll,테오 캐롤,캐롤
459303,C. Gardner,체-다니엘 리카르도 가드너,가드너
459316,J. Clarke,제임스 클락,클락
459317,Ben Hatton,베느 흐아트토느,흐아트토느
459319,R. Wilson,레에케 우이르소느,우이르소느
459331,J. Emery,조 이머리,이머리
459341,Z. Betteka,자이드 베테카,베테카
459354,D. Carter,다니얼 에드워드 카터,카터
459363,H. Waldock,흐아르리 우아르도크크,우아르도크크
459401,Jack Phillips,지아크크 피르리프스,피르리프스
459403,Reece Johnson,리스 존슨,존슨
459406,Jarvis Thornton,자비스 손튼,손튼
459407,Bruno Fernandes,브루누 페르난드스,페르난드스
459410,Logan Stretch,로건 스트레치,스트레치
459414,Leo Young,레오 이우느그,이우느그
459416,Harry Sidwell,해리 시드웰,시드웰
459427,K. Dudek,카밀 두데크,두데크
459430,J. Taroni,조쉬 타로니,타로니
459436,Rogan Ravenhill,로가느 라베느흐이르르,라베느흐이르르
459445,Jake Leahy,제이크 리이,리이
459447,E. Sutton,엠머슨 서튼,서튼
459460,R. Reid,루벤 리드,리드
459465,S. Auton,세바스찬 아톤,아톤
459483,L. Barnes,루카스 바르네스,바르네스
459485,Michael-John Kamson-Kamara,마이클-지오흐느 카므소느-카마라,카므소느-카마라
459486,N. Simmons,노아 시몬스,시몬스
459488,Z. Okoro,제인 오코로,오코로
459518,Cole McGhee,콜 맥기,맥기
459530,T. Finn,테간 핀,핀
459532,J. FLower,잭 플라워,플라워
459536,L. Moore,루카 잭 무어,무어
459537,O. Armstrong,올리버 암스트롱,암스트롱
459548,R. Watson,르흐이스 데아느 우아트소느,우아트소느
459561,B. Thistleton,보디 티슬튼,티슬튼
459583,D. Higgs,다니엘 힉스,힉스
459607,M. Barber,마크 바버,바버
459623,Z. Hambury,작 해머리,해머리
459634,A. Sanghrajka,아마르 사느그라지카,사느그라지카
459641,Tobias Brenan,토비아스 브레난,브레난
459715,Samuel Isiguzo,사무엘 이시구조,이시구조
459760,M. Umaniyazov,미라스 우마니이아즈오브,우마니이아즈오브
459761,A. Kenzhegulov,아리시에르 케느지에구로브,케느지에구로브
460141,E. Agyemang,에므마누에르 오포리 아기에마느그,아기에마느그
460290,C. Costello,카루므 코스테르로,코스테르로
460435,S. Ogundana,에리지아흐 오루우아슈오라 오구느다나,오구느다나
460580,D. Berdos,베르도스,베르도스
460767,E. Solberg,에리아스 지오흐느스소느 소르베르그,소르베르그
460768,J. Solberg,지에스페르 지오흐느스소느 소르베르그,소르베르그
460853,J. Monga,제레미 몽가,몽가
460966,B. Enoru,벡-레이 베송밥 에노루,에노루
460979,J. Lervig,이오나타느 레르비그,레르비그
461130,C. Nwachukwu,크리스천 누아치우쿠우,누아치우쿠우
461304,Daniel Tshilanda,다니엘 므포이이 트슈이라느다 카보느고,트슈이라느다
461412,T. Smith,타일론 스미스,스미스
461487,T. Viera,토마스 에세키엘 비에라 알레그레,비에라
461489,F. Bonilla,보니야,보니야
461830,M. Lavelli,마테오 라벨리,라벨리
461977,Luca Weinhandl,루카 바인필,바인필
462186,E. Ünüvar,에므레 우누파르,우누파르
462207,Uros Djordjević II,우로스 지오르지에비츠,지오르지에비츠
462208,V. Kostov,바실리예 코스토프,코스토프
462209,A. Damjanović,알렉사 담야노비치,담야노비치
462213,J. Kolísek,야쿱 콜리셀,콜리셀
462217,J. Leszczyński,이아느 레슈치이스키,레슈치이스키
462228,A. Natali,안드레아 나타리,나타리
462244,F. Jevšenak,프로리아느 이에브세나크,이에브세나크
462280,Y. Sellami,요하네스 셀라미,셀라미
463003,Mohammed Salih,모하메드 살리 메젤,모하메드 살리
463100,S. StojkoviÄ,스트라흐이니아 스토이코비츠,스토이코비츠
463280,A. Diatta,알라산 디아타,디아타
463529,Alexandru Radu,알렉산드루 라두,라두
463614,Š. Butić,시무느 부티츠,부티츠
463744,T. Sovelius,토마스 소베리우스,소베리우스
463864,Hammam Al-Hammami,하맘 알 하마미,알 하마미
463908,B. Bailey-Joseph,브라느도 니레 바이레이-지오세프,바이레이-지오세프
463988,Isaque,이사쿠에 세베리노 시르바,세베리노
464004,Alysson Edward,알리송,알리송
464055,E. Baidoo,에드문드 바이두,바이두
465199,Lucas Ferreira,루카스 사느토스 페르라이라,사느토스
465310,L. Williams-Barnett,루카 제이미 윌리엄스-바넷트,바넷트
465786,M. Barry,마마두 바리,바리
465787,M. Antonsen,마그누스 아느토느세느,아느토느세느
465847,O. Tiitinen,오트토 티이티네느,티이티네느
465942,T. Thompson,티나느 스오므프소느,스오므프소느
466305,P. Suárez,파블로 마르셀로 수아레스,수아레스
466309,G. Barbas,바르바스,바르바스
466715,Piu Piu,다비드 실바,실바
466871,M. Sylla,마스시레 시르라,시르라
466913,Cian Doyle,키아느 도이레,도이레
466914,Daniel Ring,다니엘 리느그,리느그
467176,C. McCarthy,카탈 맥카시,맥카시
467456,G. Goodman,게오르게 구드마느,구드마느
467718,Konstantinos Angelakis,코느스타느티노스 아느예라키스,아느예라키스
467839,J. Byfield,준아이 바이필드,바이필드
467927,A. Siljevic,아미르 시르요에비크,시르요에비크
467928,N. Muravljov,니키타 무라브리오브,무라브리오브
468240,R. Tikkanen,라스무스 티크카네느,티크카네느
468572,Tom Finch,토므 피느치,피느치
469321,Sean Steur,션 스토어,스토어
469332,Š. Jalovičor,시모느 이아로비츠오르,이아로비츠오르
469479,Fletcher Boyd,프레트치에르 보이드,보이드
469773,T. Gmur,티모테우슈 그무르,그무르
470046,Isaac Moore,아이작 무어,무어
470048,Ernie Weaver,어니 위버,위버
470059,Noah McCann,노아 맥캔,맥캔
470082,Leo Farrell,레오 패럴,패럴
470115,J. Hodkin,조던 호드킨,호드킨
470393,Maxim Mateas,마크시므 마테아스,마테아스
470622,R. Gligor,라즈바느 미흐아이 아우레르 그리고르,그리고르
471106,E. Molébé,앙토니 오노레 몰레베,몰레베
471107,Quentin Ndjantou Mbitcha,엔잔투,엔잔투
471422,M. Jovanović,마티이아 이오바노비츠,이오바노비츠
471432,E. Dao,에리에스스 다오,다오
471796,D. Chatsidis,디미트리오스 차치디스,차치디스
471873,D. Karačić,다비드 카라츠이츠,카라츠이츠
472080,Mattia Della Rocca,마티아 델라 로카,로카
472249,C. Wawa,슈리스트 이바느 알렉스 우아우아,우아우아
472252,M. Koné,모하메드 아브둘 카데르 코네,코네
472362,Belmar Joseph,벨마르 조셉,조셉
474121,R. Swann,레우베느 수아느느,수아느느
474378,Don-Angelo Christoffel Annum-Assamoah Konadu,돈-안젤로 크리스토펠 안눔-아사모아 코나두,코나두
474550,N. Fernandez,노아 페르난데스,페르난데스
474551,F. Merién,파비아느 메리느,메리느
474591,C. Inao OulaÃ¯,크리스트 라비넬 이나오 울라이,울라이
474592,M. Soumahoro,마마두 수마오로,수마오로
474611,M. Asaidi,모하메드 아세디,아세디
474618,Arda Berk Özüarap,아르다 베르크 외즈위아라프,외즈위아라프
474630,K. Ndamase,쿨라마니 남다만,남다만
474741,V. Osuji,빈스 치조케 오수지,오수지
474782,J. Bello,제임스 벨로,제임스 벨로
474791,Ali Topcu,아리 토프쿠,토프쿠
474826,N. Boakye,나나 콰메 보아케,보아케
474842,Leandro Henrique Sousa Santos,레안드로 엔리크 소우자 산토스,산토스
475092,P. Weber,파트리크크 루드비그 베베르 타바이라,베베르
475575,Caleb Marfo Yirenkyi,칼렙 마르포 이렌키,이렌키
475598,D. León,디에고 바실리오 레온 블랑코,레온
475767,Z. Zahradníček,바츠라브 즈아흐라드니츠에크,즈아흐라드니츠에크
476121,D. Guagua,다르윈 요한 과과 실바,과과
476231,S. Mangiapoco,스테파노 마느기아포코,마느기아포코
476806,D. Abramenko,다니이르 아브라메느코,아브라메느코
476841,Raymond Offor,라이모느드 오프포르,오프포르
477038,O. Vladimirov,오그니아느 디리아노브 브라디미로브,디리아노브
477120,M. Samake,무스사 티피느그 사마케,티피느그
477134,M. Cooper,무르피 지오세프 쿠페르,쿠페르
477142,P. Gelen,포이라즈 게레느,게레느
477231,E. Mensah,에두아르도 멘사,멘사
477992,T. Akindileni,티모시 아킨딜레니,아킨딜레니
478027,L. Gillie,레우이스 기르리,기르리
478483,C. Lakatos,총고르 라카토시,라카토시
478524,V. Burtnyk,바시르 부르트니크,부르트니크
478610,M. Catovic,미르자 차토비치,차토비치
478662,M. Dills,마빈 딜스,딜스
478991,S. Inacio,사무엘 이나시오 피아,이나시오
479116,M. Kaba,무스사 카바,카바
480108,B. Asare,벤자민 아사레,아사레
480388,Leo Pecover,레오 페코베르,페코베르
480391,Ryley Reynolds,리레이 지오흐느 스테페느 레이노르드스,레이노르드스
480897,E. Ogbu,에므마누에르 치이두베므 오그부,오그부
481020,C. Stewart,캘럼 스튜어트,스튜어트
481043,Favour Okeke,페이버 오케케,오케케
481174,Z. Khudaverdyan,자벤 쿠다베르디안,쿠다베르디안
481259,J. Smith,지오슈우아 지아크크 스미스,스미스
481260,C. Hall,치아르리 다비드 흐아르르,흐아르르
481515,B. Vroninks,바시레 브로니느크스,브로니느크스
481678,Andrés Antañón,안드레스 안타뇬,안타뇬
481901,J. Galambos,지아노스 가라므보스,가라므보스
482021,Favour Onukwuli,페이버 오누쿨리,오누쿨리
482048,D. Singh-Hurditt,다메라이 싱 허디트,허디트
482049,B. Cina,브루누 키나,키나
482050,Nathaniel Mapengu,나스아니르 마페느구,마페느구
482051,J. Lawless-Williams,지오흐느 라우레스스-우이르리아므스,라우레스스-우이르리아므스
482052,J. Lewis,지아케 레우이스,레우이스
482055,G. Penn,게오르게 페테르 페느느,페느느
482059,S. Gardner,사우르 가르드네르,가르드네르
482075,G. Sunday,기프트 오카리그베디 수느다이,수느다이
482605,G. Mora,힐베르토 라파엘 모라 잠브라노,모라
482881,D. Velička,다니리우스 베리크카,베리크카
482888,R. Walsh,레지 왈쉬,왈쉬
482903,M. Salmon,마티아 살몬,살몬
482915,L. Routh,레온 라우스,라우스
483118,G. Bernardeau,가뱅 베르나르도,베르나르도
483126,M. Oyatambwe,마트티아스 우아무 오이아타므부에,우아무
483308,P. Mozie,파스카르 모즈이,모즈이
483625,R. England,리레이 에느그라느드,에느그라느드
483626,A. Thornett,아르피 스오르네트트,스오르네트트
483656,Abdulaziz Al Othman,압둘라지즈 자말 무함마드 알 오스만,알 오스만
483676,G. De Marzi,조르지오 데 마르지,데 마르지
483895,M. Zare,모하마드메디 자레 모하자비에,자레
483944,A. Davies,아르로느 다비스,다비스
483950,A. Núñez,아느트흐오니 누니에스,누니에스
483956,James Rogerson,제임스 고든 로저슨,로저슨
483958,Jinairo Johnson,이이나이로 이오흐느소느,이오흐느소느
484027,A. Arena,안토니오 아레나,아레나
484034,D. Gashi,디오느 가슈이,가슈이
484443,K. LukaševiÄ,케빈 루카세비아,루카세비아
484474,J. Valou,주에아느 이베스 바루,바루
485637,D. Owusu,더글라스 오우수,오우수
485659,Frankie Phillips,프라느키 피르리프스,피르리프스
485829,V. Kumpu,비르레 쿠므푸,쿠므푸
486052,M. Muzungu,마르비느 무즈우느구,무즈우느구
486136,I. Cossier,이사아크 코스시르,코스시르
486405,Theo Upton,테오 업턴,업턴
486406,Spencer Knight,스펜서 나이트,나이트
486409,Kasper Williams,카스페르 우이르리아므스,우이르리아므스
486410,Jenson Kirloy,지에느소느 마이클 키르로이,키르로이
486411,George Munday,게오르게 무느다이,무느다이
486522,M. Albert,마스이스 아르베르트,아르베르트
486523,B. Hawighorst,베느 흐아비고르스트,흐아비고르스트
486578,R. Harvey,로니 하비,하비
487345,G. Evans,게오르게 에바느스,에바느스
487381,S. Diaoune,소리바 디아운,디아운
487801,Milai Perott,미라이 페로트트,페로트트
488254,Yanis Benchaouch Marty,야니스 벤샤우치 마르티,마르티
489058,E. Sylejmani,실레이마니,실레이마니
489935,M. Toure,모하메드 투레,투레
490111,T. Tarbotton,테디 타보튼,타보튼
490156,Santino Andino,산티노 안디노 발렌시아,안디노
490292,Sajjad Jasim,사자드 자심 무사 알 미샤라파위,사자드 자심
490654,Lennox Emery,레녹스 에머리,에머리
490686,T. Ibrahimi,타데 이브라흐이미,이브라흐이미
490734,F. Tsimba,펠릭스 에마뉼 팀바,팀바
490740,Salvador Blopa,살바도르 블로파,블로파
490745,M. Goffi,막시마 아데아간 고피,고피
490759,Flávio Gonçalves,플라비오 페레이라 곤살베스,곤살베스
490779,Valde,빅토르 발데페나스 탈라베라,탈라베라
490783,A. Abdrakhmanov,아부르흐아이이르 아브드라흐마노브,아브드라흐마노브
490788,A. Tuyakbayev,아자마트 투야크바예프,투야크바예프
491026,T. Koren,코렌,코렌
491074,M. Gashtarov,마테지 가시타로브,가시타로브
491086,Tomás Marqués,토마스 노엘 마르케스 모레라,마르케스
491087,Pedro Fernández,페드로 페르난데스 살미엔토,페르난데스
491091,Sergio Esteban,세르히오 에스테반,에스테반
491103,A. Tape,아젤 타페-코브리사,타페
491167,V. Pavilonis,비티스 파비로니스,파비로니스
491239,T. van den Elshout,토비아스 반 덴 엘샤우트,반 덴 엘샤우트
491250,Jofre Torrents,호프레 토렌츠,토렌츠
491621,J. Eccleston,주니어 에클스턴,에클스턴
491797,Youssoupha Sanyang,유수파 산양,산양
491871,S. Magassouba,수메라 마가스수바,마가스수바
492117,D. Isichei,다니엘 이시체이,이시체이
492118,B. Wodskou,벤 워드스쿠,워드스쿠
492146,Daniel Adiefeh,코라느테느그 다니엘 아디페흐,아디페흐
492147,Kameron Muir,카메로느 무이르,무이르
492149,K. Wilson,키런 윌슨,윌슨
492153,M. Sylla,마마두 시르라,시르라
492300,R. van de Pavert,리아느 파페르트,파페르트
492375,George Birch,조지 에드워드 버치,버치
492591,W. Szymczak,포이키치 슈이므치아크,슈이므치아크
493026,N. Kamara,노아므 카마라,카마라
493032,W. Slama,우아스시므 스라마,스라마
493262,David Kamara,다비드 카마라,카마라
493409,J. Mensah,제레마이아 덴닛 멘사,멘사
493599,N. Ek,노아흐 아우구스트 에크,에크
493648,Aaron Maloney,애런 마로네이,마로네이
493649,Tyreik Sammy,티라이크 사므미,사므미
493653,Idan Weinberg,이단 와인베르그,이단 와인베르그
494011,Finlay Tunstall,핀레이 제임스 턴스톨,턴스톨
494012,Hayden Atkinson,헤이든 애킨슨,애킨슨
494015,K'Marni Miller,크마르니 미르레르,미르레르
494016,Lenny Brown,레느니 브로우느,브로우느
494018,Kian Hill,키아느 흐이르르,흐이르르
494022,David Ogundele Abimbola,다비드 오페오루우아 아비므보라,아비므보라
494023,Harrison Duncan,흐아르리소느 두느카느,두느카느
494024,Kane Richardson,케인 리처드슨,리처드슨
494025,Riley Moran,라일리 모란,모란
494027,Ryan Doherty,라이언 도허티,도허티
494131,L. Karl,레나르트 카를,카를
494134,J. van Ommeren,제이고 반 오머렌,오머렌
494234,J. Clarke,자벨 클라크,클라크
494235,S. Tuntulwana,시사 툰툴와나,툰툴와나
494237,O. Sykes,올리 시크스,시크스
494248,D. Jones,디라느 지오네스,지오네스
494260,Ollie Evans,올리버 에반스,에반스
494276,Hussein Al Khafaji,훈세인 알 카파지,훈세인 알 카파지
494715,A. De Wannemacker,아우구스트 데 와네마커,와네마커
494741,B. Aldashev,아르다시에브,아르다시에브
494753,V. Cozma,베아체스라브 코즈마,코즈마
495105,M. Oroná,마르코 안드레스 오로나,오로나
495153,F. Camara,프랑수아 카마라,카마라
495478,A. Marcaccini,알레시오 마르카치니,마르카치니
495835,Gylfi Berg SnÃ¦hólm,기르피 베르그 스나흐오르므,스나흐오르므
495840,G. Gunnleifsson,구느느라이푸르 오르리 구느느라이프스소느,구느느라이프스소느
495936,S. Gudelj,스테판 구델,구델
496418,Filip Ohman,피리프 오로브 오흐마느,오흐마느
496423,Mamadou Diallo,마마두 잘로,잘로
496429,Keyan Varela,케얀 바렐라,바렐라
496626,M. Kouam,마르쿠스 쿠아므,쿠아므
496683,R. McGuire,리드느느 므크구이레,므크구이레
496698,L. Zarić,루카 자리치,자리치
496703,Sandro Vidigal,산드로 미겔 로드리게스 비디갈,비디갈
496738,W. Mike,윌리엄 마이크,마이크
496769,A. Rexhaj,레자이,레자이
496789,S. Radanović,사보 라다노비츠,라다노비츠
496951,M. Corotcov,미흐아이르 코로트코브,코로트코브
496955,G. Elliott,구느네르 에르리오트트,에르리오트트
496956,S. Camilleri,스코트트 카미르레리,카미르레리
496976,L. Arrhov,파우르 로베 아르르흐오브,아르르흐오브
496993,O. Mambwa,마므브바,마므브바
497029,K. Marinkovic,크리스타느 드라구티느 마리느코비크,마리느코비크
497080,M. Da Silva,마트티아스 시르바,시르바
497451,Ronnie Kokkinos,로느니 레우이스 코크키노스,코크키노스
497452,Jayden Chambers,지아이데느 치아므베르스,치아므베르스
497519,Killian Barrett,키르리아느 바르레트트,바르레트트
497617,R. Himbert,레미 스테판 힘베르,힘베르
497638,C. Thomas,토마스,토마스
497658,A. McCallion,에이든 맥캘리언,맥캘리언
497779,Harry Tustin,해리 터스틴,터스틴
497873,A. Bewene,아브두르라흐이 이브라흐이므 베우에네,베우에네
498016,M. Havran,마레크 흐아브라느,흐아브라느
498250,Mohamed Alaa,모하메드 알라,알라
498288,S. Petrović,스테파느 페트로비츠,페트로비츠
498374,M. Heys,마셜 헤이스,헤이스
498375,A. Gregory,아서 그레고리,그레고리
498376,B. Padovani,브루누 파도바니,파도바니
498377,W. Wright,윌 라이트,라이트
498379,Lucca Mendonça,루카 멘돈사,멘돈사
498673,F. Koçak,푸르칸 코차크,코차크
498726,Terry Bondo,테리 본도,본도
498727,Jack Richardson,지아크크 리치아르드소느,리치아르드소느
498728,Oluchukwu Nwankwo,올루추쿠 뉴앙크우,뉴앙크우
498730,Ky-Mani Leliendal,키-마니 레리느다르,레리느다르
498762,W. Grainger,윌리엄 그레인저,그레인저
499014,G. Evans,게오르게 에바느스,에바느스
499632,Stan Sargent,스탠 사젠트,사젠트
499635,Simone Troso,시모네 트로소,트로소
499636,Ruben Butt,루벤 버트,버트
499637,Alfie Bairstow,아르피 바이르스토우,바이르스토우
499638,Daniel Emmanuel,다니엘 에므마누에르,에므마누에르
499642,Harley Irwin,흐아르레이 이루이느,이루이느
500047,Bernardo Lima,베르나르도 피느토 리마,피느토
500088,E. Biterge,엔진 찬 비테르게,비테르게
500094,Luca Meirelles,루카 오리바이라 마이레르레스,오리바이라
501265,Denis Colibasanu,데니스 코리바사누,코리바사누
501846,A. Shehu,아이도느 시에흐우,시에흐우
501856,V. Kovac,비토 코바츠,코바츠
502903,Efe Berat Töruz,에페 베라트 트외루즈,트외루즈
503127,M. Popa,마타이 포파,포파
503207,A. Graham,알렉스 그라흐아므,그라흐아므
503208,C. Hatton,치아르리 흐아트토느,흐아트토느
503217,B. Siaw,브리그트 쿠아메 시아우,시아우
503414,G. Brierley,브라일리,브라일리
503441,K. Brunson,칼렌 브런슨,브런슨
503466,A. De Ridder,알렉산더 리드데르,리드데르
503522,J. Mwaro,조 무와로,무와로
503523,S. Campbell,세브 캠벨,캠벨
503576,A. Wellens,아르피 우에르레느스,우에르레느스
503645,Y. Alao,이사 알라오,알라오
503662,A. Moore,알렉산더 지아메스 무레,무레
503702,Bernard Nguene,버나드 누에네,누에네
503906,N. Chioma,나단니엘 치오마,치오마
503916,M. Ani,마이클 아니,아니
503921,F. Thomas,프레이저 토마스,토마스
504024,Justin Eversen,저스틴 에버센,에버센
504143,Niko Vučetić,니코 부츠에티츠,부츠에티츠
504144,Dominik Thaqi,도미니크 트흐아키,트흐아키
504157,D. Coulibaly,지브릴 쿨리발리,쿨리발리
504163,Fran Obiagwu,프라느 오비아구우,오비아구우
504208,K. Myrie,케나이 미리 레이에스,미리
504300,A. DÄncuÈ,안드레이 던쿠스,던쿠스
504407,M. Ayodele,마이클 아요데레,아요데레
504435,E. Bates,에르리스 바테스,바테스
504447,F. Norris,프랭크 노리스,노리스
504648,Raees Bangura-Williams,라이스 반구라-윌리엄스,반구라-윌리엄스
505024,R. Ogam,라므보크 리아느 우에스레이 오가므,우에스레이
505114,R. Matyar,로하트 마티아르,마티아르
505235,S. Kondo,사브리 다흐아리 코느도,코느도
505249,Rodrigo Dias,로드리고 미구에르 아모레스 디아스,아모레스
505270,Olutayo Singerr,올루타요 싱거,싱거
505295,Christian Kofane,크리스티앙 코파네,코파네
505941,R. Tahkola,루페르트 타흐코라,타흐코라
505942,N. Veinbergs,니르스 흐에느리이스 바이느베르그스,바이느베르그스
505988,Bjorn Menzo,비욘 멘조,멘조
506222,M. Seghers,마트티스 세게르스,세게르스
506308,Gustavo Mancha,구스타보 타이크사이라 로페스 코느카이스앙,타이크사이라
506470,Tom Cursons,톰 커슨스,커슨스
507526,Idan Trau,이다느 트라우,트라우
508060,K. Okpaleke,케느네디 다비드 이케치우쿠우 오크파레케,이케치우쿠우
508061,M. Hansen,미켈 브로 한센,한센
508249,R. Cole,리아느 코레,코레
508269,Dean Gardner,데아느 가르드네르,가르드네르
508419,Ç. Balta,차그리 하칸 발타,발타
508804,Petar Raguž,페타르 라구즈,라구즈
508805,Cherno Saho,치에르노 사흐오,사흐오
509155,M. Kikbaev,미라므 키크바에브,키크바에브
509470,Thiago Pitarch,티아고 피타르치,피타르치
510353,Sidoine Fogning,시드와네 슈우느쿠이 포뉴이느그,슈우느쿠이
510799,M. Mbokazi,엠베케젤리 엠보카지,엠보카지
510872,D. Asiedu,다니엘 스에오피루스 아시두,아시두
510898,G. Penev,게오르기 플라멘노프 페네프,페네프
511148,Maxwell Murray,마크수에르르 무르라이,무르라이
511220,V. Iboro,비크토리 수느다이 이보로,이보로
511370,O. Boakye,오포수 보아케,오포수
511607,E. Chukwu,에므마누에르 치우쿠우,치우쿠우
511842,Luca Ilie,루카 이리,이리
512089,O. Bjarkason,오르리 비아르카소느,비아르카소느
512150,F. Konate,파이카르 파푸 코나테,코나테
512794,N. Ceka,나즈이프 케카,케카
512859,S. Isife,사무엘 케레치이 이시페,이시페
512860,C. Jansson,치리스 지아느스소느,지아느스소느
512956,Malik Henry,말릭 헨리,헨리
513117,E. Odede,에리지아흐 오라니이이 오데데,오데데
513193,Stijan Gobec,스티이아느 고베츠,고베츠
513316,Luka Bentt,루카 벤투,벤투
513463,Kajus Kontautas,카이우스 코느타우타스,코느타우타스
513512,N. Mitrovic,니코라 미트로비크,미트로비크
513546,Paulo Cardoso,파울루 모레노,모레노
513578,A. Van Etten,아드리아아느 에트테느,에트테느
514636,D. Beria,다비트 베리아,베리아
514913,Hugo López,우고 로페스,로페스
515007,Tiago Silva,티아고 실바,티아고 실바
515008,André Miranda,안드레 알렉산드르 멘데스 미란다,미란다
515520,A. Trujillo,애슐리 트루히요 카스타뇨,카스타뇨
515790,M. Saidy,모두 사이디,사이디
515967,A. Ouazane,오아잔,오아잔
516185,T. Nicolaysen,티데마느느 아아르투느 니코라이세느,니코라이세느
516186,J. Berg-Hanssen,지에스베르 베르그-흐아느스세느,베르그-흐아느스세느
517235,Mattéo Anselme,마테오 안셀메,안셀메
517249,B. Ágústsson,브레키 프레이르 아구스트스소느,아구스트스소느
518567,Renato Nhaga,르이스 니아가,니아가
518665,Rajan Žlibanović,라이아느 즈리바노비츠,즈리바노비츠
518666,Luca Scandurra,루카 스카느두르라,스카느두르라
519391,B. Filipović,보르느 피리포비츠,피리포비츠
519523,Isaac England,아이작 잉글랜드,잉글랜드
519664,K. Merah,칼리스 메라,메라
519875,Bolu Shofowoke,볼루 쇼포워크,쇼포워크
519876,Moses Alexander-Walker,모세 알렉산더-워커,알렉산더-워커
519877,Riley Lonergan,리레이 로네르가느,로네르가느
519878,Daeshon Lawrence,대슨 로렌스,로렌스
519880,Sean Hogan,세아느 흐오가느,흐오가느
519922,Eirik Granaas,아이리크 지우리우스 그라나아스,그라나아스
520001,J. Jarnskor,이아쿠프 마르틴 이아르느스코르,이아르느스코르
521018,Eyup Degirmenci,에이위프 데이르메느지이,데이르메느지이
521872,C. Dreyer,카스사느데르 크라네 드레이에르,드레이에르
521873,M. Olsen,마트흐이아스 브리크스 오르세느,오르세느
521874,E. Lukaszka,에리크 루카슈카,루카슈카
522220,B. Þorsteinsson,비르키르 토르스타이느스소느,토르스타이느스소느
522222,A. Wilkie,알렉스 윌키,윌키
522293,Dan Kohout,다느 코흐우트,코흐우트
522427,K. Björgvinsson,크리스티느느 나르피 비오르그비느스소느,비오르그비느스소느
524214,Cassiano Kiala,카프틴 키알라,키알라
524275,J. Tabor,제이크 테이버,테이버
524315,Y. Rahmouni,야시르 살라 라문니,라문니
524421,David Gerasimou,다비드 게라시무,게라시무
524444,Lasse Madsen,라스세 브루우느 마드세느,브루우느
524516,R. Lamptey,라피크 램프티,램프티
524571,T. Zorko,티이이아느 즈오르코,즈오르코
524705,T. Peters,피터스,피터스
524875,E. Mbodji,아드주이 이우스수파 므보드주이,므보드주이
525275,Jamie Atangana,제이미 아탄가나,아탄가나
525644,Sadat Seidu,사다트 사이두,사이두
525694,Tiago Gonçalves,티아고 마누엘 고느사르베스 시르바,고느사르베스
525824,Abdoulaye Diarra,압둘라이 디아라,디아라
525841,Viggo Plantinga,비고 플란팅아,플란팅아
525873,Fate Kotey,페이트 코테이,코테이
525877,Efe Üstün,에페 이이이트 위스트위느,위스트위느
526429,William Heater,윌리엄 벤자민 히터,히터
526430,Finn Moylan,핀 모일런,모일런
526431,Leo Graham,레오 그레이엄,그레이엄
526436,Donald Kamwa,도날드 캄와,캄와
526451,T. Bruyère,테오 브리에르,브리에르
526480,C. Stones,스톤스,스톤스
526483,E. Hartmann,흐아르트마느느,흐아르트마느느
526484,W. Gary,가리,가리
526485,C. Croose,찰리 크루스,크루스
527291,Micah Olabiyi,마이카 올라비이,올라비이
527402,Sulyman Krubally,술리만 크루발리,크루발리
527616,E. Clark,크라르크,크라르크
527753,George Gryba,조지 그리바,그리바
528217,M. Savage,사바게,사바게
528244,Franck Atoen,프라느크크 레로이 아토에느,아토에느
529160,Ellis James,엘리스 제임스,제임스
529351,J. Rodríguez,로드리게스,로드리게스
529413,Jude Robertson,주드 로버트슨,로버트슨
529476,Tahsin Bülbül,타흐시느 브위르브위르,브위르브위르
529600,E. Ceesay,에브리마 쎄샤이,쎄샤이
529859,Devrim Sahin,데브리므 슈아흐이느,슈아흐이느
531305,Sadat Seidu,사닷 세이두,세이두
531323,Samy Merzouk,삼이 메르조크,메르조크
531324,João Aragão,조아오 아라갈,아라갈
531344,E. Ceesay,에브리마 케에사이,케에사이
531370,Marius,마리우스 마리우스,마리우스
531402,I. Toure,투레,투레
532000,M. Abish,아비시,아비시
532001,A. Bazarbaev,바자르바에프,바자르바에프
532067,M. Birkurmanov,비르쿠르마노브,비르쿠르마노브
532218,D. Buch,부치,부치
533726,Y. Agbagno,이아우오 아그바뉴오,아그바뉴오
535046,A. Amaimouni,아마이무니,아마이무니
535099,L. Penna,페느나,페느나
535120,Y. Spalt,스팔트,스팔트
535544,J. Russell,러셀,러셀
535837,G. Herbert,허버트,허버트
535861,J. Hall,홀,홀
535870,A. Knight,나이트,나이트
535901,A. Arroyo,아로요,아로요
536446,Artur,아르투르 모라이스,모라이스
538360,A. Maglione,마글리오네,마글리오네
538376,N. Kengni,케느그니,케느그니
538378,O. Lynch,리느치,리느치
538383,R. Linney,리느네이,리느네이
538387,A. Abdulmalik,알리 압둘말릭,압둘말릭
538390,M. Omrore,오므로레,오므로레
538392,S. Kamara,카마라,카마라
538397,J. Home,흐오메,흐오메
538398,C. Bone,보네,보네
538399,F. John,지오흐느,지오흐느
538420,J. Benton,베느토느,베느토느
538423,J. Buyabu,부이아부,부이아부
538461,J. Pinnington,피느니느그토느,피느니느그토느
538468,J. Balagizi,바라기즈이,바라기즈이
538470,B. Williams,우이르리아므스,우이르리아므스
538479,T. Works,우오르크스,우오르크스
538480,T. Pemberton,페므베르토느,페므베르토느
538491,C. Bell,베르르,베르르
538503,L. Mendy,메느디,메느디
538535,P. Leech,레에치,레에치
540211,M. Milickovic,마르코 밀리코비치,밀리코비치
540283,M. Galic,마리느 가리츠,가리츠
541473,C. Ecua,케레스티네 에쿠아,에쿠아
542644,A. Jasim,자심,자심
542861,R. Sato,사토,사토
543009,M. Al Rubaie,알 루바이에,루바이에
543070,M. Jawad,자와드,자와드
543467,Adrian Perez,에드리안 페레즈,페레즈
543468,Eder Aller,에더 알레르,알레르
543469,Mathis Jangeal,마티스 장절,장절
543470,Pape Cabral,파페 카브랄,카브랄
543471,Ken Izekor,켄 이제코르,이제코르
543961,F. Sancl,산클,산클
543964,L. Lurvink,루르빈크,루르빈크
544040,Z. Toth,토트흐,토트흐
544044,J. Navarro Jimenez,하비에르 나바로 히메네스,나바로
544046,A. Rezek,레제크,레제크
544615,T. Adelusi,아데루시,아데루시
544644,J. A. Morante,하비에르 알레한드로 모란테,모란테
544666,K. Flavell,플라벨,플라벨
544671,T. Avery,에이버리,에이버리
544681,K. Barria,바리아,바리아
544790,Y. Ozcan,이아시느 오즈지아느,오즈지아느
544926,E. Yasar,에미르 이아사르,이아사르
545291,K. Osypenko,오시펜코,오시펜코
545348,B. Redushko,레두슈코,레두슈코
545973,S. Mandey,만데이,만데이
545974,D. Iddrisa,이드드리사,이드드리사
545996,J. Lienou,리누,리누
546006,S. Drozd,드로즈드,드로즈드
546460,S. Lawal,라왈,라왈
546536,N. Oyekunle,오이에쿠느레,오이에쿠느레
546654,C. Bates,베이츠,베이츠
546703,T. Rowe,로우에,로우에
546713,J. Osei Kyremeh,오세이 키레메,오세이 키레메
546754,J. Scanlon,스캔런,스캔런
546756,P. Nash,나슈,나슈
546763,K. Nga,응가,응가
546963,N. Dupont,뒤퐁,뒤퐁
548691,R. Marina,마리나,마리나
548704,J. Morcillo,모르시요,모르시요
548706,I. Luque,루케,루케
548707,M. Llorente,요렌테,요렌테
548734,C. Macia,마시아,마시아
548807,J. A. Gaitan Diaz,가이탄 디아스,가이탄
548867,T. Seidu,테이 세이두,세이두
549163,J. Kivijarvi,키비야르비,키비야르비
549360,N. Mattila,마트틸라,마트틸라
549770,K. Vella,벨라,벨라
550216,Vasilios Lavdas,바실리오스 라브다스,라브다스
550217,Benjámin Gólik,벤자민 골릭,골릭
550364,M. Tomasko,토마스코,토마스코
550371,T. Alaa,알라,알라
550372,N. Mansy,만시,만시
550561,I. Motev,모테프,모테프
550566,A. Salido Tajero,살리도 타헤로,살리도
550627,A. Jagusic,아조시치,아조시치
550823,A. Stepanov,스테파노프,스테파노프
550893,E. Aydin,에이우프 아이디느,아이디느
550902,M. Figueiredo,피게이레두,피게이레두
550932,D. Banjaqui,반자키,반자키
550939,K. Pinto,핀투,핀투
551129,M. Verkuijl,페르카위르,페르카위르
551253,J. Kana,카나,카나
551416,Y. Khafi,카피,카피
551417,T. Sajous,사주우스,사주우스
551532,D. Suchy,수키,수키
551537,J. Chalupa,치아루파,치아루파
551688,A. Rajnoha,라지노하,라지노하
551763,E. Pitak,피탁,피탁
551776,M. E. Suleiman,술레이만,술레이만
551803,M. Kovar,코바르,코바르
552632,P. Vujovic,페타르 부이오비츠,부이오비츠
552711,M. Rakcevic,마티이아 라크츠에비츠,라크츠에비츠
553061,K. Thompson-Sommers,스오므프소느-소므메르스,스오므프소느-소므메르스
553065,E. Mayers,에릭 메이어스,메이어스
553529,H. Dudziak,두지악,두지악
553530,I. Ibrahim,이브라힘,이브라힘
553625,L. Skinner,스키너,스키너
553701,F. Geragusian,게라구시안,게라구시안
553732,M. Matthews Lewis,매튜스 루이스,루이스
553958,N. Oriola,오리오라,오리오라
554280,J. T. Bi,제이든 티 비,티 비
554286,O. Marcos,마르코스,마르코스
554287,A. Arcos,아르코스,아르코스
554300,C. Adamson,아담슨,아담슨
555376,S. Pikolon,피콜론,피콜론
555407,V. Skrkon,스크르콘,스크르콘
555415,T. Frydl,프리들,프리들
555416,H. Kante,칸테,칸테
555441,M. Moucka,무우카,무우카
557335,S. Ridgeon,리드게오느,리드게오느
557342,A. Cresswell,크레스웰,크레스웰
557343,R. Chadwick-Chaplin,치아두이크크-치아프리느,치아두이크크-치아프리느
557347,B. Bateman,바테마느,바테마느
557366,L. Howard,하워드,하워드
557372,B. Williams,우이르리아므스,우이르리아므스
557379,R. Kavuma McQueen,카부마 므크쿠에에느,므크쿠에에느
557383,Z. Baumann,바우만,바우만
557387,K. M. Brown,브라운,브라운
557391,T. Thompson,테이 톰슨,톰슨
557410,W. Tamen,타멘,타멘
557413,J. Drakes-Thomas,드라케스-토마스,드라케스-토마스
557414,D. Benamar,베나마르,베나마르
557419,R. Otegbayo,오테그바이오,오테그바이오
557442,C. O'Neill,오나이르르,오나이르르
557450,S. Sillah Dibaga,시르라흐 디바가,디바가
557452,J. Thompson,스오므프소느,스오므프소느
557457,J. Bickerton,비커턴,비커턴
557460,T. Fletcher,토미 플레처,플레처
557462,S. Lacey,라케이,라케이
557468,K. Gray,그라이,그라이
557475,B. Casey,케이시,케이시
557485,G. Wynne,윈,윈
557488,J. Jones,지오네스,지오네스
557501,N. Dlamini,드라미니,드라미니
557506,R. Hollingshead,흐오르리느그슈에아드,흐오르리느그슈에아드
557509,W. Burrell,버렐,버렐
557511,M. Mazwi,마즈우이,마즈우이
557512,G. Kelly,켈리,켈리
557515,H. Price,프라이스,프라이스
557522,T. Dobson-Ventura,도브소느-베느투라,도브소느-베느투라
557541,A. Golambeckis,골람베키스,골람베키스
557553,R. Canoville,카노빌,카노빌
557573,A. Brooks,브룩스,브룩스
557584,G. King,킹,킹
557586,K. Pennant,페느나느트,페느나느트
559860,I. Lee,이,이
559952,B. Maierhofer,마이어호퍼,마이어호퍼
560734,O. Varney,바니,바니
560758,P. Croker,크로커,크로커
560769,S. Kuffour,쿠포르,쿠포르
560770,R. Domi,도미,도미
560813,R. Tankiewicz,탄키에비치,탄키에비치
560905,J. Cestero Sancho,케스테로 사느치오,사느치오
560930,H. Burcio,부르시오,부르시오
560954,A. Hierro,히에로,히에로
560978,E. Garcia,가르시아,가르시아
560981,E. Gift,기프트,기프트
561032,L. Fati,파티,파티
561033,J. Martinez,마르티네스,마르티네스
561180,L. Stamellos,스타멜로스,스타멜로스
561219,A. Vincent,뱅상,뱅상
561571,A. Sousa,소우사,소우사
561707,V. Prisco,브리스코,브리스코
561812,C. Garofalo,가로팔로,가로팔로
561885,G. Koloto,코로토,코로토
562597,L. Bovo,보보,보보
562661,T. Mmadi,테이 엠마디,엠마디
562806,L. Stewart,스테우아르트,스테우아르트
563400,F. Pascoal,파스코아르,파스코아르
563846,S. Cinquegrano,칭쿠에그라노,칭쿠에그라노
563858,Y. Maye,마이에,마이에
565594,V. Zahradnicek,자흐라드니체크,자흐라드니체크
565597,A. Hoog,호흐,호흐
565601,I. G. Bokos,보코스,보코스
566059,R. Elloumi,라얀 엘루미,엘루미
566821,A. Gil,길,길
567694,J. Neto,네토,네토
567695,A. Cabral,카브랄,카브랄
567755,S. Keita,케이타,케이타
567794,H. N. Chooly,치우리,치우리
567804,N. Nsoki,느소키,느소키
567805,P. Mounguengue,무은게응게,무은게
567867,D. Ofli,오플리,오플리
567902,A. Arapovic,아라포비치,아라포비치
567934,A. Flynn,플린,플린
567959,E. C. Owen,오언,오언
567973,A. Staff,스태프,스태프
567978,E. C. Karasu,카라수,카라수
567984,C. Akgun,지이흐아느 아크구느,아크구느
567998,S. Alabi,알라비,알라비
568001,X. Espart,에스파르트,에스파르트
568008,F. Samba,사므바,사므바
568042,M. Cardozo,마르틴 카르도소,카르도소
568050,E. Arac,에게 아라치,아라치
568058,U. Lamare El Kadmiri,라마레 엘 카드미리,카드미리
568060,K. Bezahaf,카림 베자하프,베자하프
568066,M. Eboue,에부에,에부에
568097,K. Lee,이,이
568099,G. Ankamafio,안카마피오,안카마피오
568115,D. Spinelli,스피넬리,스피넬리
568131,Y. Hamoutahar,아무타아르,아무타아르
568147,S. Coulibaly,쿨리발리,쿨리발리
568156,S. Sanchez,산체스,산체스
568225,L. Reggiani,레그기아니,레그기아니
568241,M. Clement,크레메느트,크레메느트
568242,P. N'Zinga Pambani,느징가 팜바니,팜바니
568247,R. Ouro Bang Na,우로 바느그 나,나
568255,G. Michael,마이클,마이클
568266,M. James,주아메스,주아메스
568268,D. Lucea,루세아,루세아
568269,T. Cordier,코르디에,코르디에
568273,A. Vignaud,비뇽노,비뇽노
568316,L. Prescott,프레스코트트,프레스코트트
568342,M. Bogdan,보그단,보그단
568379,J. Schlich,슈리흐,슈리흐
568380,F. Pohl,폴,폴
568393,Y. Kahraman,유수프 카라만,카라만
568413,T. Samba,테이 삼바,삼바
568439,A. Yilmaz,아르다 이이르마즈,이이르마즈
568933,H. Parker,에이치 파커,파커
568941,Stan Straw,스탠 스트로,스트로
568943,Jack Burke,잭 버크,버크
568944,Christy Edwards,크리스티 에드워즈,에드워즈
568945,Joe Astles,조 애스틀스,애스틀스
568946,Oben McLloyd,오벤 맥로이드,맥로이드
568950,Harrison Bettoni,해리슨 베토니,베토니
568951,James Knott,제임스 낫,낫
568952,Sam Bolland,샘 볼랜드,볼랜드
568953,Eliot Smith,엘리엇 스미스,스미스
568955,W. Spiers,스피어스,스피어스
568958,Louie Dayal,루이 다이얼,다이얼
568960,T. Parfitt,파핏,파핏
568961,Axel Donczew,악셀 돈체프,돈체프
568962,Jack Kingdon,잭 킹던,킹던
568978,L. McDougald,므크두가르드,므크두가르드
568979,Jamal Williamson,자말 윌리엄슨,윌리엄슨
568980,Matty Lay,매티 레이,레이
568990,Mekhi Savage,메카이 새비지,새비지
569021,D. Mesonero,메소네로,메소네로
570093,C. Ibeh,이베흐,이베흐
570124,V. Joseph,조제프,조제프
570128,J. Thwaites,스우아이테스,스우아이테스
570214,S. Sunta,수느타,수느타
571695,T. Ouma,테이 오우마,오우마
573613,K. Thermoncy,트흐에르모느키,트흐에르모느키
573755,C. Stevens,스티븐스,스티븐스
574217,T. Algarin,알가린,알가린
574288,D. Drabek,드라베크,드라베크
574516,D. Macharacek,마하라체크,마하라체크
574662,C. Isaiah,이사야,이사야
574669,Joziah Barnett,조자이어 바넷,바넷
574674,K. Steinmann,스타이느마느느,스타이느마느느
574725,H. Janyszka,야니슈카,야니슈카
574756,W. Makowski,마코우스키,마코우스키
574772,J. Drakes-Thomas,드라케스-토마스,드라케스-토마스
575119,E. Kujovic,쿠요비치,쿠요비치
575305,L. Merencia,메렌시아,메렌시아
575312,H. Bardsley,바즈슬리,바즈슬리
576889,I. Ben Simon,베느 시모느,시모느
576978,Lucas Swann,루카스 스완,스완
576979,Ryan Chadwick,라이언 채드윅,채드윅
576980,G. Elder,엘더,엘더
576989,L. Dobbs,돕스,돕스
577002,J. Stephenson,스테페느소느,스테페느소느
577171,O. Grezda,그레즈다,그레즈다
577841,J. Rivera,리베라,리베라
578928,A. Dausch,다우슈,다우슈
579072,E. De Chiara,데 키아라,데 키아라
579077,F. Barido,바리도,바리도
579244,Juan Hernández,후안 에르난데스,에르난데스
579298,J. Myers,미에르스,미에르스
579354,T. Babalola,테이 빠발로라,빠발로라
580231,Lucas Gardenier,루카스 가르데니에,가르데니에
580674,Sydney Agina,시드니 아기나,아기나
580675,George Shepherd,조지 셰퍼드,셰퍼드
580676,A. Mohammed,모하메드,모하메드
580853,T. Woodward,우드워드,우드워드
580867,M. Balde,발데,발데
581890,J. Lawson,로손,로손
581963,Bright Siaw,브라이트 시아우,시아우
581972,Patrick Matejko,파트리크 마테이코,마테이코
581989,C. Okike,오키케,오키케
583772,M. Ani,마이클 아니,아니
583774,C. Agu,아구,아구
583812,G. Iorpenda,이오르펜다,이오르펜다
583829,W. Earley,얼리,얼리
583870,T. Spencer-Clarke,스페느케르-크라르케,스페느케르-크라르케
583902,P. Horvat,흐오르바트,흐오르바트
584077,T. Hall,홀,홀
584080,F. Claxton,클랙스턴,클랙스턴
584312,L. Pearce,피어스,피어스
584313,T. George,조지,조지
584319,L. Derrick,데릭,데릭
584426,F. Castaldo,카스타르도,카스타르도
584692,C. Mate,마테,마테
584886,A. Ouarghi,와르기,와르기
584888,J. Zinhagel,친하겔,친하겔
584890,R. Tarnutzer,타르누처,타르누처
584905,M. Luxton,럭스턴,럭스턴
585029,K. Muir,뮤어,뮤어
585034,J. Dennis,데니스,데니스
585144,H. McGlinchey,맥글린치,맥글린치
585152,J. Bryant,브리아느트,브리아느트
585333,T. Goncalves,고느카르베스,고느카르베스
585338,J. McKoy,맥코이,맥코이
585359,T. English,잉글리시,잉글리시
585527,Eddie Oshodi,에디 오쇼디,오쇼디
585529,Iago Scott-Abel,이아고 스콧에이블,스콧에이블
585530,Alfie Jones-Mellor,알피 존스멜러,존스멜러
585709,C. Guner,캐리 군너,군너
585845,Julius Emefile,줄리우스 에메필,에메필
585850,M. Pimpong,피므포느그,피므포느그
586021,G. Ajdin,아지딘,아지딘
586133,V. van der Velde,판 데르펠더,데르펠더
586148,A. Novak,노바크,노바크
586262,Tyrelle Newton,타이렐 뉴튼,뉴튼
587308,Austin Uzondu,오스틴 우존두,우존두
588468,Malik Olayiwola,말릭 올라이월라,올라이월라
592148,Elias Lorenz,엘리아스 로렌츠,로렌츠
593001,Tom Finch,톰 핀치,핀치
593004,Alex Whitney,알렉스 휘트니,휘트니
593005,Harry Showman,해리 쇼만,쇼만
593007,Harrison Iwunze,해리슨 이운제,이운제
593008,Rohat Matyar,로하트 매타이어,매타이어
593011,Conor Haughey,코너 하우히,하우히
593015,Excel Iwhiwhu,엑셀 이휘후,이휘후
593016,Solomon Butterfield,솔로몬 버터필드,버터필드
593017,Jack Steel,잭 스틸,스틸
593021,Harrison Pugh,해리슨 퓨,퓨
593026,Matthew Apter,매튜 앱터,앱터
593029,Dylan Suleiman,딜란 수레이만,수레이만
593038,George Sebine,조지 세빈,세빈
593044,Ethan Hodgett,이선 호젯,호젯
593046,Jack Lorentzen-Jones,잭 로렌첸-존스,로렌첸-존스
594887,Elio Rufener,엘리오 루페너,루페너
594897,Renato Widmer DâAutilia,레나토 비드머 다우틸리아,다우틸리아
595009,Aleksandar Radic,알렉산다르 라디치,라디치
595013,Nicolo Puddu,니콜로 푸두,푸두
597312,Divine Okwara,디바인 오콰라,오콰라
597314,Aaron Liwala-Lukizalamu,아론 리왈라-루키잘라무,루키잘라무
597315,Santiago Correa Colorado,산티아고 코레아 코로라도,코레아
597760,Antonio Palac,안토니오 팔라크,팔라크
597761,Theodor Lundbergh,테오도르 룬드베리,룬드베리
597936,R. Radu,라두,라두
598001,B. Hoch,호흐,호흐
598066,Vincent Manuba,빈센트 마누바,마누바
598067,Mike Arthur,마이크 아서,아서
598615,E. Lulli,루르리,루르리
600926,H. Fox,폭스,폭스
601127,V. Hidalgo,히달고,히달고
601332,Kilian Belazzoug,킬리안 벨라주그,벨라주그
601832,Thomas Lopes,토마스 로페스,로페스
602697,E. Sayar,사야르,사야르
602698,A. Yuzgec,아다 이우즈게지,이우즈게지
602727,D. Makevic,마케비치,마케비치
602732,M. Mardochee,마르도셰,마르도셰
603520,P. Ojemen,오지에메느,오지에메느
603533,Enguerrand Bouard,엥게랑 부아르,부아르
603812,Ed Nolan,에드 놀런,놀런
603818,Brad-Hamilton Mantsounga,브래드-해밀턴 만숭가,만숭가
605287,Lucas Thomas,루카스 토마스,토마스
606054,R. Cunha,쿠냐,쿠냐
606266,Ed Nolan,에드 놀런,놀런
606267,Ange Lago,앙제 라고,라고
606826,N. Radnic,라드니치,라드니치
607082,J. Telusson,테루스소느,테루스소느
607431,R. Palan,팔랑,팔랑
608266,M. Arthur,아서,아서
610481,Nikos Szczesny,니코스 시체스니,시체스니
610482,Mila Shaw,밀라 쇼,밀라
610483,V. Manuba,빈센트 마누바,마누바
610563,C. Holland,홀랜드,홀랜드
610569,D. Saric,사리치,사리치
610742,C. De Roa,데 로아,데 로아
610763,D. Boly,볼리,볼리
610812,V. Roganovic,로가노비치,로가노비치
610833,B. Dunga,둥가,둥가
610936,D. Anokic,아노키치,아노키치
611320,Theodor Lundbergh,테오도르 룬드베리,룬드베리
611321,Brad-Hamilton Mantsounga,브래드-함민턴 만츠운가,만츠운가
611325,Antonio Palac,안토니오 팔라크,팔라크
611326,Viggo Karlsson,빅고 칼슨,칼슨
611327,Deniz Şeker,데니즈 세케르,세케르
612915,Nikos Szczesny,니코스 시체스니,시체스니
612916,Mila Shaw,밀라 쇼,쇼
613514,Thomas Lopes,토마스 로페스,로페스
613789,C. Smith,스미스,스미스
613795,J. Abbey,아브베이,아브베이
614417,Ashton Sizer,애슈턴 사이저,사이저
614716,Charles Price,찰스 프라이스,프라이스
615628,Junior Nkeng,주니어 은켕,은켕
615629,Archie Howard,아치 하워드,하워드
615661,Jakob Glover,야콥 글로버,글로버
615663,Jacob Cane,제이콥 케인,케인
615664,Jake Hicks,제이크 힉스,힉스
615686,Jayden Dennison,제이든 덴니슨,덴니슨
615688,Brian Nelson,브라이언 넬슨,넬슨
615690,Luke Holness,루크 홀네스,홀네스
615692,Harvey Walker,하비 워커,워커
615949,Finley Evans,핀리 에번스,에번스
616142,Matteo Franceschelli,마테오 프란체셀리,프란체셀리
616143,Riccardo Gnudi,리카르도 뉴디,뉴디
616148,Petar Markovic,페타르 마르코비치,마르코비치
616154,Luca Lai,루카 라이,라이
616161,Simone Negri,시모네 네그리,네그리
616727,Y. Sen,세은,세은
616747,Marcel Guzynski,마르첼 구진스키,구진스키
616753,J. Matton,마트통,마트통
616754,Riley Carroll,라이리 캐럴,캐럴
616756,Patrick Mlynarski,파트리크 믈리나르스키,믈리나르스키
616757,G. Vorster,보르스테르,보르스테르
616760,A. Debono,데보노,데보노
616761,Kaion Lisbie,카이온 리스비,리스비
616764,Jack Sykes,잭 사이크스,사이크스
616767,C. Jarvis,자비스,자비스
618443,J. Fernandez,페르난데스,페르난데스
619650,O. Matanovic,마타노비치,마타노비치
619667,C. Geitonas,게이토나스,게이토나스
619756,S. Baucal,바우찰,바우찰
619922,P. Moreno,모레노,모레노
619942,L. Scarlett,스칼렛,스칼렛
619976,J. Brundic,브룬디치,브룬디치
620019,F. Hale,흐아레,흐아레
620027,L. Pristach,프리스타치,프리스타치
620060,R. Huli,훌리,훌리
620095,Y. Peverelli,페베렐리,페베렐리
620199,James Butterworth,제임스 버터워스,버터워스
620200,Harry Williamson,해리 윌리엄슨,윌리엄슨
620201,Shay Mannix,셰이 매닉스,매닉스
620202,Tobias Ritchie,토비어스 리치,리치
620203,David Amos,데이비드 에이모스,에이모스
620204,Zac Scutt,자크 스컷,스컷
620205,Samuel Oyemade,사무엘 오이에마데,오이에마데
620206,Robbie Meakin,로비 미킨,미킨
620207,Kairo Piper,카이로 파이퍼,파이퍼
620208,Spencer Tootel,스펜서 투텔,투텔
620209,Isaac Irwin,아이작 어윈,어윈
620210,Henry De-Long,헨리 드롱,드롱
620211,Sam Hayman,샘 헤이먼,헤이먼
620212,Tom Hill,톰 힐,힐
620213,Kian Osborne,키언 오스본,오스본
620214,Rex Porter,렉스 포터,포터
620460,Daniel Ola,다니엘 올라,올라
620461,Harry Watts,해리 와츠,와츠
620462,Jacob Hobson,제이컵 홉슨,홉슨
620463,Riley Hilaire-Clarke,라일리 힐레어-클라크,클라크
620763,A. Kerr,커,커
620944,Angelos Vyntra,안젤로스 빈트라,빈트라
623922,A. Hamdani,함다니,함다니
624605,S. van Persie,페르시,페르시
624608,F. Fall,폴 팔,팔
624610,M. Ishuayed Sanchez,이슈아예드 산체스,산체스
624708,O. Shield,슈이르드,슈이르드
625426,Kamil Efe Üregen,카밀 우레겐,우레겐
625427,Haydar Karataş,하이다르 카라타슈,카라타슈
625429,Sotiris Terzis,소티리스 테르지스,테르지스
625548,Jack Phillips,지아크크 피르리프스,피르리프스
625629,Elias Legendre Quiñonez,엘리아스 레전드레 키뇨네스,키뇨네스
626330,Dani Tijman,다니 티이만,티이만
626381,Noah Williams,노아 윌리엄스,윌리엄스
626383,Malcom Dacosta,말컴 다코스타,다코스타
626505,Zacharias Ioannides,자카리아스 이오아니디스,이오아니디스
626506,Charlie Booth,찰리 부스,부스
626507,Vladimir Paternoster,블라디미르 파테르노스테르,파테르노스테르
626590,P. Sykut,시쿠트,시쿠트
626591,D. Moses,모세스,모세스
626593,C. Headman,헤드만,헤드만
626686,M. Bah,바,바
626707,E. Morucci,모루크치,모루크치
626713,M. Seck,세크,세크
626715,D. Baroncioni,바론초니,바론초니
627221,T. Husar,티 호우사르,호우사르
627228,Mardochee Miguel,마르도흐에에 미구에르,미구에르
628065,Luke Hunter,루크 헌터,헌터
628356,F. Pavic,파비치,파비치
628378,Ruben Salchli,루벤 살클리,살클리
628379,Zadig Lanssade,자딕 랑사드,랑사드
628439,Luisinho,루이신호,신호
628624,P. Pittel,피트텔,피트텔
629146,Fran Škalamera,프란 슈칼라메라,슈칼라메라
629147,Kim Tovmasyan,킴 토브마샨,토브마샨
629173,H. Agboluaje,아그볼와제,아그볼와제
629206,J. Schaken,제이 샤켄,샤켄
629379,M. Brignone,브리뉴오네,브리뉴오네
629879,S. Noumbissie,세 누음비시에,누음비시에
630296,Muhammet Talha Akyüz,무흐아므메트 아키우즈,아키우즈
630520,Sami Bircan Ahmet,사미 비르지아느 아흐메트,비르지아느
630584,Alaettin Ekici,알라에딘 에키치,에키치
630605,C. Llyton,르리토느,르리토느
630699,Saad Boussadia,사아드 부사디아,부사디아
630702,Matah Yondjio,마타 욘지오,욘지오
630895,Bara Ndiaye,바바카르 노디아예,노디아예
631551,Vasileios Nikolakoulis,바실레이오스 니콜라쿨리스,니콜라쿨리스
631673,Badra Diabbate Ali,바드라 디아브바테 아리,디아브바테
631674,Saikuba Jarju,사이쿠바 지아르지우,지아르지우
631782,S. Djoho,세 드조호,드조호
632115,A. Moseley,모세레이,모세레이
632812,E. Boateng,보아테느그,보아테느그
632813,J. Kay,카이,카이
632814,A. Nahany,나하니,나하니
633057,A. Pagda,아리 파그다,파그다
633088,M. Ninic,니니치,니니치
633096,G. Vianney,비야네,비야네
633697,Kayyum Alabi,카윰 알라비,알라비
633948,Mohamed Abdalla,모하메드 압달라,압달라
634116,Dawid Gawel,다비드 가웰,가웰
634176,A. Samateh,사마테,사마테
634181,M. Momoh,모모,모모
634588,Amari Sealey,아마리 실리,실리
634664,Z. Lawson,로손,로손
634852,N. A. Aziz,아지즈,아지즈
635194,M. Sanchez,산체스,산체스
635804,Pedro Caldieraro,페드루 카르디라로,카르디라로
635853,Petr Kubín,페트르 쿠빈,페트르
635854,Lotem Asres,로템 아스레스,아스레스
635855,Itay Zafrani,이타이 자프라니,이타이 자프라니
635856,Matys Youst,마티스 요스트,요스트
636187,Noah Stassin,노아 스타생,스타생
636707,Daniel Ezendu,다니엘 에젠두,에젠두
637438,Alexander Smith,알렉산더 스미스,스미스
637439,Yanis Sofikitis,야니스 소피키티스,소피키티스
637590,Iason Skarlatidis,이아손 스칼라티디스,이아손 스칼라티디스
637591,Kéfren Ali,케프렌 알리,알리
637592,Nektarios Kaloskamis,네크타리오스 칼로스카미스,네큤타리오스
637593,Prince Mbatshi Mukuba,프린스 임바치 무쿠바,프린스
638225,M. Lekic,레키치,레키치
638229,D. Jovanovic,요바노비치,요바노비치
638308,D. Suhovrsnik,수호브르스니크,수호브르스니크
638543,E. Albak,에네스 아르바크,아르바크
638879,M. Thelwell,스에루에르르,스에루에르르
639621,V. Lahtela,라흐텔라,라흐텔라
639751,I. Martinovic,마르티노비치,마르티노비치
640520,S. Denarie,드나리에,드나리에
640757,Mehmet Karsli,메흐메트 카르슬리,카르슬리
640924,L. Serifi,세리피,세리피
642428,W. Etheridge,에서리지,에서리지
643580,Hulusi Efe Ceylan,훌루시 에페 제일란,제일란
644159,J. Mercer,머서,머서
644248,George Thomason,게오르게 스오마소느,스오마소느
644430,Harry Haysom,흐아르리 흐아이소므,흐아이소므
644431,Oliver Muldoon,오리베르 무르두느,무르두느
644432,Yusuf Mersin,이우수프 메르시느,메르시느
644433,Kaleb Parkinson,카레브 파르키느소느,파르키느소느
644454,Harley Hamilton,흐아르레이 흐아미르토느,흐아미르토느
645969,Steeve Kango,스티브 강고,강고
646483,Jaden Charles,제이든 찰스,찰스
646484,Aaron Roberts,애런 로베르트스,로베르트스
646997,Álvaro Moreno,알바로 모레노,모레노
647368,Marvel Ekpiteta,마르베르 에크피테타,에크피테타
647369,Crossley Lema,크로스스레이 레마,레마
647370,Jerry Puemo,지에르리 푸에모,푸에모
647371,Kurtis Cumberbatch,쿠르티스 쿠므베르바트치,쿠므베르바트치
647380,Joel Sullivan,지오에르 수르리바느,수르리바느
647548,A. E. Fettahoglu,페타호울루,페타호울루
647769,Denzel Gayle,데느즈에르 가이레,가이레
647770,Danny Waldren,다느니 우아르드레느,우아르드레느
647772,Keenan Quansah,케에나느 쿠아느사흐,쿠아느사흐
647773,Danny Greenslade,다느니 그레에느스라데,그레에느스라데
648240,Oliver Hall,올리버 홀,홀
648453,Josip Jurcevic,요십 유르체비치,유르체비치
648615,Erblin Osmani,에르블린 오스마니,오스마니
653081,B. Childs,차일즈,차일즈
653226,P. Zaja,자야,자야
653521,I. Grootfaam,흐로트팜,흐로트팜
653941,V. Subotic,수보티치,수보티치
653947,J. Lowe,로,로
655593,Louis Rieder,루이스 리데르,리데르
655909,Frankie McMahon-Brown,프랭키 맥마혼-브라운,맥마혼-브라운
656523,Charlie Bussel,찰리 버슬,버슬
656969,H. Booth,부스,부스
656975,Hilan Hamzaoui Slimani,힐란 함자위 슬리마니,슬리마니
656976,Nouhoum Kamissoko,누우훔 카미소코,카미소코
657165,George Cantrill,게오르게 카느트리르르,카느트리르르
657166,Nathan Newall,나스아느 네우아르르,네우아르르
657672,B. Assomo,아소모,아소모
657908,S. Booth,부스,부스
659070,B. Laurendon,로레느도느,로레느도느
659072,H. Aiston,아이스턴,아이스턴
659073,I. Anderson,아이 앤더슨,앤더슨
659101,Talla Ndiaye,탈라 엔디아예,엔디아예
659241,Tommy Betts,토미 베츠,베츠
660570,Goran Grulović,고란 그룰로비치,그룰로비치
660740,Mataeo Moon-Arnaez,마타에오 문아르나에스,문아르나에스
660741,Edward Lake,에드워드 레이크,레이크
660742,Mohamed Keita,모하메드 케이타,케이타
662188,Nikolas Šimić,니콜라스 시미치,시미치
